requested_amount,term_months,annual_revenue,existing_debt,defaulted
380794.72,36,1656640.76,1015057.03,0
951207.16,12,1533959.86,906260.39,0
734674.0,48,1224751.71,466140.2,1
602671.9,60,2569094.1,690267.09,0
164458.45,24,553530.28,125222.15,0
164434.58,24,579383.99,314886.14,1
67502.78,24,113678.33,87241.67,0
867514.38,60,2076480.95,965239.24,1
605103.86,6,2259603.08,1649558.16,0
710991.85,60,3204537.4,36478.84,0
30378.65,6,143066.49,90929.7,0
970210.75,24,3154609.44,2154226.4,1
834118.21,36,2843642.28,1435456.6,1
220215.72,36,972400.77,726625.31,1
190006.72,6,642543.08,634086.89,1
191570.46,24,112823.94,21710.66,1
311199.82,60,1452616.69,250683.56,0
529508.87,36,2258230.64,1004165.19,0
437625.57,6,2048855.19,1485803.44,0
298316.85,60,675348.98,688788.35,0
615734.37,24,2053667.59,992973.77,0
148098.92,12,658840.62,546268.59,1
299223.2,24,565237.83,52183.69,0
372698.22,24,1595639.43,149057.86,0
461509.28,60,987817.62,289334.15,0
787324.2,60,3407866.38,3003379.36,0
207677.04,48,756360.46,119997.59,0
519092.09,48,1129713.6,179574.01,0
596490.42,60,1882964.95,196836.17,0
55985.91,60,217598.65,106336.81,0
611469.4,12,2273739.89,1251694.91,0
178818.88,12,535627.85,301209.78,1
74401.08,24,345800.06,147270.43,1
949396.68,36,3149549.39,2400980.29,0
965975.71,12,3159257.9,2225464.11,1
810313.37,24,1392018.75,1066432.4,0
311567.63,6,1472911.47,458129.06,1
106695.39,48,226184.41,158832.69,0
687390.7,36,2302213.35,1405040.25,1
445750.97,24,1922295.09,522822.59,0
130817.85,60,294874.75,25145.33,0
500225.14,6,1673656.53,913978.81,0
44044.64,48,103170.04,11262.23,0
910227.2,6,3785573.48,5373209.31,1
266192.18,24,925069.49,969721.65,1
665897.06,12,2993816.92,1628355.07,0
318593.97,48,1475393.7,1093240.36,1
524867.34,6,1979047.57,939240.22,1
551243.18,12,344969.72,390449.48,1
193005.91,36,660518.4,163815.88,0
969888.78,24,2759819.07,2432255.5,1
777381.5,24,2929494.34,1026002.94,0
940103.95,48,4398755.95,3015544.91,0
895879.08,6,2650351.95,832105.59,1
601920.98,36,1565256.44,586372.64,1
922655.49,60,2638360.39,913057.92,0
97607.58,48,295154.75,191525.41,0
204023.03,60,358563.05,273569.03,0
54775.02,48,177720.1,46530.86,0
332077.03,6,1072641.97,407627.89,0
394790.52,36,1405277.94,793618.09,1
278635.54,6,771784.25,552833.15,0
830450.13,24,3027718.68,1195829.46,0
363185.79,60,1661123.58,144708.46,0
288125.16,12,1395721.05,411649.93,0
547269.12,24,1938778.98,2647929.9,0
149514.98,24,246560.42,82356.03,0
804175.01,60,3934286.3,5737431.58,1
83805.14,48,332749.75,9846.6,0
987018.07,24,2641134.78,1452431.15,0
774522.32,36,1560702.71,1239494.1,0
206728.52,24,413863.29,304340.71,1
15466.9,36,32281.05,17645.36,0
817306.81,6,1356323.78,913109.51,1
709788.77,48,84391.89,17265.07,1
731717.1,36,2482488.42,1236149.02,0
773557.64,24,3055442.79,148138.17,0
83304.21,48,366403.55,207291.76,0
364881.07,48,1558185.76,1208993.01,0
124710.37,36,71975.25,49564.88,1
864472.39,36,4223285.79,1805677.24,0
627065.15,12,1904238.31,1201559.47,0
337589.04,12,1629263.49,1230287.9,0
72922.77,48,293989.23,50805.47,0
317872.5,60,555430.91,352480.24,0
331931.49,60,1289965.74,278474.66,1
732310.12,12,2858578.64,2005458.54,1
641181.9,24,2994647.74,235629.68,0
888340.62,6,2492028.6,355300.32,1
477492.78,48,1693757.73,976439.76,0
128398.3,6,198074.46,234710.75,1
716112.34,12,1906479.64,241061.85,0
763177.2,36,1311026.27,582585.33,0
565664.43,48,1881714.07,1256965.79,0
773257.51,12,3372227.64,724266.62,1
498857.64,24,1108735.76,746079.99,0
527505.5,48,1765056.43,1140866.67,1
433265.61,48,959263.16,444411.58,0
35164.94,60,67601.42,34966.85,0
116812.51,36,384136.63,12427.95,0
41114.89,48,73061.99,21458.92,0
640046.31,36,2275839.04,3105619.87,1
321212.42,12,517049.57,763382.91,1
513484.98,24,962015.34,299886.6,1
908490.81,24,3111573.03,883448.26,0
256799.31,48,916754.52,1158100.05,1
416279.09,48,666651.92,318977.66,0
757995.63,12,2658153.29,1941727.96,0
236510.18,60,1048865.61,122010.41,0
86210.11,60,347263.51,16598.81,0
296853.94,60,581580.76,248734.08,0
169609.07,36,127511.52,104.78,0
930400.68,60,3584725.66,2259005.05,1
810039.18,24,1320614.33,534556.04,1
637069.72,36,73624.85,28747.0,1
872745.98,12,4077413.27,1182436.73,0
805635.36,24,3606493.52,4541969.9,1
194704.36,24,854014.24,294555.44,0
893633.41,6,3670490.38,47077.25,0
543948.82,12,2021864.35,135134.6,0
809365.75,12,3136449.72,1267246.18,0
897130.39,6,3877741.62,465708.28,0
324823.44,36,1240417.76,772792.78,0
118951.41,60,314869.66,69141.64,0
235655.81,60,663574.68,51970.98,0
432836.71,60,2008232.98,2318116.46,1
819834.62,60,1278882.41,365349.32,0
862123.28,60,3401828.14,3387187.0,1
16882.61,6,81740.89,9264.55,1
515639.83,12,2048017.55,530595.07,0
423236.89,36,2107166.1,523387.14,0
229886.73,24,898031.17,575017.76,0
128666.71,60,208474.89,239727.26,1
344239.02,6,1512770.28,234078.33,1
943480.61,36,2355120.73,233514.71,0
329970.9,36,1010107.01,512457.58,1
523602.72,36,1357346.7,873722.5,0
705988.77,6,1722569.8,1328064.24,0
369993.31,24,1113650.25,6054.95,0
972064.26,60,2746694.0,908997.75,0
962822.82,36,3578509.17,2101265.76,1
259264.47,6,1126770.96,746877.25,1
502276.02,12,1275685.8,63565.84,1
307869.53,6,107680.82,58631.3,0
291992.09,6,1119536.64,258781.98,0
46518.08,6,178914.13,10677.16,0
613468.69,36,2855058.34,1117133.12,0
507652.23,6,789810.37,99928.92,1
60963.96,12,273462.52,161235.15,0
285860.0,36,950057.88,563393.29,0
909183.23,12,3340845.89,2250574.91,1
247166.27,48,449793.19,135862.26,1
153445.92,6,462509.37,4924.72,1
494558.23,60,1135287.31,1007364.63,0
985793.95,60,2355838.16,881670.92,0
249634.72,36,814890.83,452434.74,0
675414.19,60,2933726.26,896642.0,0
764003.42,36,3134884.24,1344359.73,0
245261.17,6,875214.45,367074.45,0
730934.19,24,2476378.48,326846.99,1
374105.3,24,1120659.04,558580.84,0
635982.77,12,3119167.9,1096079.91,0
637194.41,6,328168.62,212106.85,1
540416.94,60,1290992.51,713259.12,0
99386.87,6,229118.32,20431.71,0
836949.47,48,3046274.79,1191113.94,1
327572.26,24,1090781.67,613014.38,0
194653.33,60,297224.41,20689.61,0
50367.39,24,221879.88,140671.32,0
594984.01,6,2358771.41,418926.32,0
680788.72,60,2598163.78,1045677.36,0
26421.95,12,45993.54,34607.79,1
516972.13,6,1430562.94,653863.67,0
234230.82,12,1118179.97,379335.36,1
648721.06,60,356501.95,1937.92,0
182622.76,24,456447.38,48717.04,0
694028.36,48,1422554.16,2117232.15,1
392867.99,36,1206814.98,476764.37,0
937362.69,24,2573441.46,749034.47,1
146145.73,12,568184.25,419645.38,1
347655.69,6,1697436.5,451494.4,0
122338.79,60,338940.24,145649.61,0
925446.68,24,1589718.06,723275.18,0
878565.96,48,4077994.84,1720810.7,0
265362.21,60,433289.8,165546.3,0
663384.21,12,3207250.8,864838.35,0
819049.98,60,3133708.16,2278240.01,0
559648.8,60,2684026.52,967974.33,0
534354.07,6,1174942.49,496717.62,0
249433.77,36,409682.32,215157.94,1
102171.74,12,327842.03,17744.4,0
898243.6,6,2764058.99,1727621.21,0
901413.88,36,2397961.9,983178.4,1
636770.44,6,3089481.33,4286467.2,1
345639.49,36,1513570.21,934795.57,0
355717.48,36,1357253.23,949099.38,1
728696.12,36,1508403.9,2187067.13,1
898139.16,6,3655544.87,2372974.71,0
888215.56,60,3592426.55,743882.03,1
782076.79,36,2336641.02,1234373.9,0
645611.33,60,3058099.91,251271.35,0
93298.57,12,194473.65,3116.32,1
170012.43,48,414096.13,479022.81,1
899568.65,60,1548414.19,395629.1,0
610364.77,48,2614850.5,65046.21,0
19105.08,36,70233.29,35425.18,0
110456.83,48,287440.82,72790.26,0
666866.75,48,1382646.72,814518.36,0
15010.97,36,11422.49,419.57,1
169199.97,60,352546.66,61117.93,0
553246.45,36,1707593.1,557363.07,0
694976.25,12,1643701.81,503172.05,1
655441.65,24,93161.74,9763.25,0
232026.62,6,1059089.52,842303.9,0
715057.43,36,2361821.72,537436.46,0
244876.6,36,992333.5,572403.43,0
332145.7,48,539732.88,95004.51,0
749026.49,12,2080849.33,1461340.88,1
653136.57,48,2075075.44,643702.2,0
850731.18,60,1831163.98,1319760.15,0
661036.76,36,1269633.73,347204.12,0
572625.52,36,2603191.82,18001.22,0
102738.02,48,491910.74,203462.32,0
374038.65,36,664226.6,278862.49,0
272550.34,60,741763.6,71110.91,0
251549.75,24,1221022.41,229516.63,0
973280.45,6,1743209.59,1092637.62,1
399166.75,6,1497970.95,44047.33,0
893126.09,6,4378796.09,1714830.03,1
634827.24,24,3125751.47,1326339.18,0
796863.19,36,2509546.63,1382684.02,1
507610.72,48,1050562.25,31480.11,0
581134.85,12,106392.05,49846.49,0
497592.52,36,2295695.28,2232949.12,1
203290.56,24,953613.76,202302.19,0
725227.59,60,2630820.2,1051663.55,0
287964.64,24,1204157.95,877861.33,0
34072.81,6,139349.59,169805.27,1
649017.57,36,2476894.81,335449.09,0
185339.57,6,814654.4,436166.01,0
941054.0,12,3669097.25,1100323.21,1
954389.29,60,3215345.22,1603612.02,0
915715.75,6,2133019.98,1702071.73,0
376457.11,12,1544832.6,1620663.74,1
25302.05,24,79879.4,22603.54,1
929035.38,6,505426.95,203757.96,1
433902.31,6,1868735.66,1352501.41,0
966988.27,48,3808480.98,280815.03,0
963983.78,60,4608506.14,1667556.25,0
854479.36,60,1776501.67,536613.43,0
301504.4,24,1137323.59,268301.71,0
391246.75,48,921322.77,732786.38,1
852625.3,12,3975399.95,5666612.27,1
323752.79,12,598375.43,186093.32,1
177797.82,24,675021.22,447685.89,0
561233.25,60,412384.55,161544.59,0
936793.23,12,2568886.05,1793749.17,1
699069.5,24,3383135.16,720959.22,0
574360.56,12,2571732.37,460031.95,0
106204.73,36,268821.59,53180.8,0
618857.15,6,944619.73,406927.5,0
990153.31,60,2513306.26,585727.82,0
148683.18,36,369416.24,367109.52,0
523146.36,24,2414255.65,1921028.86,0
878599.34,24,4291891.11,3091649.09,1
743360.93,36,1298309.56,659554.17,0
700045.58,6,2204815.89,1572550.32,1
705459.24,6,2412079.42,2116954.55,1
365896.24,48,667830.46,361220.57,0
300655.93,12,848223.13,351964.95,1
811267.54,48,2117236.66,1493925.22,1
812012.26,6,2741513.55,1245298.53,0
868401.6,36,3312229.72,335994.02,0
914108.15,12,3621877.38,1062965.96,0
516228.97,36,1021432.62,874029.32,0
506501.13,48,2200907.95,1646928.88,0
800312.23,24,3101127.54,1635374.58,1
653464.29,36,3013621.92,2110204.52,0
704947.21,48,2166074.52,1312800.06,0
797834.74,48,3692869.18,915420.57,0
891105.29,48,4036893.59,2321081.38,0
344615.21,24,1045711.65,163381.77,0
381827.12,24,1082098.67,353323.23,0
103042.12,24,490979.43,316619.62,1
582497.34,12,2331781.45,1141508.05,0
45582.85,24,216466.51,142939.33,0
470942.04,24,2020064.31,411614.09,0
547218.19,24,1987792.53,1192276.1,0
293675.84,36,559594.83,90575.73,1
594924.93,24,1499319.31,654068.06,0
40195.25,12,196592.89,68183.86,0
46974.71,48,122978.73,54747.76,0
824374.56,36,1505631.14,163250.67,1
366588.73,6,1457716.9,421254.38,0
135789.91,24,552531.17,576257.82,1
527020.83,48,90366.79,40378.11,1
772293.62,48,1963056.03,862126.72,0
223662.82,36,702552.98,287108.17,0
626661.57,6,987782.4,745882.32,1
94493.99,60,402792.97,301150.48,0
61164.9,12,159628.81,45991.61,0
536041.09,60,2405844.0,677283.6,0
545228.77,48,2349503.35,1042988.63,0
641055.6,60,2445567.57,187049.3,0
728830.42,48,1921971.03,465896.08,0
976093.56,60,3228046.79,596201.04,0
521137.34,48,1593065.99,284699.59,0
329726.91,48,885675.04,452406.73,0
797234.33,36,3562423.28,1095374.86,0
278123.93,6,887848.0,121574.36,1
444581.71,48,1962619.67,1393572.77,0
87671.82,12,163794.16,114544.36,0
35097.24,12,69969.39,48276.8,1
963021.93,24,4738666.0,1481287.82,0
837620.32,48,597623.55,27243.24,0
699014.46,48,131734.64,156827.41,1
414863.41,48,1381929.19,305183.12,0
181561.38,60,409137.8,71998.43,0
164872.67,48,662040.24,462890.92,0
257740.47,48,463090.6,365418.56,0
553734.4,12,1941743.32,1268616.5,0
717449.96,6,2509418.12,1465196.85,0
663595.4,6,143773.5,67702.84,0
287134.56,24,959500.28,590981.78,0
955316.63,12,1891258.9,1596914.56,1
740517.95,48,2595246.17,3766637.29,1
558810.51,6,1016837.73,125773.26,0
615603.54,36,1362502.03,1382238.66,1
425404.06,36,684424.1,319687.82,1
255253.68,36,841450.79,224477.89,0
362412.95,48,650844.43,473943.55,1
760267.65,48,2389430.24,1169181.35,0
24249.55,24,115556.57,62538.53,0
124911.91,24,502041.57,2337.79,0
55542.62,24,98362.7,39254.47,0
50321.51,60,25974.56,8959.45,0
856905.98,36,3305787.72,1866770.01,0
706621.28,48,3272685.73,1001804.87,0
479432.09,36,774385.93,604996.77,1
106855.82,24,464136.69,248852.71,1
496699.72,48,1721734.37,908963.26,0
478737.05,12,1633125.1,1201119.28,0
181469.85,6,880554.53,701065.7,0
439513.13,6,1809368.38,286344.4,1
404519.69,24,1810393.91,1173907.41,1
619691.6,36,1697325.68,220407.24,0
638742.71,12,2197450.03,803464.12,0
54850.97,48,200421.05,16063.41,0
380866.49,36,999981.65,498687.63,0
629601.32,24,2201003.38,824968.05,0
508104.9,36,1183017.5,595009.49,0
857924.94,24,1717406.88,931467.57,0
662106.7,60,1859788.8,921610.53,0
171305.08,6,700211.86,164706.14,0
79863.06,6,375887.87,251682.24,1
645995.09,36,2003876.24,884408.69,0
36246.2,12,135919.01,53264.07,0
589917.83,48,1097618.79,1131805.88,0
940827.94,24,4389548.62,995577.39,0
579719.44,48,2023287.37,854685.64,0
394288.23,6,1668306.0,910660.95,1
646855.34,12,2768892.88,277389.76,0
463670.36,12,1111734.0,315056.28,1
550160.62,48,1844199.24,1182778.98,1
942050.16,6,4579945.6,867471.87,1
392241.61,48,711416.81,280748.05,1
961578.66,36,3741189.71,1887446.99,0
906297.14,12,4411785.85,2368819.66,1
203833.22,12,520186.43,303085.77,0
78667.69,36,355189.95,246069.15,1
109770.22,6,523362.61,164486.35,1
28039.61,12,115377.44,65223.51,0
103498.53,60,239045.29,220135.08,0
686176.71,60,1831407.37,439939.4,0
80476.76,60,130801.5,101309.21,0
325785.87,24,1436743.81,994478.63,0
846426.56,24,3786607.0,878072.75,0
33039.22,6,122723.72,66277.55,0
816323.8,36,2231704.76,1281535.27,1
289036.23,48,511258.44,176479.72,0
126983.18,6,525164.55,362885.88,0
699769.79,48,399739.22,220729.39,1
632653.42,6,2969744.0,1563640.74,0
878697.29,24,3564753.71,629793.23,0
737720.33,60,3246288.37,1059179.0,0
805446.12,36,3311061.06,1149395.09,0
289214.23,24,44721.69,26248.45,0
185665.15,36,555952.45,275038.37,1
753108.6,48,3507535.96,240927.29,0
808766.39,6,3055834.84,752219.3,0
990600.09,12,2867038.0,2708797.64,0
418491.5,12,749996.42,442037.66,0
378297.9,36,952352.48,566511.92,0
778648.83,60,2649775.9,1039863.87,0
347395.5,60,856233.96,80097.18,0
931449.75,36,2118418.26,496393.53,0
859828.62,24,2876881.06,586175.75,0
434704.09,12,910431.73,568856.98,0
753362.36,24,3240539.39,466602.19,0
756997.45,48,142499.27,53000.75,0
112092.63,12,393279.2,211023.8,0
903527.38,48,1821367.93,1405784.45,0
510199.85,6,1344895.57,1075099.38,1
828192.89,24,2431006.09,1853247.63,0
326849.11,36,1414846.42,812962.09,0
896568.0,12,3761603.34,2246251.46,0
395309.66,24,901472.51,547525.63,0
20729.27,36,75799.2,52307.81,0
906328.16,6,2131771.97,1623191.66,1
100373.81,12,497740.18,177476.69,0
326120.5,48,1575955.65,525122.14,0
950561.35,6,3299803.88,1215553.94,1
951101.08,60,3753196.09,1981138.58,0
577703.51,36,2487017.27,1542836.87,1
635518.84,12,2557006.54,2203325.71,1
453961.07,12,1792874.04,654342.73,1
300278.66,6,1457834.59,423789.75,0
335377.9,12,1203200.54,946536.32,0
675793.27,36,2518721.63,467248.29,0
754850.78,6,3376025.3,599595.15,0
793663.25,48,3051332.05,1746356.56,0
791721.96,6,3218558.92,462590.07,1
100294.04,6,232641.09,74335.16,0
499476.1,48,1398250.49,327064.01,0
66983.17,60,135008.24,18221.84,0
554033.59,36,1811789.04,840245.78,0
447115.2,60,1383842.07,413504.73,0
888827.14,60,4435309.51,4893936.79,0
357405.86,60,1300682.23,203804.42,0
125896.35,24,535381.39,328881.28,1
151561.77,60,404526.15,101847.41,0
763895.53,24,3369091.46,923719.11,1
622035.88,48,2272171.03,458349.54,0
110111.45,36,433781.1,150748.85,0
93265.74,60,236009.68,87526.86,0
703959.44,12,78708.02,33351.23,1
82035.38,48,305100.19,236164.21,1
823641.46,24,2933671.99,2123255.21,0
709179.8,36,3335398.83,1626053.97,0
90535.29,6,420441.75,13085.31,1
93989.34,36,460401.54,225508.48,0
986773.18,36,3785259.97,271535.19,0
380528.09,60,1865234.33,1059966.77,0
376935.73,60,1663671.05,519168.71,0
814671.57,24,1994244.71,2844523.01,1
947776.09,24,2839560.71,2141095.21,0
986141.05,60,2302021.58,768157.61,0
755844.4,60,1144870.0,421820.75,1
382496.99,12,825493.77,389730.52,0
92665.71,12,140315.53,22128.63,0
779375.45,48,3132648.66,2324006.38,0
562820.21,60,1682477.87,1767129.38,0
429979.79,6,1115372.54,148853.46,0
907290.84,12,3779794.61,2306375.74,0
120085.51,24,530021.86,442550.8,1
497698.85,36,2445467.38,280796.93,0
21240.11,48,79587.7,35838.16,0
473974.04,12,1476595.67,793221.59,1
65740.24,36,168848.88,76936.02,0
127629.74,36,290755.06,152707.03,1
126350.98,12,283688.38,26218.26,1
652718.2,6,1913876.03,728831.61,0
748584.43,6,3721402.03,1062887.93,0
587535.08,48,883058.14,687632.86,0
962550.82,6,2108198.67,83693.69,0
381121.87,48,822985.21,196393.37,0
292854.97,24,1174324.47,884841.46,0
869913.14,12,2378078.55,1871064.94,1
231359.88,36,717311.14,473368.89,0
963590.31,48,1946630.17,118352.38,0
22032.93,6,64280.84,28867.5,0
970180.04,48,1805698.45,578001.17,0
52728.31,60,177465.12,114493.76,0
892231.68,48,1644190.51,72376.26,0
532424.1,6,2271736.15,358259.61,0
993035.15,60,3458846.7,1353640.59,0
83058.6,60,335049.05,42255.76,0
558315.74,6,1655298.61,1802986.34,1
969609.51,60,2749055.82,1805067.92,1
527866.87,12,973244.57,548536.13,0
633104.65,36,2110450.95,743357.75,0
698791.2,12,2306540.35,1620829.28,1
459995.65,12,1443630.64,159014.33,0
631282.5,6,2583090.75,537982.55,1
588471.17,6,327680.18,416319.97,1
902146.43,36,3723847.43,182732.47,0
54991.92,48,110177.97,8433.97,0
288153.56,12,1059600.66,1406324.2,1
950907.37,60,1693690.47,1278920.98,0
891361.15,36,3504099.35,2546537.47,0
461100.19,12,1307881.56,487551.94,1
623931.27,48,1225242.75,139342.98,0
284607.37,60,1285622.15,183183.32,0
196239.95,12,716085.31,216284.15,0
469061.42,24,1285949.42,1605880.37,1
359818.71,36,578424.81,38396.11,0
587819.55,6,1987174.49,1742715.31,0
86957.29,12,64091.53,29812.75,0
974650.86,60,3496393.7,3573243.51,1
986348.64,60,4833874.84,3012271.19,0
701180.1,36,1386638.98,860768.78,1
540735.4,36,417662.19,164058.37,1
316432.34,60,1358582.53,104917.95,0
815657.07,60,2723799.15,2001380.94,0
687883.86,60,1251076.56,669236.41,1
170990.77,12,605324.6,119636.75,1
911817.91,60,3320004.39,1621369.42,0
824311.87,6,3338860.7,1081848.28,0
950301.91,60,3957285.51,2011407.94,0
728462.31,6,3057869.45,1159228.27,1
617281.04,12,2359282.32,916292.69,1
424060.61,36,956400.5,1352099.67,1
933401.2,6,2720701.29,1335811.54,0
867403.25,12,3657366.69,233933.05,0
54766.48,60,264905.16,13854.24,0
36103.3,12,64130.81,15648.39,1
382698.73,60,1291370.32,444485.53,0
812447.8,12,2107349.81,463992.17,0
987403.37,36,2260046.47,1177863.64,1
158912.72,6,519698.21,81117.79,1
598189.41,36,2166230.9,1220265.76,1
387081.95,24,593862.22,367316.01,0
970215.25,60,4104711.98,408235.96,0
843697.73,6,3686611.02,1919415.57,0
839945.42,36,4098335.51,4193569.26,1
474006.23,6,1010701.24,155909.82,0
420671.31,24,96676.91,70326.87,0
280673.0,48,840107.28,407316.24,0
65811.74,60,175842.22,83130.45,0
866075.15,60,3013696.49,125183.36,0
814772.0,12,3453281.43,2067273.16,0
999720.5,60,1580242.94,1339410.89,1
996670.47,60,4876609.34,2813508.62,0
559877.39,36,2426836.44,1571000.15,0
771297.54,60,3184716.82,1334514.5,0
945318.07,60,369898.89,78017.39,0
851150.92,24,2435749.21,275868.07,1
254874.62,24,1052803.44,135182.6,0
456038.69,6,1301395.66,902580.0,0
137867.82,6,640461.36,63317.6,1
954510.52,60,2023827.98,622843.7,0
610112.89,60,1539446.6,411678.37,0
236356.38,12,810627.08,561249.44,0
674983.68,6,1766593.36,675112.13,0
621946.96,36,1856406.17,1479847.42,0
364581.09,60,1175219.64,692960.97,0
122422.02,36,550560.8,374788.13,0
674857.46,60,2248066.87,2000637.07,1
525104.62,36,1453809.62,294369.99,0
774595.21,48,244652.43,26509.79,0
524961.87,36,1538330.38,570563.01,0
853659.69,6,2821410.47,3680972.55,1
556387.77,60,2287533.79,2779750.13,1
565328.59,6,1087506.05,113247.26,0
877887.07,36,1997748.05,982266.74,1
409448.04,24,1158242.13,213406.35,0
142675.08,24,393982.17,151076.43,1
38494.85,24,110523.27,4519.76,0
757585.88,60,3240440.59,1764388.31,0
624106.46,12,1644233.69,1547294.77,1
707038.97,48,2302573.96,1192591.29,0
220834.52,36,813482.52,179230.62,0
145007.76,12,335348.56,74743.29,1
24399.22,24,4787.22,3069.03,0
357081.68,36,79893.01,81492.86,1
594018.51,12,1819914.75,844045.38,0
398321.6,6,1726423.04,867553.1,1
443100.17,24,1042275.02,78415.92,0
905117.11,12,4155497.55,2846254.21,1
354772.91,60,1228816.49,756859.57,0
518849.59,6,1884519.86,890234.42,0
785816.48,24,3585449.86,2634861.43,0
402577.35,48,1755856.98,236883.24,0
625865.83,24,2256538.75,2363458.56,1
863740.07,60,3572564.51,2752251.62,0
950025.42,48,2865863.99,710754.82,0
155602.75,48,531511.32,6502.43,1
927321.75,48,1592439.08,936185.34,1
497195.13,36,902161.91,5037.91,0
265661.94,36,1169706.58,816486.68,1
464544.4,48,793837.07,35755.22,0
980232.25,6,2051525.08,1071330.57,0
497691.91,48,2132816.03,643571.51,0
335464.09,12,504541.62,645310.96,1
637066.85,48,1585286.8,1139197.75,1
247744.16,36,878038.82,524186.26,0
85104.69,36,305021.57,83073.37,0
137590.92,12,580638.52,131992.19,1
136765.38,12,447324.26,263388.92,0
160383.67,24,526524.6,352380.07,0
147438.9,6,44922.87,25726.45,0
644466.0,6,2091411.8,1070784.81,0
190061.28,6,689869.0,888060.28,1
352210.61,60,1635035.35,1115491.73,0
897820.53,36,2608239.14,3778681.26,1
479222.02,6,346889.67,306535.41,0
670882.16,24,1014656.58,415268.71,0
180596.67,24,658634.6,299901.64,1
200366.13,6,321427.68,354097.5,1
50459.93,12,164727.44,97816.41,1
177245.71,24,764783.03,523873.31,0
285804.44,12,978801.25,397223.21,1
185240.38,36,452676.84,226211.33,1
97815.51,60,415871.39,284313.57,0
129429.51,24,316326.95,58791.28,1
466170.98,12,1895269.97,673231.25,0
214270.38,6,779066.66,386823.57,0
370627.16,36,776459.1,568458.91,0
508383.1,48,2373116.33,30064.56,0
693490.88,48,1527242.29,259720.57,0
48919.02,6,36695.79,6882.68,1
801416.29,36,1222630.04,319461.18,0
631621.39,36,1529908.16,344886.12,0
90941.44,36,200026.7,251428.28,0
874842.84,36,450848.53,319424.48,1
921663.68,48,3744984.65,1908377.79,0
70467.18,12,276723.93,351474.62,1
284108.87,36,1214062.08,838919.67,1
808139.27,12,1938277.52,980064.12,0
750777.09,36,2293753.96,401796.19,0
192675.81,24,733497.03,212225.06,0
217255.83,60,660281.69,417279.44,0
376767.38,24,1484704.68,1804319.41,0
489677.76,60,1821066.01,839995.64,0
622072.22,24,1182725.58,136976.18,1
375224.5,36,1588569.55,1020864.73,1
467909.37,12,1882103.33,463061.45,0
749996.23,60,2846550.96,1757114.28,0
46316.37,48,94616.36,49016.3,1
259912.57,6,633663.62,133916.08,0
716216.09,60,2059923.14,349971.43,0
896254.77,60,2222491.06,2476801.28,1
516560.67,48,1186713.43,229696.68,0
536792.35,36,2318272.95,3157207.77,1
116100.29,24,433496.76,213991.77,1
452938.24,24,1575841.19,754869.68,0
537291.09,12,1230844.96,577189.54,1
250045.8,36,1178532.86,605190.59,0
276550.8,48,599877.58,391016.78,1
383511.32,36,1642321.37,2046611.34,0
29870.49,36,145868.19,26883.57,0
328858.37,24,1330174.41,625474.07,0
219333.53,48,1091185.56,946329.63,0
334222.38,6,1262919.06,1423173.93,0
128564.51,60,66198.88,34653.22,1
891622.01,24,1973487.83,768208.65,1
597656.53,48,1575407.67,955745.75,1
682311.3,12,1040494.08,354331.92,0
791279.53,60,3074868.45,3399864.46,0
503457.78,60,1228606.77,857128.82,0
96051.09,24,418123.97,27726.13,0
541735.48,12,1493621.21,225793.28,0
590972.71,24,1879203.23,1629568.62,1
747985.08,36,3650100.78,2906299.62,0
437342.95,48,1026707.37,342394.44,0
136304.5,12,548542.38,220166.71,0
290938.15,60,1205331.23,742191.63,0
369451.47,24,839945.53,427643.54,0
649458.07,60,2113004.64,1422340.66,0
575070.52,12,64984.65,25288.57,0
362535.76,60,1523256.3,1184700.63,1
986650.1,24,3629581.45,2313676.29,1
609717.07,24,1930328.08,619813.5,0
244854.52,6,1035188.94,315750.7,0
110764.65,60,55607.33,41349.22,1
161330.55,6,667533.64,365496.37,1
253498.15,6,1148044.98,570747.01,0
169074.56,60,773545.8,468973.37,1
194701.35,12,826090.1,370639.42,0
292244.22,36,855705.57,108959.92,0
181639.86,24,896633.94,228975.53,0
897797.77,48,2539490.8,1133516.68,1
89431.41,6,334043.21,353886.92,1
529266.28,12,1092278.38,382166.98,0
416292.86,60,315387.61,190696.69,1
982554.83,12,3894798.93,511726.74,0
120918.51,12,500218.28,25834.85,1
403877.04,60,698795.51,467370.73,1
969775.73,48,4045867.83,1997926.79,0
866852.05,60,3650775.15,5139746.78,1
818901.35,48,3153756.6,2034311.72,0
265323.8,60,669062.69,352263.9,0
179178.71,6,575865.17,153926.12,0
671956.79,48,1267660.12,381511.21,1
930082.23,6,2930274.97,365436.15,0
561195.26,48,1320707.66,882502.77,1
575896.56,48,1567497.98,638293.52,1
287179.3,60,594203.1,264785.97,0
771798.0,48,1779141.25,1257485.53,0
195173.31,6,345064.51,4370.07,0
330442.44,60,1559574.24,83497.19,0
431182.07,24,1447235.63,1913151.64,1
512534.27,6,1480504.9,35576.9,1
249985.64,24,843102.13,443914.29,1
123688.46,12,457526.87,385125.24,1
614513.84,60,2904546.23,489827.1,0
295744.25,12,628582.32,75131.4,1
585425.84,60,258667.24,30147.09,0
162819.09,60,800298.6,718686.73,1
486328.7,6,1361319.36,755264.91,0
537263.54,24,848320.74,1050165.88,0
61305.3,60,123637.6,31897.2,0
343238.24,24,546498.93,189326.12,1
143070.53,60,710306.7,757056.66,1
72741.22,24,180110.75,143822.31,1
990060.63,12,4685362.58,2830279.34,1
329130.31,6,1640912.72,815800.31,1
811775.7,60,236855.08,111372.52,0
262094.25,36,423593.35,170899.37,1
684687.7,24,1222558.3,251776.03,0
762625.58,24,2429390.83,439992.62,0
599682.35,36,1752033.18,770239.28,1
476860.43,6,1727007.54,96989.87,1
417722.51,24,1268191.9,75554.61,0
355379.58,6,1694900.8,760418.74,0
930233.85,24,3136366.22,2307893.95,1
832313.21,48,3269360.59,4340739.71,1
965376.64,24,565121.37,4895.44,0
133054.25,48,267978.12,23023.44,0
733558.8,60,1690171.77,788401.17,0
938957.05,6,1761122.22,1195415.56,1
189420.74,24,376707.54,287638.53,1
75831.3,12,249791.63,171972.99,0
743709.44,12,1951588.32,1057937.5,0
578728.38,36,1725250.03,276764.72,0
843410.49,12,4165363.54,241995.87,1
148374.65,48,303940.31,11553.57,0
797314.64,12,2705162.8,1324613.88,1
209611.05,12,386952.28,11202.61,1
172019.38,12,449785.45,265999.5,0
172623.14,24,577655.84,329250.31,1
816428.97,36,3929644.99,4026163.22,1
668545.25,6,1918256.07,2576533.94,1
527834.77,36,911662.19,380658.56,0
365242.18,48,1044068.54,1328411.02,1
878428.54,24,1765724.04,1273595.64,0
398520.66,60,918575.63,144792.55,0
818433.45,24,2998181.32,912832.59,1
444743.56,12,772067.5,83152.49,0
383174.99,12,1198009.31,742744.7,1
468052.99,48,1700490.6,685807.74,0
308364.1,60,917847.09,682002.66,0
750133.29,24,1175415.53,195791.52,0
507693.19,60,2512734.92,1383748.37,0
239890.57,6,668072.49,528705.53,1
900578.83,36,3804963.71,2025401.24,0
390052.31,24,1029645.55,56650.22,1
548117.33,60,1733453.2,816004.86,0
907407.39,6,2594842.82,373330.93,0
627995.62,6,1694889.41,41359.07,1
125729.06,36,198209.33,53113.87,0
940433.8,6,2595666.21,552573.9,0
631430.97,48,2912926.8,1838105.51,0
341556.56,6,1337664.15,399887.25,1
147879.35,60,297086.66,174201.82,1
796084.94,48,2841261.0,36911.37,0
623872.03,6,2884040.62,34175.04,1
538126.48,12,2125663.71,49848.44,1
894953.66,6,1808160.23,1768156.18,1
790711.24,48,3587784.04,1073429.93,0
160158.13,6,409268.73,199017.82,0
318604.85,6,984255.29,776312.77,0
256004.25,6,855438.11,747846.97,0
746506.83,48,3341941.71,148807.06,0
43197.11,6,205645.3,32064.24,0
574190.79,36,2729579.61,1960606.45,0
764834.1,60,1168543.85,653804.2,0
877997.98,36,4149953.77,2623437.51,0
348660.93,48,589360.53,58543.87,1
823044.73,12,83820.65,9051.76,0
119525.42,36,394727.62,35445.28,0
847987.77,60,2696380.56,1849003.42,1
136213.78,24,492614.99,82746.55,1
403314.42,60,1281758.15,1783482.99,1
799322.41,36,3813019.59,1574521.97,0
158418.25,24,371003.02,161576.24,0
236958.88,48,582702.37,91104.52,0
725030.04,60,3424014.38,1740073.41,0
722836.17,12,1278399.59,44079.76,1
644736.16,24,2342624.9,1861866.31,0
697008.96,24,2708629.67,57983.97,0
547297.2,60,1789331.29,71797.33,0
259281.07,36,1018925.75,264633.29,0
352239.03,24,741336.8,493211.58,1
189781.74,48,851021.71,970910.42,1
909366.06,60,1809720.22,683256.27,1
587557.88,48,1705588.61,24529.55,0
406842.9,60,717427.42,899201.04,1
467385.75,48,1592962.24,774773.57,1
947810.51,36,3643488.17,566514.23,0
161817.89,60,775799.58,1153066.47,1
590367.53,12,2413231.59,1516264.64,1
510829.79,36,1733684.9,1179369.25,0
615339.69,48,2931576.47,313794.39,0
27929.08,60,88661.67,32308.92,0
873402.67,36,3025658.81,2292436.27,1
932797.1,48,3345332.07,4999067.91,1
569481.85,6,1671388.82,156389.02,0
699684.32,6,3102882.65,3931405.62,1
923274.39,24,1983300.29,1463486.14,0
710166.25,12,2444355.07,860488.87,1
161013.65,6,648533.42,434474.64,1
580525.48,48,2707522.42,1074006.39,0
610647.9,36,2805142.04,239697.54,0
429889.36,60,1410291.17,166814.8,0
739079.79,36,2772336.39,4105989.3,1
935023.34,24,2692710.21,2537085.85,1
926312.83,36,2907345.98,2078436.29,1
456330.98,6,2131946.52,1108949.97,0
122105.67,36,580913.33,343369.47,0
984992.79,6,4564406.55,2270012.51,0
840509.11,6,1667820.56,515742.54,0
133416.05,12,597076.06,103586.07,0
921633.46,24,4441603.3,3288970.23,1
871197.4,48,2408315.38,991897.98,0
523649.68,6,1736035.89,668165.33,1
595362.68,60,2516498.86,2005355.84,1
405012.68,24,183184.69,203773.21,0
64214.02,48,43209.0,29524.72,0
341845.27,60,1058010.01,729894.92,0
804824.91,36,3218333.44,3358552.02,1
14585.7,24,62340.29,4729.87,0
340164.18,60,1098509.69,857382.52,0
404187.01,24,1818616.54,619634.47,0
542021.65,24,1849129.12,3284.53,0
920657.06,36,2707447.83,1080851.8,0
352882.53,36,662495.61,328227.02,1
353483.67,24,1016953.97,631396.82,0
740126.24,60,3011409.06,2271667.55,0
457695.76,12,2162384.74,1583160.8,0
232358.77,6,553217.86,416079.94,0
457915.12,36,1256209.68,32284.74,0
149448.45,12,304704.99,173504.9,0
184623.12,36,71211.87,12867.01,1
503384.1,24,2446778.71,367119.94,0
424736.2,12,1589928.94,1017959.72,1
915697.44,60,3351240.06,1118321.38,0
368769.96,60,1267541.55,1707610.88,1
584782.47,48,1058219.49,35924.51,0
635941.65,6,2577639.01,1654186.08,0
22963.51,6,82833.36,82341.05,1
666902.0,36,2544343.63,359418.46,0
186255.61,6,29820.2,11387.78,1
961459.61,48,4080302.63,1291301.34,0
157176.1,60,665358.4,652710.81,0
420477.88,12,1995227.75,1500453.6,0
94496.17,12,469151.97,246732.25,1
996905.51,60,3523552.12,818336.19,0
507173.06,24,954035.97,131968.9,0
599431.17,60,1862405.48,625837.19,0
76405.71,12,325228.85,117509.35,0
752460.87,36,1201709.08,578064.76,1
217806.54,48,370076.41,78753.06,0
899073.75,60,1559939.92,957814.65,1
213088.24,24,864845.29,68122.3,0
198780.84,36,646849.39,678211.87,1
46184.17,60,128906.61,64301.88,0
477346.28,36,892475.08,147673.63,0
569192.72,60,234908.96,155229.97,0
75051.55,36,196902.95,96944.32,0
777772.34,6,1888924.54,975776.43,0
458755.95,36,1735527.53,691078.05,0
529146.37,6,1829014.6,1330928.88,0
446355.12,12,69905.24,38807.34,0
406755.43,6,1523382.94,1498213.34,1
564043.93,36,1381498.88,263707.01,1
163687.84,48,700895.93,39845.47,0
190108.85,48,437747.74,57909.07,0
863167.76,12,1774614.16,1409303.38,1
946654.31,36,4012430.2,1305699.02,0
379576.22,6,89854.11,64600.59,1
278037.23,48,110746.47,15111.96,0
647559.55,60,1234805.49,420190.35,0
414646.83,24,1838708.58,1412890.84,1
35132.49,36,148192.17,10804.07,0
164591.07,60,435409.35,206901.05,0
718812.51,60,2734140.62,2010516.18,0
662334.7,36,1281326.65,973483.69,0
36825.03,24,120589.7,81615.83,1
229752.44,48,359690.32,449739.03,1
238764.05,24,685397.65,357603.73,1
675173.82,12,1189622.43,209776.22,0
29513.43,6,93351.43,54567.91,1
113067.5,6,336475.96,263362.28,1
801916.92,60,2450134.93,1030886.46,0
186759.22,48,309769.97,64604.97,0
656218.65,24,1814875.83,832623.02,1
245800.95,60,1019507.0,563265.67,0
108446.98,36,302697.24,50436.7,0
250740.47,60,1003739.64,1426703.27,1
725044.26,36,2025175.89,951723.89,0
857139.5,36,2555422.6,1251850.24,0
831917.67,12,2889767.85,707387.27,0
403211.69,12,1946458.78,241776.36,1
671404.29,36,1262919.23,629893.49,0
212934.45,48,343931.34,161299.12,1
300216.25,12,1089139.57,294513.96,0
897372.46,12,4326986.25,4680777.44,1
22871.9,6,16761.53,4656.28,0
94653.45,60,302377.53,118503.77,0
215807.39,6,677265.24,528169.22,1
36266.88,48,136268.2,83239.66,0
189621.08,12,653191.84,445079.56,1
587211.15,12,2184019.25,883478.71,0
427210.31,24,1947650.94,819764.12,0
893744.99,48,3675143.38,600737.94,0
819269.13,60,2653670.77,1530734.61,0
348399.18,60,1085794.97,366203.03,0
266829.2,60,997569.28,592513.74,0
385895.48,48,1194335.7,390839.56,0
594391.99,24,1843939.31,160079.29,0
275383.0,24,428790.79,59363.06,0
627907.42,6,1324397.7,859873.24,1
415317.54,48,1333085.3,275806.27,0
556526.71,48,2437190.25,515425.62,0
441765.26,24,1093609.57,813092.67,0
301521.1,36,1003839.73,528128.61,0
948968.77,36,2569207.01,2079131.21,0
765969.74,6,1429923.01,164252.71,0
148712.04,36,721854.89,157287.81,0
869783.3,36,3906508.66,1856359.44,0
492556.89,36,874152.28,526467.28,0
895606.7,12,3599672.08,790477.75,0
801856.7,6,2178267.51,1517193.01,1
430961.37,24,2147038.48,187531.24,0
32244.62,36,82494.47,13700.63,0
275990.59,60,644599.36,500448.85,0
546217.87,12,174409.9,18800.67,1
637143.44,36,2818048.21,2002192.38,0
265308.81,12,576732.55,324785.82,1
147962.51,6,589321.32,34457.42,0
836580.93,60,1434671.91,555168.48,0
984558.16,60,4643443.69,6885306.1,0
530433.28,60,946166.84,705567.69,1
179962.49,36,845789.48,995797.51,1
279584.25,12,899653.29,321545.89,0
28206.77,60,86547.37,7788.14,0
915155.82,48,4490280.46,2296051.26,0
126573.57,48,628607.97,106057.22,0
580751.31,12,2192698.26,2446146.08,1
281314.67,36,547133.83,436358.49,0
558636.22,36,1827631.63,394226.91,0
654906.18,6,2195291.92,247722.3,1
831444.39,6,2744234.17,1535652.31,0
214357.06,60,748796.68,492218.3,0
20885.87,24,32697.59,1676.14,0
145516.77,6,580509.39,862173.67,1
901018.46,36,3598109.15,4683516.28,1
875151.18,24,1666414.06,1458859.39,0
601438.97,6,98959.66,107954.86,1
604511.69,12,2109300.96,992743.66,1
668386.31,48,2599071.28,1378145.4,0
183617.57,6,32715.62,13234.57,1
915267.83,6,3379865.87,2210453.06,0
424582.82,12,1054082.82,460986.93,0
389307.14,36,1274790.3,936967.74,0
523728.53,60,2203133.42,855958.81,0
56496.31,12,224276.84,141861.14,0
174620.54,60,334600.99,109042.54,0
740653.28,6,2643500.25,920411.58,1
91970.68,36,449912.09,305577.43,0
607120.59,24,1243803.72,107126.16,0
252895.62,6,1134281.06,1347727.69,1
395402.66,12,1565366.82,909586.41,1
295806.8,24,1245054.25,747451.5,0
362115.99,48,900529.65,426125.97,0
721855.45,24,1810132.85,648844.99,0
304150.5,12,1420707.7,296396.5,1
570740.59,24,1574908.5,1145810.49,0
481289.9,12,828085.2,244972.74,0
667034.45,6,2402717.1,1535801.56,1
937461.44,36,1815733.29,45997.05,0
735246.38,48,3152800.33,585586.54,0
222790.97,36,834600.05,230740.07,0
40871.3,36,186436.18,100164.56,0
269641.4,36,1145148.25,292544.89,0
599127.15,12,1133786.88,37518.19,0
60911.56,12,172607.97,24008.74,1
501402.58,48,2111386.65,437758.61,0
600874.42,12,1779005.98,250551.62,0
340901.45,60,1671534.99,272426.18,0
773203.08,12,3150873.36,1938308.75,0
115532.27,12,179566.0,59189.79,0
84386.4,12,386485.49,125276.72,0
730906.87,6,1354236.49,1047210.86,0
500536.4,48,996984.94,356284.0,0
691518.37,60,2814980.01,2089071.28,0
440479.07,12,1994220.52,477118.21,0
253938.01,48,857605.47,274863.42,0
820911.29,24,2061861.6,653665.15,0
801421.72,6,2187564.26,2516347.58,1
697749.51,12,1884002.28,880578.58,0
279423.69,60,738621.14,146616.31,0
594328.36,6,1396780.91,886770.67,1
367364.16,60,1333912.06,529857.57,0
100666.25,6,468240.87,2638.46,1
918140.44,24,2364017.4,3354153.03,1
145450.44,48,313217.35,199972.85,1
950734.98,6,4216530.39,844880.49,0
451545.72,36,1849640.39,2487989.56,1
193281.6,24,134057.1,86566.42,0
546481.94,36,1136310.32,887482.65,1
874216.38,24,1752698.59,107354.35,0
734902.64,36,2494996.58,2510251.04,1
808495.54,36,2951427.35,848297.86,0
662195.53,60,2106183.77,1586275.86,0
695353.8,6,2500758.74,1298072.49,0
850703.7,6,1813129.63,1291302.67,1
257171.33,24,817457.17,675465.67,1
494530.71,48,1880860.5,42127.88,0
228997.35,60,690306.23,36140.29,0
987791.33,6,3830719.65,1611184.15,1
944618.75,6,481590.13,49938.59,0
49032.54,60,130799.13,48242.3,0
708519.42,12,1815664.38,2621874.71,1
925995.83,60,2720721.32,641561.95,0
188769.59,6,298409.55,408958.76,1
572265.78,48,2197407.88,2463961.17,1
916333.41,12,4084894.98,2058221.6,0
43606.52,36,119533.97,18536.84,0
700446.06,60,1163522.14,241956.1,0
304375.52,36,1507789.45,1035872.89,1
925152.23,12,2241591.95,1454947.8,0
971347.66,12,1887497.45,1191674.82,1
944823.82,12,2639964.15,1628160.1,1
479472.07,24,1958619.26,719890.5,0
863422.22,60,2183342.75,1273134.71,0
846103.9,48,2971061.03,920327.32,0
325909.47,48,962886.49,77577.52,0
830626.32,36,1588302.03,499838.19,1
46637.56,36,123869.57,15722.82,0
600307.18,36,2423468.16,757773.28,0
237708.75,60,865738.51,205993.97,0
129361.22,6,248273.2,119004.43,1
86183.67,36,178540.54,51639.7,1
699325.89,12,2617273.83,2944734.76,1
346476.21,36,1506116.13,617081.9,0
727519.1,12,1981151.45,1457322.77,1
74702.78,24,267703.96,19494.3,0
322137.43,6,675603.55,371695.02,1
544096.38,6,1409110.15,757985.01,1
792815.93,60,1245470.79,1237236.17,0
325564.98,60,1363780.57,1163654.34,0
629632.46,48,1828159.49,446711.46,0
887117.97,24,3864675.77,532995.81,0
619704.56,60,2465993.76,523359.86,0
240629.88,12,1058917.04,1005560.6,0
34156.77,24,85385.28,57222.68,0
871397.89,6,1871658.58,425669.97,0
31056.72,12,152229.79,19210.44,1
875954.66,24,3513145.15,764821.45,0
533647.76,6,2358268.4,190410.32,1
939677.02,60,1452709.48,1076975.37,0
800795.4,12,2194672.42,1532099.33,0
997954.77,12,4091473.26,4598454.17,1
357204.7,6,633302.47,125134.4,0
769516.41,12,2682295.47,1942834.49,1
407911.6,60,1224450.56,1735.73,0
485076.86,60,757524.05,790737.92,1
631230.41,60,1468187.98,1075892.57,1
874940.34,6,2184526.51,888765.85,1
984242.63,36,1861704.59,4418.88,0
770590.68,36,2859183.62,500634.88,0
423589.11,12,994753.52,734081.62,1
427143.43,60,1055756.85,14377.23,0
740206.48,12,281513.45,88908.65,0
246389.37,6,772413.63,666425.29,1
119369.37,12,342882.37,229893.3,1
361075.94,48,1456417.36,556477.19,0
294366.6,36,1378709.62,256422.07,0
303345.04,12,481598.83,701171.4,1
241271.67,12,740423.18,156245.9,0
51672.26,24,187969.98,38385.61,0
27695.2,12,14203.97,9176.9,0
987845.17,48,4152335.09,512450.75,0
433495.4,36,2124201.04,9382.98,0
390483.38,24,1875099.54,505189.64,0
682850.81,6,1659968.59,652001.08,1
226071.35,6,518197.13,292296.51,0
950461.57,36,4610895.19,2881312.47,0
788481.56,6,2448392.71,1299644.48,0
98516.89,48,219598.29,110064.22,1
423404.97,12,1682818.55,896267.44,0
880327.12,36,2196830.92,477198.28,1
945284.7,24,2302112.72,704191.09,1
472727.5,12,2163849.46,1067100.63,0
617277.28,6,1276947.33,1805399.6,1
175363.61,6,302568.04,71484.81,1
991256.94,24,2420800.65,787087.4,0
239354.98,48,867496.4,370206.3,0
943304.46,24,1821339.31,2482776.15,1
653150.18,36,2057802.78,1182219.02,0
611659.43,24,2260497.45,856143.83,0
517561.63,6,2313800.4,1673581.05,0
238363.11,48,549318.17,167132.62,0
184762.75,48,805697.17,338632.4,0
228281.35,60,530108.54,1361.48,0
194573.88,24,752744.64,186968.49,0
781788.63,36,2351117.9,1629932.19,0
356624.01,6,678079.31,180953.0,0
67264.25,12,269051.76,54496.18,0
969411.6,48,2192973.03,953569.52,0
884948.03,24,1874480.98,1536277.44,1
928474.76,60,2557140.42,1087511.18,0
994958.74,36,3767427.05,915230.99,0
182156.3,36,422418.21,129463.71,0
402279.6,6,862010.92,545732.22,0
760656.09,48,1167483.64,618265.73,0
699060.41,6,2202565.17,786062.19,1
162356.95,60,487112.98,477302.58,1
817674.79,12,1895809.34,1163054.39,1
232196.17,12,391896.65,233816.12,0
231579.44,12,695293.08,570492.89,1
541604.68,36,2306541.54,555266.15,0
597010.54,48,2390124.21,665863.62,0
584285.35,6,257670.5,38659.29,0
100571.97,6,154231.08,1500.54,1
878686.25,60,4290157.15,597077.54,0
272944.04,12,735568.6,475615.32,0
138219.77,48,686453.6,299799.25,0
889860.6,48,2121577.27,3127523.79,1
956094.98,60,3012059.98,1465895.97,0
863506.34,24,2364925.28,1399721.94,1
811420.91,48,2227482.26,631585.28,0
658689.56,48,2929842.83,1092420.83,0
555348.8,6,2283853.22,117322.85,0
96116.89,60,477944.12,474223.8,1
414368.68,48,1511327.46,430918.26,0
378961.63,48,1182890.12,410248.67,0
267156.25,6,484957.66,163954.73,0
726185.91,48,3622189.88,1832565.22,0
500916.98,6,1718324.21,786944.85,0
90235.75,24,356582.01,120412.34,0
227981.37,36,666525.96,9040.77,0
686426.18,6,2345521.67,1165185.02,0
85369.55,6,409690.35,288283.52,0
852694.84,48,1775709.75,1093200.18,0
500195.06,6,1262144.22,991152.4,1
485780.71,60,987207.95,109837.02,0
596483.71,12,2548629.15,453696.87,1
826434.16,12,1419118.37,612227.49,1
354331.12,24,632732.9,119400.09,1
681235.99,6,1733561.25,47915.33,1
570074.64,60,1881051.71,605380.04,0
274357.99,48,801663.57,184475.44,0
879843.69,48,1457775.25,307603.23,1
799451.76,36,3878316.73,2957364.87,0
661867.32,24,3200157.17,610472.52,0
852075.91,60,2111228.64,218609.4,0
868621.26,60,3526897.35,353590.53,0
711279.35,48,2507269.62,1617337.48,0
838643.2,36,467127.15,267139.95,1
700496.75,48,1693521.24,175430.1,0
683339.36,36,2199694.08,386711.71,0
622425.26,12,1846940.71,1104238.58,0
755189.47,60,1902550.83,1567766.78,1
167019.05,12,722572.94,567388.59,0
882062.05,48,2809473.66,1214973.89,0
873125.09,24,3310862.59,508569.6,0
38954.81,6,84238.11,57875.52,0
827558.58,24,2786618.82,712205.25,0
137581.17,24,25018.01,5780.31,1
341767.67,6,1142340.54,299239.52,0
746073.17,60,3158045.97,1940801.78,0
169152.3,12,708950.48,98239.52,0
819787.35,12,2246030.73,686002.08,1
833812.84,60,3276859.37,80827.73,0
512393.06,6,2456676.12,1624603.1,1
16322.01,36,60225.65,16416.01,0
294167.75,24,594052.78,117942.25,0
620757.65,48,2407906.63,1117063.03,0
981374.32,12,1832388.13,1033455.01,0
635495.39,60,2893020.59,1881379.98,1
267205.55,48,883999.26,245953.31,0
637665.65,6,1816067.04,1180154.24,1
544585.53,48,179997.06,66941.77,0
782046.94,48,2215338.05,179251.45,0
115910.83,24,540286.27,365798.65,1
763417.62,6,1201192.19,526251.7,0
545853.91,48,1725590.8,831692.76,0
963362.08,12,4584691.5,3438486.6,1
348453.44,6,132772.81,113153.06,0
636295.67,12,1908005.68,8522.73,1
932707.82,60,3287757.94,2289899.32,0
111484.63,60,347863.34,79243.57,0
937856.2,36,1960218.8,786858.36,0
691006.87,60,1081387.32,177249.42,0
77158.69,48,60620.79,14402.7,0
307953.93,6,1454411.92,1729377.75,0
711090.37,60,1331356.34,457532.16,0
76677.1,12,171629.0,86107.04,0
586348.76,48,1639315.74,1411533.99,1
352424.23,60,1526207.6,416132.13,0
624706.36,24,1525789.75,693733.92,0
55284.61,12,253601.03,157757.67,1
872821.44,12,1477121.6,845059.13,0
973754.08,36,4667542.34,4848616.37,0
969189.08,24,3355928.43,1029286.1,0
752155.31,36,2862493.92,933177.55,0
138785.38,60,386782.83,540399.15,1
760680.56,24,3222988.32,3849272.13,0
34341.05,12,71531.78,107189.67,0
31902.32,36,53314.88,5349.2,0
330374.12,48,952901.15,737510.52,1
493756.76,24,2215948.24,1380953.24,0
772703.34,12,3200725.72,763470.52,1
686462.42,6,2272222.12,77342.02,1
451443.68,24,1581173.42,899754.94,1
280890.4,24,549035.37,322551.27,0
997153.26,60,4429738.96,3414877.3,0
431919.49,48,1837540.52,372955.39,0
456873.15,60,1735042.66,114825.25,0
171987.58,24,538608.11,394319.2,0
796861.45,24,3885183.61,803919.19,0
696745.4,48,3188733.29,1840617.08,0
228561.92,48,858365.83,742157.94,0
91557.24,36,256479.62,156059.6,1
683694.31,12,452587.96,380500.73,0
657966.1,12,2312121.33,1286624.03,0
280526.93,36,161142.16,208939.11,1
951354.93,12,2448177.68,1871363.77,0
159547.31,24,466602.13,13780.68,0
438011.45,36,1536846.36,359067.24,0
944179.76,36,2831096.53,157429.16,0
425530.04,12,1030851.08,1140826.64,1
642140.69,6,2673470.32,3265407.18,1
403618.45,12,1356212.98,580426.19,0
281473.05,60,488880.15,51413.72,0
984137.87,6,2744866.58,1073862.64,0
415240.67,36,1908943.2,608882.11,0
895158.21,6,3708933.95,936882.26,1
237655.06,24,625356.91,386314.96,1
220973.66,48,1057058.67,51817.9,0
40822.74,6,72179.1,37341.76,0
655150.16,60,3186860.99,2098211.51,0
374841.08,48,884612.89,642092.57,1
865714.67,24,1326127.38,791344.34,0
478477.81,60,1444203.03,326338.68,0
968511.49,48,2669601.69,1282492.59,0
193670.26,24,655924.67,74200.09,1
869936.94,48,3730902.91,349393.46,0
778830.88,48,3464635.25,1770079.77,0
773212.63,12,2245645.31,1529028.73,1
846335.4,60,2542780.94,136797.8,0
763413.75,60,1541043.83,1357072.36,0
629958.12,6,1049772.69,475007.28,1
139932.43,60,523942.35,91464.35,0
42200.92,60,72819.02,35641.6,0
921639.37,48,3749602.61,643563.27,0
620483.81,36,2101464.19,195826.16,0
798571.92,12,1752897.65,765069.68,0
486707.13,6,1649124.52,1137493.71,1
126135.11,12,269991.19,147981.52,0
133933.93,6,406567.19,266293.42,0
688709.63,24,2960391.56,630765.12,0
436002.84,48,1358897.69,963163.47,1
208519.48,60,421302.69,127078.09,0
496678.6,60,2003303.66,1366169.23,1
73566.85,36,158440.15,59722.5,0
586151.69,12,2394385.43,513083.56,0
276303.47,12,878018.66,182809.69,0
799583.51,12,2469190.76,1121344.24,0
317258.34,60,1421324.54,89839.39,0
460667.95,12,1833510.19,1364214.01,0
21504.33,48,34733.53,48293.2,1
81722.42,6,207297.92,55659.46,1
398568.62,60,1812778.69,338339.27,0
485139.45,48,758826.79,1826.02,0
604020.34,24,2058735.11,1140621.99,0
298745.95,48,1209141.32,571249.53,0
698032.07,48,2566312.32,1662240.61,0
861521.17,24,3585532.83,117636.38,0
782052.48,48,3159430.61,2347218.46,0
49222.64,6,193056.48,51103.89,0
485701.88,60,2125134.91,1552317.31,1
113880.88,36,428182.7,36697.48,0
249624.57,24,726024.26,432083.51,0
986795.97,60,3110066.98,1441474.32,0
151070.59,12,605572.01,173528.46,0
503899.27,6,2301343.8,145707.09,0
621974.18,36,1525557.0,738048.01,0
705440.32,6,1902762.16,40247.05,0
564052.2,6,2683527.91,1076163.6,0
19673.14,12,69343.71,33518.45,0
333196.7,36,708498.25,415193.43,0
522534.53,6,1997614.49,1584243.54,1
96987.83,12,481803.3,100251.21,0
357120.66,24,1564933.97,403615.03,0
42871.08,12,176204.17,48088.99,0
87792.71,48,195616.49,114487.71,0
402954.04,60,1840085.29,1371701.54,0
141388.6,12,472274.82,368118.86,0
571865.44,12,2637737.96,3081617.12,0
692570.32,12,1838356.86,1293295.83,0
802580.83,6,1378174.69,1092591.95,0
208148.74,36,658981.4,198192.99,0
175807.76,12,429750.05,326032.91,0
113522.16,12,454463.55,276684.67,0
640065.95,48,3104238.53,418351.67,0
709410.97,48,2779762.7,101105.95,0
41270.28,24,190019.46,32604.9,0
936850.12,24,2890729.79,1800927.26,0
61451.57,48,258142.23,130454.11,0
545883.37,36,2429536.93,436065.45,0
711969.91,24,2839382.06,1685278.77,1
872259.43,60,2858586.49,323185.48,0
716946.06,60,2645911.93,1739615.96,0
803710.8,36,3176083.83,2017857.47,0
346055.69,48,825618.08,642381.04,1
816676.86,24,3539091.56,425482.51,0
89313.7,12,431040.05,312629.21,1
895868.49,48,2802579.08,764773.75,0
552116.45,24,2182922.21,726581.06,0
819124.79,36,3341693.85,1252319.99,0
457795.1,60,1747800.54,876562.59,0
647141.92,36,2209926.81,1758683.39,1
531138.63,24,2435678.45,1169045.38,1
734273.63,36,2255133.1,1671894.1,1
90813.68,24,155641.97,31754.47,1
69748.56,24,310795.91,99059.77,0
254632.2,36,982608.97,396580.61,0
167949.23,6,751137.01,194034.91,1
873065.73,12,1732962.18,1354299.0,0
227021.85,48,364968.34,211881.22,0
976106.6,60,4656331.95,1783864.43,0
343526.83,12,692910.47,416469.51,1
190296.74,48,824704.81,308401.66,0
791801.52,48,212697.58,2931.03,0
662120.7,60,2635550.39,1145290.88,0
503213.76,12,986005.97,493149.09,1
559809.92,60,2147372.18,1685614.01,0
722009.76,24,3329766.81,108664.54,0
236170.19,60,705997.9,289231.5,0
996370.58,36,2936611.97,230593.95,0
975045.23,6,2973891.93,354478.17,1
653822.43,6,1169002.87,570906.72,0
207547.03,6,959300.95,177714.5,1
683425.96,12,3104216.41,1860478.86,1
81476.42,12,406785.91,167335.03,1
40345.98,24,143153.23,24990.3,0
265106.06,6,1094668.18,432430.43,0
467996.73,24,1033969.36,900069.12,0
869589.78,6,3336051.5,2302516.17,0
729897.38,12,2754680.13,27939.9,1
745279.46,36,3468702.45,19452.19,0
431238.4,36,1900801.64,929878.16,0
352475.64,36,1686466.44,1313448.3,1
377328.38,60,1713416.91,1173256.72,0
987773.07,36,4484913.13,904226.34,0
49708.1,48,85648.63,13475.39,0
868361.18,6,3873643.59,1940268.35,1
582888.65,36,2113655.89,1391018.5,0
444229.26,48,1257859.84,364355.38,0
728005.08,48,1236007.89,427514.95,1
491802.25,48,1904188.58,175931.05,0
874689.01,24,2316794.14,283253.89,0
901694.85,24,2828812.35,1286208.01,0
427503.72,48,1661300.63,136434.18,0
284059.52,60,1332583.12,215394.6,0
596426.83,36,2617734.78,491457.77,0
913239.71,6,2810120.74,997985.23,0
218555.57,60,624465.95,22786.49,0
626736.92,12,1466081.23,586163.87,0
635244.62,24,1780904.25,1323104.16,0
735781.89,36,1389643.56,1867003.12,0
140252.01,36,687076.26,346827.78,0
718666.72,12,2521593.86,1686123.98,1
909942.2,12,1771949.05,442931.75,0
187886.28,36,513835.35,437746.07,1
245167.89,12,837159.35,29025.85,0
971681.14,36,3269803.94,1684349.41,1
189167.18,60,307257.02,135742.31,0
855841.24,12,4131953.25,5187969.36,1
497355.08,60,1225390.85,815244.99,1
254758.76,60,133487.15,78544.52,1
872042.4,12,1541382.06,340865.9,0
450852.2,36,1591815.82,959372.14,1
519669.18,48,1030113.88,201897.55,0
365641.04,36,601858.6,325132.42,0
597021.34,6,1688789.87,160158.13,1
171888.63,12,62690.52,34717.48,1
397170.72,24,751224.32,1040220.73,1
969718.2,12,2518016.25,1153189.71,0
265552.1,6,786608.43,108529.23,1
660169.3,60,1358701.26,1446685.1,0
331938.16,24,1085855.58,52885.14,0
775738.39,24,1394971.02,184602.42,1
139564.92,36,232070.61,34186.13,1
970122.83,48,3220248.8,4227883.07,1
459251.65,36,1087342.3,648066.9,0
243689.96,24,446880.68,350694.98,0
82761.78,24,246935.83,153771.44,1
178060.33,48,837416.41,576565.86,1
524576.21,12,2116493.77,10172.14,1
343633.14,48,1496404.01,141104.87,0
830594.53,60,3780616.26,3769787.11,1
436578.65,36,2141067.75,1674946.83,0
256227.13,12,1068816.37,564944.64,1
620973.54,36,2253778.58,674577.01,0
709709.44,48,1972275.85,230597.4,0
175371.49,12,374549.89,45795.67,1
175943.02,48,686760.07,199299.53,0
46304.71,60,230705.11,131743.73,0
739037.99,6,2317442.37,58991.5,0
667166.48,24,2690600.88,1834295.82,1
479884.57,12,1551382.15,1168564.87,1
845728.74,24,2547137.89,1811150.47,0
807613.45,6,2371209.34,1731982.35,1
589500.82,12,1925419.56,23627.64,1
869588.57,24,2421051.81,1893828.69,0
213782.8,24,880936.2,258189.8,0
120800.42,12,550844.13,383070.72,0
277052.12,24,1271696.54,190051.36,0
66515.99,24,152783.6,187242.29,1
535857.83,12,332409.61,11744.53,0
937239.64,24,2526263.2,80994.01,1
48950.11,24,126417.42,138774.16,1
130888.81,36,529268.04,343222.54,1
457677.04,60,1174599.38,497866.67,0
934536.27,36,1575051.0,662098.74,0
322994.54,6,49246.12,29498.61,1
512162.46,36,342481.46,93612.18,0
51157.13,36,135277.59,82451.07,1
156859.77,6,580923.37,225402.16,1
986763.82,24,3759982.68,1918846.71,1
965467.51,24,3927595.25,3031567.65,0
14890.58,36,69091.65,26051.18,0
952293.67,6,2870190.03,960720.71,0
642728.74,24,1338490.49,969869.32,1
869239.11,48,150971.35,109011.04,1
460192.46,12,1386369.08,1282653.97,1
520440.07,12,2081042.15,917095.3,1
493958.11,60,763623.4,210308.93,0
670195.61,12,1746026.34,335781.91,1
148254.74,36,627035.87,17103.71,0
39673.85,12,152665.05,88756.85,0
314850.64,12,1278636.76,238824.97,0
707633.96,48,3072077.98,1490918.48,0
209834.92,24,889978.1,652597.71,0
676698.11,48,2630759.37,1999826.68,0
970212.93,36,2948297.96,10401.91,0
102961.71,12,508897.95,129087.07,0
675876.1,24,2359994.55,1580966.07,0
449312.72,60,992842.83,426084.62,0
869460.83,60,2195253.82,1418149.31,1
185378.29,12,728067.41,497021.5,1
695699.69,12,3295243.14,1166848.81,1
839734.14,60,1784872.09,512590.9,0
945168.08,60,1690161.6,615804.65,0
686415.55,36,3147461.49,1643718.21,0
502203.02,12,2362098.31,693812.81,1
621668.77,60,1533860.58,950979.19,1
870215.93,6,2454444.06,1775039.79,0
574903.65,60,2190761.19,494781.14,0
40083.19,24,106411.05,82148.45,1
931639.21,24,4257642.88,2121073.37,1
692631.48,6,1299740.61,913113.29,0
679748.25,36,1109986.59,92276.68,0
223518.4,12,498379.36,100273.58,0
662296.62,12,1656607.32,425442.05,0
399925.76,60,757956.52,183620.82,0
654720.65,24,1132612.06,155721.61,0
115527.1,36,478816.74,332567.32,0
661266.85,36,1372107.54,459504.7,1
999419.59,36,4696000.51,3618287.98,0
57729.92,60,160950.95,75128.35,1
977402.44,12,3760184.8,416311.52,1
412838.88,36,944949.97,1163795.23,1
872045.92,60,2041572.59,1622715.63,0
784561.63,60,2754974.21,1245626.74,0
571346.1,6,1978143.17,2958.27,0
741064.72,48,3105470.47,2318121.67,1
879730.41,36,3652945.55,686445.18,0
410098.92,48,139380.98,76774.28,0
333762.83,12,1025305.06,422491.43,1
670917.45,60,3097787.79,806499.77,0
809767.48,36,2979154.57,673621.46,0
764662.28,24,3797079.44,2821259.98,1
799835.51,12,3493517.03,2548662.92,1
441227.48,6,730268.69,299781.05,0
819655.87,6,2149202.18,444446.75,0
129006.96,48,49833.08,4080.01,0
549044.21,60,2209981.67,276824.75,0
15701.07,48,53794.66,22475.48,0
331339.97,24,1408677.46,346906.5,1
372796.92,24,928001.43,31231.44,1
402210.96,6,862216.49,313962.26,0
698512.53,36,1179583.97,704154.34,1
394672.52,6,1383957.91,987254.81,0
454206.69,6,1775992.82,831568.21,0
245168.69,24,647618.98,374734.17,1
379519.27,48,1384313.48,1780274.01,1
234996.93,24,395394.16,156967.74,1
82463.96,60,152354.37,88929.47,1
607414.11,24,2403016.29,1398859.66,0
671530.67,24,1872391.34,635903.44,1
623295.44,6,2399481.2,1043615.65,0
468859.1,36,2068148.71,1528536.18,0
385987.92,6,1730838.74,875108.75,0
864700.31,12,1818107.42,934615.76,1
523890.97,24,1677498.63,1052959.57,1
484390.06,24,1970858.92,181670.46,0
35385.65,12,148935.8,62300.95,0
347835.35,24,1477036.18,1133692.31,0
386393.66,24,888158.93,256969.53,0
404834.55,60,880058.44,207641.8,0
584370.65,24,2083306.87,2709301.6,1
538266.52,12,2203555.64,389799.16,0
611826.04,6,1601141.59,712117.53,0
767234.43,24,1432018.55,178317.25,0
814855.88,36,3266441.34,1515089.06,0
720941.85,12,1837639.26,2423789.14,1
955968.46,48,1990584.0,666289.04,0
28050.26,60,56578.28,17324.11,0
203820.21,12,530377.57,104148.45,1
17487.25,6,62505.96,16547.69,1
650999.97,12,1793119.42,714875.07,0
899050.24,48,1413591.51,280070.82,0
251047.47,60,461721.37,387257.5,1
927764.2,36,2334961.09,1324455.76,0
69664.72,48,265350.53,57168.36,0
935091.67,12,1725059.69,134465.18,1
358106.46,48,1239871.63,178.58,0
110406.62,12,211936.61,101173.26,0
491013.04,36,380475.04,64334.9,1
264208.8,36,555541.23,470175.53,1
292024.17,6,506749.61,145573.06,1
314217.07,36,1209627.11,930927.54,1
804995.64,24,2513125.88,1387130.5,0
543769.66,48,2397310.25,1645060.57,1
318194.62,48,89686.34,10384.9,0
614230.45,12,1232493.49,72261.74,0
718989.17,36,1849673.02,17061.03,0
279897.76,6,1170121.25,894592.6,1
419413.61,6,1077958.36,258884.84,1
130667.23,6,382785.14,140713.33,0
189337.86,60,483874.2,152719.84,0
684306.68,24,1218603.09,712109.66,0
189623.96,36,907922.87,225139.36,0
529911.75,6,296249.28,126902.02,1
711955.8,24,3031092.13,2414161.25,1
115808.15,48,440563.13,156510.42,0
571639.1,12,1886346.14,831911.15,1
263997.16,36,478857.56,192511.49,1
963297.61,36,3611949.32,2320854.16,0
488710.19,60,998824.05,213220.69,0
807932.62,48,2383676.81,325015.32,0
554724.28,36,2053531.59,1238843.3,0
52978.41,60,224511.99,74649.01,0
636819.86,60,2482106.1,1814371.92,0
951889.31,60,3665123.52,1888738.68,0
605595.7,36,1224301.17,552740.75,0
820996.97,36,2226092.14,2763735.24,1
885364.4,36,1461022.09,853718.34,0
235798.97,24,947480.14,520007.7,0
219924.39,60,1063125.7,952016.24,0
614871.18,24,104592.29,22417.02,0
416918.19,12,753345.52,570577.46,1
841462.69,36,2662804.7,685203.83,0
901022.89,48,4053200.82,493618.11,0
359887.17,6,1235100.26,975433.92,0
244501.85,12,406782.62,242848.01,1
782720.26,6,3843119.56,1275260.46,0
282057.98,6,1241132.59,929277.11,0
824388.18,36,1616278.38,117816.83,0
429500.87,48,2029946.59,142358.07,0
670874.4,6,2064554.92,1127166.09,0
104579.96,60,292995.71,41716.04,0
627620.73,6,1954214.29,1433829.72,0
457250.0,12,2021503.1,1359030.94,1
590742.38,48,196727.19,48216.61,0
176334.07,48,301067.43,214080.52,1
739505.01,6,3587793.82,123097.74,0
864169.11,48,1743240.36,765126.12,1
224572.4,12,922877.54,781257.32,0
104757.41,12,73482.71,50284.69,0
33402.2,12,72026.77,20517.45,1
645551.79,60,1354085.08,198097.7,0
611023.1,36,2777800.58,467871.81,0
551230.44,6,1636565.82,673620.81,0
239627.63,48,115982.49,55372.17,1
396996.94,12,1295896.67,34019.17,0
598531.57,6,2421501.5,801132.58,0
501799.19,6,1594390.81,1059169.27,1
987907.67,36,2475528.38,879959.14,1
145075.36,60,402125.95,54423.85,0
698193.11,48,3146597.11,2403648.51,0
410275.58,60,1287494.59,1262928.91,1
433917.62,48,975044.42,622802.42,0
720421.79,12,3437217.99,532890.24,0
695511.79,12,2982425.22,1009664.82,1
991343.43,6,1680160.08,659190.7,0
137110.35,48,23775.11,9522.13,1
113068.55,48,444613.06,183704.82,0
727095.43,60,1498495.04,269666.22,0
582603.05,12,1357515.73,560290.75,0
281419.06,24,1104164.34,425512.04,0
88625.18,6,374810.39,434867.4,1
94801.67,48,221516.03,175120.22,0
895248.97,36,2148052.31,1487420.36,1
199948.65,36,514852.26,365576.55,0
330137.85,24,1186206.52,650583.08,1
234389.84,12,492536.64,437048.22,1
361446.34,12,674043.64,306335.07,0
78729.6,12,305157.84,342140.13,1
523869.19,60,2214312.71,68619.76,0
76936.44,36,250293.7,99285.12,0
802352.94,12,2225257.27,705180.25,1
241374.96,36,727057.46,123381.49,0
544611.8,24,1557277.91,471232.3,0
881278.3,6,4282965.99,3369829.11,1
654368.6,60,2740701.61,1585755.32,0
537628.21,48,235062.27,56327.89,1
331090.42,24,941840.35,456118.25,1
339671.89,36,1156257.73,228158.55,0
672792.09,24,2452630.27,1198539.41,1
994197.97,48,3120433.13,2237142.58,0
665220.8,60,2884027.01,1284838.19,0
562205.58,6,2353741.73,1380874.32,0
733344.01,48,2396606.88,869180.29,0
470553.56,60,2113022.1,3121491.95,1
69540.92,36,287121.48,159656.79,0
566673.85,48,2394217.68,1556059.54,0
958049.03,24,4644049.48,2450019.89,0
183549.91,12,446509.81,349167.81,1
693104.84,24,1688936.09,1107702.36,1
208924.35,36,963419.73,598985.18,1
540469.41,6,2271480.68,1535705.53,1
105709.69,48,501371.48,710015.13,1
455867.23,6,784527.24,271162.21,1
758601.7,36,2804664.1,2722513.52,1
354095.81,48,710386.72,262778.48,0
668262.61,60,2180968.71,1478623.19,0
797495.46,60,1630969.34,35318.34,0
927906.04,24,1807815.94,302520.52,1
242295.66,24,373762.67,263639.19,1
405322.76,36,1502059.61,71017.54,0
160891.85,60,443511.12,80537.47,0
992558.67,48,1854257.41,521046.82,0
927730.96,60,2439869.55,1465367.23,0
544557.56,24,1138835.58,510362.97,0
843612.96,36,4045910.31,3089796.01,1
525748.4,60,376102.16,451176.66,0
627349.83,36,1674294.65,1168149.22,1
98233.19,60,436106.54,98704.34,0
757717.72,6,2854432.64,560606.6,0
136436.35,60,543780.8,216805.49,0
827806.95,24,3084413.92,175699.33,0
784207.81,48,3773362.52,3690142.77,1
711657.25,24,384627.16,109442.11,0
45798.78,24,227236.94,29104.79,0
310097.07,24,1367015.37,941375.83,0
270481.44,36,963293.7,297380.05,0
366535.04,12,1399540.99,1099390.03,1
96766.32,12,364895.2,262639.29,0
937588.24,6,1598013.01,249048.03,1
558264.22,24,1263384.17,510530.69,1
312469.07,12,1520208.3,731894.12,1
403011.7,6,1358260.46,889889.34,0
452730.52,36,1278618.56,905919.41,1
604588.39,24,2519401.21,1257721.41,0
520522.63,48,1736367.87,48804.72,0
920198.05,36,1422690.32,547765.88,1
501993.85,6,2046544.38,1448631.76,1
992236.43,36,4031219.93,2302921.79,0
852910.71,48,1772365.93,1233767.94,1
216425.41,36,1049297.55,565848.22,0
931289.26,6,2126765.22,74921.7,0
125202.73,48,388394.24,300774.57,0
819275.21,48,1557913.97,1144155.13,1
386817.06,36,1396985.22,141463.8,0
879194.58,48,2474122.93,223049.44,0
869376.12,36,2378706.19,1025847.49,0
807866.15,24,3550102.42,2150086.4,0
792130.13,48,1214704.62,371382.05,0
311632.35,36,1337779.62,145959.42,0
90110.09,24,315391.62,128820.09,0
408950.38,48,2024854.34,2185713.41,0
181789.27,24,647724.49,182281.05,0
698001.58,60,545414.89,281427.77,0
352638.73,48,591466.36,419045.92,1
975854.1,60,4480180.77,2002073.54,0
644562.36,6,2864595.95,1575762.69,0
824255.76,6,2234240.24,1179584.1,1
141199.43,36,517229.57,228055.29,0
863394.34,12,2774577.93,689778.15,0
923529.62,60,4511510.71,1363538.01,0
492191.3,60,2374755.67,3495928.48,1
610190.41,6,3016437.56,2972201.3,1
767161.7,60,3477214.67,2299464.45,0
183090.24,12,68262.53,31638.17,1
507540.42,24,1147282.8,837280.99,0
404676.4,24,110033.98,78028.06,1
154910.25,12,616697.69,457685.59,1
373859.08,60,1820601.29,1993891.72,1
77490.59,60,271171.84,155653.3,0
35553.79,60,63928.74,92234.86,1
143814.63,36,516423.4,303173.85,1
963483.96,48,3760509.93,792352.57,0
554034.24,12,1258280.24,699411.62,0
966163.94,12,2781969.4,912104.31,0
438172.9,12,1575127.27,1051040.59,0
318697.97,12,895340.54,569698.54,0
511080.44,12,333651.65,56415.85,0
445116.57,60,875011.59,966040.97,1
114608.04,36,549272.04,315383.97,1
644418.05,6,2659339.52,1171119.71,1
223877.8,60,336791.02,150129.56,0
623392.08,60,2605558.52,1568578.17,0
653699.08,48,2673160.19,3099292.12,0
160504.6,6,246223.42,47070.81,0
70736.13,12,197609.52,87823.92,0
782953.97,6,2837125.25,1881478.67,0
465202.42,36,1434976.08,1001951.01,1
67582.16,24,285396.18,65620.43,0
994917.65,60,2973912.49,247795.56,0
67202.76,6,136994.2,25516.35,0
698084.88,48,3432800.76,2596569.16,0
983842.14,36,2309215.22,854372.15,1
246788.3,24,990095.68,331542.48,0
150826.88,36,301811.69,3159.21,0
130171.09,12,345154.39,14086.35,1
310242.4,24,945338.57,505715.24,1
110035.35,48,239086.13,112815.58,0
695239.73,24,2137763.81,984274.85,0
71668.88,48,146926.21,12967.46,0
514327.91,12,1777786.19,500711.59,0
996729.89,48,3810494.77,2476389.15,0
815830.57,36,1402021.15,196183.39,0
619067.24,6,2816113.61,1988598.06,0
313191.08,36,672732.28,65377.9,0
627656.88,60,1436561.29,1859499.97,0
531771.05,36,2028560.02,775315.58,0
431822.55,24,1356194.3,1130964.49,0
139403.27,12,452765.73,119366.32,1
887738.17,60,1729795.51,910866.02,0
455286.8,60,1966873.29,926273.42,0
202676.29,60,741732.36,88783.96,0
374081.76,6,738376.48,146592.48,0
419988.46,48,1179746.65,877875.69,0
829262.52,24,3596042.82,531724.19,0
736278.24,12,2569053.45,1428414.04,1
771611.84,6,1450839.16,1119693.23,0
20920.95,36,58677.4,5609.84,0
421992.46,12,991441.91,866491.63,1
486530.71,60,1610966.16,288597.69,0
29000.35,12,129102.71,22883.35,0
267215.08,12,808842.67,76992.66,0
762686.92,36,2300795.42,1195587.51,0
145738.61,48,680413.95,406258.03,0
539957.03,24,1898839.32,1028098.31,0
223049.85,60,776585.7,731909.63,0
21999.57,48,53166.02,6196.13,0
248789.44,6,902366.67,230894.24,1
976115.02,60,3431714.53,945980.41,0
803521.74,24,2321358.35,430996.58,1
959980.88,6,4768642.12,542499.59,0
492975.5,36,2261090.49,880384.48,0
118638.84,48,489213.43,326575.26,0
552479.89,60,1867774.05,1426291.62,0
459833.56,12,1433397.45,148317.23,1
845913.51,24,1816295.48,1196077.4,0
107101.75,60,23470.87,15482.91,0
493358.73,12,2076479.21,646163.99,0
158548.18,60,489616.02,701137.66,1
331429.17,6,1520578.24,1643137.11,1
739983.51,12,1493056.57,783069.99,1
481257.95,12,1578148.21,1240040.3,0
382129.4,60,1438480.23,556583.12,0
400531.52,36,1325346.62,419014.17,0
464852.3,36,81139.02,107697.55,1
787166.38,48,3907077.88,5784578.11,1
893163.84,6,1701853.41,344805.4,1
955781.34,36,1868401.66,35518.7,0
789034.35,60,1543457.23,632778.46,0
322252.83,36,1251668.61,377553.81,0
691253.36,48,1938527.65,2430367.69,0
443227.09,24,1802427.87,915068.28,0
262123.92,48,765179.08,222984.58,0
842462.86,12,3114268.03,1002173.67,1
48042.09,12,201512.69,3715.19,1
902744.37,36,3086262.45,1454421.99,0
466862.69,36,1581853.38,154478.78,0
640829.46,48,1159145.23,198264.71,0
662760.38,48,1947015.09,1116991.37,0
896166.56,60,3056125.16,765847.18,0
640302.99,6,1995781.45,260585.51,1
617794.25,60,2874434.17,1327814.16,0
75985.52,12,355069.49,61044.82,0
523223.94,60,2289999.89,496432.06,0
158667.31,48,446417.34,221901.31,1
740059.43,60,2968043.15,1756753.35,0
517099.7,24,1491061.96,882302.74,1
683425.5,6,1581499.64,1665435.68,1
51256.17,48,138399.82,50299.69,0
93944.1,36,24006.41,15126.83,1
719160.15,60,1913844.3,295550.73,0
81363.49,48,253251.82,30836.44,0
80544.16,36,390170.66,207475.61,0
21987.39,36,57099.87,18706.23,0
956936.38,12,4457971.75,2532122.46,0
740133.28,12,1703049.61,349602.33,0
359718.89,48,780011.25,202722.98,1
303570.23,48,1006785.84,722209.89,0
356206.2,24,1372743.82,463061.11,1
776907.0,6,1285907.63,1905094.26,1
664756.9,6,1511478.06,128998.24,0
193343.61,48,598377.75,85605.92,0
182368.24,12,484828.73,13919.52,0
107411.69,60,84888.98,28819.52,1
663699.69,24,2182949.49,1727009.94,0
766728.94,6,1580425.29,1104872.98,1
272395.96,48,1261364.58,638663.11,0
30735.51,12,77612.38,53465.4,1
91349.95,12,370785.69,176247.6,0
968181.43,12,4095122.06,1208122.86,0
302490.33,60,102775.37,14269.04,1
771530.92,36,2503445.11,1307897.34,1
628416.93,60,2297130.52,354771.18,0
388120.24,12,1037083.3,346326.43,1
213630.39,48,827524.56,546697.04,0
130172.55,24,406378.16,42012.77,1
618862.84,60,1876258.01,193661.98,0
776887.44,48,3491438.09,626789.71,0
647465.21,12,271685.75,119958.45,1
534999.11,24,2453970.56,3120514.82,0
51531.71,6,230977.72,236419.48,1
968803.89,6,3170199.42,765876.08,0
800727.05,48,2574905.97,1042820.86,0
299893.82,24,829604.01,184259.33,0
980170.63,48,4880865.78,3826647.09,1
605862.77,24,1144530.91,451144.69,1
586598.43,24,2091665.3,1244362.53,1
750592.45,48,2916716.37,1634636.49,1
813652.09,24,3881246.61,1523185.53,0
659913.82,60,2791905.47,533504.24,0
136814.79,12,513529.55,209815.14,1
344884.83,24,658331.03,358643.8,0
928802.8,60,2608140.78,3880274.88,1
232369.46,24,461473.14,30244.99,1
378445.35,60,1734886.04,24959.08,0
437756.11,48,1805163.51,473497.0,0
445010.94,6,1847408.96,222020.02,1
616810.19,36,2333329.92,3026813.23,1
943645.08,24,3090109.61,434673.78,1
248285.78,36,502753.56,158581.63,0
130286.36,24,345771.15,482995.13,1
205495.78,48,406718.33,265317.55,0
888055.65,48,3585254.72,1370178.67,0
649352.7,60,1338186.51,193913.94,0
293047.72,24,1159706.29,251327.12,1
817787.47,48,3208093.45,1075271.95,0
862756.3,48,2681071.87,782003.44,1
848049.2,24,1673455.73,466790.74,1
919737.27,60,2392975.09,252418.29,0
259718.61,60,680547.4,497240.73,0
757491.51,60,2993112.54,71251.9,0
465934.1,60,884389.78,311306.71,0
843578.57,6,3713213.76,2912114.6,1
731205.77,24,3044393.88,1606767.62,1
778682.97,6,292364.73,277146.35,1
659600.22,48,2649663.78,309687.58,0
185654.48,6,712875.35,549696.82,0
549576.65,60,2263389.01,25325.26,0
984823.04,48,2128448.74,1160238.81,1
938014.19,6,1924398.14,1354987.93,1
52742.0,6,21824.84,23469.93,0
173166.67,24,481498.75,279336.63,0
140411.49,6,600656.12,479966.41,1
728720.11,48,2975170.21,1522436.17,0
819607.48,60,510381.53,169315.58,1
221376.25,24,377491.55,264063.11,1
510794.17,6,786851.34,348845.35,1
842296.0,24,3324530.44,1993231.13,0
735473.53,36,1822140.26,856812.61,0
546814.83,24,1459599.78,1360935.13,1
594444.21,60,2029317.86,346031.15,0
513276.94,36,953897.44,60105.9,0
304572.97,36,1141975.17,97467.82,0
569371.77,24,1502011.87,1854454.46,1
691996.45,48,2570422.84,2838675.08,0
874589.69,60,3864833.0,552366.98,0
639928.44,48,1343139.19,919455.63,1
763510.32,60,3632824.73,2179803.93,0
168470.92,60,565625.7,259362.91,0
466941.9,48,2208750.6,864100.95,0
19238.3,12,42844.76,8770.1,0
254212.08,36,919223.08,349269.08,0
729197.1,24,2124592.25,1089880.6,0
991891.85,48,4175644.16,2613047.5,0
108186.32,48,391708.19,25596.43,0
407479.37,24,1316486.02,746147.09,0
802070.26,36,3766079.94,2237744.07,0
211995.28,24,597807.55,631497.08,0
559534.1,60,1270103.64,217766.07,0
735740.58,12,2669527.39,1151494.42,1
619825.6,60,2283499.2,918340.96,0
196144.49,12,595657.7,226688.31,0
361830.72,24,1158992.7,427102.64,1
785953.87,60,3818507.32,338550.59,0
558684.25,36,2270716.22,332237.55,0
15177.32,60,28641.21,2230.17,0
763380.85,48,1711847.39,332068.03,0
44958.24,12,220948.09,46571.75,1
748276.44,12,3025004.36,593084.44,0
210455.75,36,989701.4,167005.44,0
958492.75,12,2457110.66,1445610.68,0
374261.34,12,1533174.31,1004002.75,1
333662.3,36,1334318.7,349174.36,0
157399.17,60,398442.61,97261.08,0
312548.17,24,1071370.48,723417.07,0
877884.25,60,627025.92,312973.17,0
996370.99,48,3172406.71,744724.57,0
374626.44,48,1646530.21,1679268.26,0
454124.52,12,2004978.67,552720.99,0
724850.23,48,445782.42,209180.94,0
887333.82,24,3826167.9,3038387.57,0
597113.89,12,155535.28,37526.85,1
397610.44,48,1127239.13,839140.26,0
418495.62,6,1845489.1,473408.43,1
698661.97,6,2246690.86,971085.76,0
13186.08,6,31149.48,11462.6,0
623393.44,6,2042051.36,1279401.64,0
361938.08,60,722600.1,35316.47,0
796255.36,6,3121880.95,1566240.94,1
102060.73,12,273086.39,166182.23,1
592320.24,36,1428857.55,539702.19,0
486163.16,60,2356812.34,198523.93,0
645902.27,36,2725115.6,533697.57,0
74205.06,12,315723.48,171670.82,1
584183.95,12,2151565.2,1541273.53,1
565869.74,24,2510823.36,846867.79,0
565053.49,60,2348966.17,1053111.13,0
607452.79,36,2184222.84,399075.05,0
679703.26,6,3306032.75,3651613.04,1
806939.11,12,1751527.77,1924935.13,1
277122.51,6,1330694.91,697843.61,1
826798.92,36,2401878.62,2452839.13,1
503273.13,60,1685661.23,1096763.28,1
86287.7,48,12256.78,1884.26,0
67965.42,48,230428.33,106490.81,1
340895.94,12,1240596.56,65912.12,0
787048.01,24,3928908.56,4535652.07,0
710604.13,6,3491321.34,3900022.23,0
790728.82,12,3860646.9,1036338.27,1
522096.37,24,1419767.05,771006.17,0
445797.01,6,2215358.26,885068.09,0
155978.0,36,482623.0,360194.77,1
334910.83,48,1500878.4,2153836.24,1
439679.17,24,992408.6,289155.43,1
97714.43,6,319566.85,84327.96,0
228405.83,12,1114858.53,210452.85,0
602243.04,6,2899565.3,2303810.8,0
738306.48,12,2874280.34,890395.82,0
998364.04,48,4285328.02,3535444.03,1
933782.2,48,1977277.68,617659.59,0
646139.55,6,2601231.78,424711.81,0
427035.57,6,1564307.23,149180.26,0
639815.59,12,1164740.18,797207.06,0
787795.1,12,1493704.04,38355.5,0
127152.83,24,238990.44,184384.87,1
415805.84,24,1677880.21,561339.81,0
841404.26,24,1679445.62,332361.42,1
389994.62,6,1223437.67,604325.49,0
576153.55,60,1584097.5,168437.71,0
591891.67,60,2028273.36,1976296.49,1
192631.49,60,765260.9,506776.19,1
368613.09,60,1436311.55,487967.63,0
341166.18,24,1127322.13,467392.19,0
35934.74,6,112302.25,15874.69,1
33949.85,60,98195.0,88452.0,0
833380.07,48,3764115.11,1107481.36,0
280340.1,36,745138.75,301719.35,0
522897.98,48,1259023.49,770956.11,0
305738.32,6,1254017.59,502662.42,0
941272.45,6,2597132.7,1625819.65,1
266703.79,36,149241.41,13781.88,1
435360.24,12,1152664.35,58982.09,0
874002.95,12,3458260.89,439506.13,0
843514.23,12,1398446.66,863694.22,0
194240.4,24,553482.21,336220.62,1
804616.88,12,2173516.09,245812.16,1
463605.02,24,2020564.8,50091.67,0
488139.18,24,2384410.48,1307194.74,0
142145.17,12,442509.92,302776.54,0
89795.5,12,393926.3,237650.28,0
730659.91,36,2885325.9,468112.92,0
501496.54,60,2450237.35,1144295.92,0
442482.2,36,1919877.08,1163239.27,1
732213.15,24,1296876.33,265422.55,1
767857.77,36,3068732.85,1295547.33,0
167319.09,24,116176.29,29226.27,0
614122.9,6,956512.51,172612.57,0
144000.54,24,342663.02,265793.93,0
753861.34,24,3562856.76,2601119.05,0
660385.6,36,3131029.98,2603768.95,1
957048.47,60,4111457.84,449885.79,0
78268.44,6,386350.91,224982.12,0
66484.17,48,287404.97,263362.26,0
289365.2,48,444382.38,59909.07,0
269088.63,60,30903.65,9432.51,0
254509.01,48,409042.97,173385.07,0
907192.03,6,1659597.04,129369.35,0
257050.74,12,582462.29,266416.61,1
279230.23,6,34981.15,429.52,0
761804.28,36,3402493.7,2427663.09,0
455242.44,24,2056277.13,1514640.06,0
778943.45,24,2848367.58,1670444.02,0
74712.5,36,354780.96,132418.28,0
492695.48,36,1601367.79,326546.14,0
43277.46,24,199579.47,118807.6,0
72026.67,60,222506.83,165864.99,1
907373.08,12,2241472.4,284279.14,1
147852.92,12,87544.52,32624.13,0
537096.48,12,297244.16,74967.74,0
416984.65,36,1360168.23,388183.08,0
353869.89,24,938113.4,304517.45,1
900835.01,60,3441128.12,2620202.53,0
31605.16,24,157476.16,200612.73,1
667151.79,24,1060302.62,417908.39,1
963760.49,60,4480973.58,3410872.18,0
564566.5,6,854607.57,325473.46,0
937454.24,60,2601245.76,1797147.68,1
61735.3,6,129034.42,6066.14,0
424605.39,48,1762407.99,1343702.74,0
267556.21,6,448728.67,67320.48,0
733512.76,12,94990.93,74467.95,1
981484.12,12,2485354.79,349096.64,0
263964.76,60,519441.96,184657.86,0
657632.86,12,2762954.85,682150.33,1
206116.66,12,466021.3,161516.06,0
569676.95,48,1300494.57,260644.85,0
469293.16,12,280178.98,216369.32,1
972285.28,36,3455194.33,845071.39,0
612442.0,36,2332687.93,1219109.2,0
356011.31,36,555950.41,61131.19,1
122954.83,6,288518.88,190281.08,1
159734.36,60,480544.52,208559.38,0
233063.76,60,620396.93,747974.49,1
258456.99,24,1187505.79,402234.07,0
852109.9,48,3627415.28,5234010.84,1
565610.56,36,2087451.24,577838.23,0
528157.0,36,1417123.64,835497.11,1
123621.18,12,488594.57,257628.69,1
861538.3,36,3836200.06,2388717.1,0
725586.16,12,2598981.65,2645099.29,1
76991.68,12,326877.04,151767.38,1
710756.75,24,2929645.05,2184738.68,1
548102.84,6,1918952.21,165646.9,1
90908.09,12,235692.06,17787.26,0
463717.64,12,1905989.66,1092672.41,0
489849.32,60,1089320.69,274667.82,0
174116.79,24,736202.22,387877.98,0
946241.17,12,4083894.97,1781834.46,0
851475.62,48,3727340.55,2940324.99,0
672332.11,6,2121346.24,1508797.19,0
467672.61,48,1016571.86,551447.77,0
417647.89,36,772244.56,161661.45,1
654463.73,6,2684456.01,2740762.1,1
549977.55,36,2530949.85,3615548.37,1
71650.37,60,270690.39,126756.96,0
517377.62,12,1037114.59,654860.52,0
808339.58,24,3857507.68,1388283.71,1
464647.48,48,2305514.37,190110.2,0
61437.01,36,185344.72,49329.34,1
788415.42,12,2824016.14,364070.34,1
209350.14,48,883520.36,552612.17,0
266034.63,48,1084720.09,607887.54,1
173059.29,60,845784.91,59822.65,0
336912.91,60,640838.95,318566.37,0
759183.99,36,2681845.56,1875437.14,1
524192.0,12,2055755.2,2727663.68,1
212832.46,24,982295.12,1103923.43,1
879051.78,36,4007934.35,999942.06,0
880786.04,48,4336109.04,3077238.59,1
871872.64,48,2870444.14,970910.24,0
246408.25,6,1086084.53,743223.79,1
456726.95,12,1368119.17,856989.67,1
985139.76,6,2933843.31,3289380.89,1
774292.35,60,1848018.48,1463331.29,0
36895.75,24,161006.8,229142.93,0
74552.55,36,369061.43,10050.56,0
469292.06,48,1124985.07,184888.09,0
910128.0,12,1543996.25,43472.94,0
543314.78,48,2365809.08,359439.4,0
502834.38,60,1845807.05,90724.39,0
114418.96,6,555955.53,675352.13,1
660212.3,6,1573178.47,35498.73,0
823882.13,36,1440637.66,544652.2,1
386615.81,12,1246274.59,896162.07,1
777855.73,60,1399464.42,838084.4,1
964831.89,12,2331289.53,1760507.65,1
211728.79,36,410949.18,74512.24,0
528096.33,60,1206416.33,512568.48,1
294266.58,60,550721.75,140358.91,0
794925.87,6,143483.86,56684.14,1
581817.43,6,1439980.39,641742.62,0
638236.59,6,1948945.77,56419.84,1
799935.02,48,3715811.22,693388.61,0
402010.77,24,1556033.16,877319.85,0
915939.17,6,3355205.33,2074665.78,0
537698.58,24,2134379.01,972340.04,0
166375.27,24,732197.25,158640.22,1
698940.13,12,3195444.15,1035538.94,1
795328.74,36,2981877.41,229096.0,0
323594.06,48,1493394.83,1138778.81,1
858607.46,24,2896848.28,2013141.47,1
907081.82,48,2240961.96,2726453.12,1
284135.44,12,1301416.6,173338.97,1
983686.26,6,3339767.22,1552576.13,1
149304.41,60,697472.8,129690.92,0
209995.51,24,344515.98,257532.78,0
192382.59,36,556236.77,336229.81,1
895049.81,60,4311739.17,942689.38,0
657749.63,12,1561349.84,7621.15,0
160583.24,48,770057.15,492496.14,0
445920.18,6,2157655.52,732031.6,0
619145.04,48,2840326.69,1459650.05,0
92629.44,36,321687.05,73852.87,0
883592.2,24,3326095.58,380168.09,0
805567.5,36,3660224.42,1977433.58,1
510154.71,48,2150628.49,774784.71,0
967455.35,48,3584739.85,674417.76,0
423583.37,60,2091615.68,230291.91,0
984269.22,36,3838520.26,1782546.15,0
671240.8,36,3298602.8,1914640.85,0
638324.56,36,1085700.49,246572.97,0
174295.35,6,346213.54,203613.04,0
883108.48,48,2720067.69,398483.82,0
433214.79,12,1233396.35,333920.54,0
170611.07,6,723317.91,431029.36,0
22481.44,6,46360.08,24483.45,1
564158.13,6,168906.81,36554.63,1
532125.63,60,1384979.64,135323.59,0
722160.09,12,2167370.68,73644.52,1
891355.47,36,2194167.41,1470820.94,1
88612.52,60,312604.83,18791.79,0
734181.53,48,1251926.68,115022.17,0
195537.82,24,395743.38,75257.93,0
859595.28,60,3533187.57,1259707.73,0
820872.88,24,1767135.77,1116528.8,1
545385.82,48,1267640.58,250972.88,0
713140.37,12,3048987.31,1325719.8,0
321206.61,24,586701.26,42417.34,1
476456.22,6,1444214.26,536682.73,1
823420.53,60,1301598.83,184971.76,0
464672.55,24,1261040.4,213056.87,1
364220.28,48,1437371.63,421815.03,0
499270.32,6,906356.11,826841.25,1
829966.76,24,3825458.88,2276871.6,0
341855.97,48,1600995.83,531496.0,0
182023.98,12,339923.65,32271.31,0
714893.88,48,3551280.76,797451.8,0
827718.43,12,2103525.08,850422.84,0
109631.1,6,196717.21,136822.61,0
247475.37,48,375602.01,290942.7,1
150552.27,36,441092.58,224946.96,1
354462.0,60,1313045.98,1128883.57,1
455847.47,36,1213751.95,673344.39,1
751338.07,36,3327308.74,894993.18,0
654636.11,36,2623861.37,1312924.51,1
624719.28,60,1702713.23,332051.65,0
358851.2,36,1460554.47,311961.23,0
843033.08,12,166005.95,9990.32,0
476574.3,48,870146.51,292467.49,1
979313.89,6,2518172.34,1245335.98,0
637800.72,36,1990984.74,1256382.96,1
135002.09,36,437807.11,379945.05,1
679415.79,6,2308440.67,1832799.3,1
331852.98,6,846953.24,59460.0,1
689463.92,36,2644375.96,1043231.21,0
78944.74,12,296658.21,123736.04,0
183132.62,6,645061.81,415179.03,0
857179.89,48,1627069.75,346707.11,1
234907.76,48,27925.58,1549.81,1
838670.71,12,2303655.76,578233.83,1
286483.33,60,922085.17,725812.21,0
646453.09,24,3055481.56,2198580.8,0
697209.07,12,2218421.44,701459.47,0
517528.21,36,801616.4,561947.2,1
312257.57,24,947991.68,24840.78,0
220517.93,36,964163.63,242355.32,0
42857.46,48,181296.19,105414.58,0
310906.94,6,1025018.29,181594.09,0
656631.16,36,1558968.15,1548584.67,0
938921.77,48,468124.81,322746.79,0
872492.44,12,3030129.4,1493136.17,0
768404.13,36,3841674.89,3039602.99,0
790562.87,48,2968265.78,319788.31,0
668335.05,6,2626508.13,748299.33,0
267683.99,36,861966.41,214604.38,0
908123.08,60,2488905.12,2456668.54,1
674024.99,48,2928864.68,3652427.89,0
564836.22,36,1825699.29,516250.79,0
119879.57,6,597169.94,68236.88,1
452584.99,36,1402978.17,870296.52,0
465754.69,36,809482.11,153933.24,0
865917.97,60,3367575.32,4261525.58,1
551181.74,48,916750.32,874429.49,0
386596.54,24,918845.49,287751.63,0
977032.33,36,2675196.48,380111.61,0
119613.39,24,489002.57,52263.64,0
428322.94,12,1383408.46,992243.87,0
51604.43,36,82580.54,4482.11,0
742505.08,24,2716807.14,3701463.45,1
918895.79,12,2701578.28,529611.53,1
287236.96,60,1357602.74,1034861.68,0
859758.26,48,2792897.27,190775.55,0
299296.05,36,1191621.19,1309842.32,0
911662.46,48,2065863.35,1474286.28,1
756422.28,12,3149294.18,952013.34,1
806857.71,48,3246265.79,763247.47,0
27826.49,48,17459.7,9461.45,0
963182.25,6,1558790.79,1954233.21,1
729404.28,12,2236537.65,1395558.63,1
311703.58,48,1208488.47,802984.3,0
831100.72,24,1523468.83,1546200.9,0
288705.99,12,847962.47,466014.13,1
874026.3,6,4193152.63,452544.23,0
121454.59,36,367493.74,150152.45,0
706649.12,60,3497147.66,1714684.84,0
545291.49,48,926415.73,119864.81,1
105569.13,24,423586.02,25925.68,0
249474.89,6,155621.93,24245.43,1
22280.0,12,72452.08,24378.02,0
474080.29,60,2322029.1,1649274.07,0
308252.61,60,602256.68,256279.21,0
602373.91,48,2792603.24,1672194.94,0
304265.43,6,1192520.11,166136.68,1
306919.92,6,738598.57,62620.28,1
745761.27,24,3472146.65,665589.28,0
57661.41,36,173130.24,43473.75,1
903866.05,36,3931632.61,1723948.62,0
853741.24,36,2442492.06,1721943.85,0
671126.64,60,3005478.17,1024489.65,0
597289.35,60,2226815.3,924214.19,0
893379.47,12,1781097.79,6573.73,1
193476.88,60,730147.13,19458.17,0
88179.47,60,191323.58,12821.62,0
247115.07,6,726945.62,406504.55,0
796632.5,12,1669769.24,649461.91,0
44323.56,6,69900.75,10790.51,0
586978.77,24,1315773.31,623781.22,0
995483.14,24,3362047.28,3333705.33,1
857139.13,12,2730385.32,193965.05,1
526231.23,12,1713008.86,877626.2,1
73004.5,60,172794.65,106048.21,1
833059.78,24,3247320.51,744427.2,0
602988.72,48,2390802.94,1314920.31,0
123783.67,36,340762.5,483611.81,1
102918.71,60,471789.18,285613.17,0
910530.55,36,3418205.67,2493305.31,1
672508.26,24,2687099.2,949872.64,0
830993.93,36,2053128.15,401792.38,0
880189.11,48,1322167.91,422222.9,0
576054.63,48,2608844.64,521930.62,0
522271.89,6,2286759.82,2267.32,0
436123.14,12,240972.24,248324.24,1
323777.12,36,909609.07,30946.1,0
440250.0,48,1679416.21,282666.9,0
776140.86,12,2935665.88,1696696.41,0
605904.2,12,2733370.88,1455738.69,1
893598.06,6,1779098.84,104367.51,0
448946.21,12,1348988.69,712325.1,1
611018.68,12,1124448.79,837107.05,0
634994.48,60,1818359.63,108377.83,0
595780.19,24,925172.79,307666.75,0
705607.44,6,3276809.71,2913747.53,0
245059.13,6,819638.0,437832.92,0
517240.14,36,2314291.65,419369.17,0
113182.55,12,193504.41,25243.39,1
390666.21,36,897010.01,919483.02,0
492790.4,60,1186555.5,1322964.82,1
655702.02,48,1870993.41,1148914.89,0
951025.74,12,244973.43,188767.6,1
604644.56,48,1725022.24,834904.45,0
746157.98,24,1653700.49,1229160.99,0
511203.4,60,883086.45,487771.53,1
637762.99,12,205143.98,149161.79,0
80222.89,36,333740.48,43143.02,0
261847.67,36,800418.7,522234.92,1
368234.56,12,1488269.29,234248.59,0
477768.42,36,1857565.97,40761.09,0
55192.26,12,108936.75,45107.32,1
148623.86,6,297263.74,75683.77,0
284046.16,36,1177001.24,40989.17,0
971817.36,12,3911019.71,3157076.11,1
338033.54,12,954305.08,508809.58,0
487220.65,36,862857.01,622507.96,0
204136.74,6,314848.89,251648.03,0
614672.27,36,1541935.71,483510.01,0
287876.38,12,441106.63,89892.95,0
214922.65,6,495451.34,686794.49,1
521406.9,48,1547667.38,637870.63,0
15450.74,24,29741.98,14420.83,0
17587.39,36,32799.99,44313.06,1
226878.12,60,1052154.32,325959.1,0
46354.15,12,164517.6,22147.04,1
116945.5,6,557899.61,197210.65,1
345472.04,6,936364.51,63854.92,0
804559.82,48,3113652.36,2154766.4,1
576328.16,36,1277385.76,47930.22,0
517541.05,60,1896369.31,577476.41,0
300553.93,6,587147.15,47036.53,0
932436.18,48,1405444.49,871353.66,0
403044.89,12,1918639.3,480023.57,1
96221.84,48,331208.11,29969.2,0
620895.85,36,2945711.41,1252495.99,0
122700.01,48,327413.97,240001.51,1
351770.91,6,931225.98,676922.97,1
512337.82,6,1486954.22,2143657.73,1
875480.3,24,3476657.85,2001608.37,0
498611.11,48,1735331.31,42042.49,0
705236.18,12,3341932.43,352511.84,0
992888.67,60,1577742.94,630431.2,1
140174.23,60,557709.22,102063.66,0
281984.21,36,748991.49,478313.07,0
400630.31,24,853670.19,635862.85,0
427609.9,48,1405290.62,4871.66,0
416910.86,12,1362349.31,1107476.19,0
908534.89,24,1798479.88,1805375.95,1
716892.32,6,1581920.54,712597.35,0
611826.16,36,1791779.61,1312876.74,1
316278.99,48,926963.1,661394.47,0
825552.48,60,510058.31,259995.12,0
955509.91,12,1930042.14,397415.77,1
822986.3,6,1247077.62,781456.56,0
11549.45,24,56544.06,9167.0,0
640037.36,36,482054.75,372212.72,1
60624.03,24,193558.97,180609.05,1
265031.15,60,1320565.71,601935.51,0
68929.45,24,265915.35,18804.95,0
607757.5,12,1058106.65,345027.02,0
689724.01,6,1318761.75,669860.85,0
123342.76,48,580498.88,320248.92,0
390000.49,12,1445023.07,908132.81,0
461674.14,60,2054977.47,975420.05,0
375362.49,36,1743162.3,350472.33,0
129814.75,60,398245.31,514257.1,1
424758.31,60,709278.77,460241.01,0
753666.27,24,1627151.32,1478293.83,1
80297.59,36,139155.87,92011.11,0
89378.21,12,193109.62,150261.61,0
361223.58,60,1060864.98,540802.76,0
942308.45,12,1803285.16,406540.14,1
671886.92,48,1399920.99,679346.75,0
681883.26,24,131114.71,35929.11,0
368300.79,12,990949.49,535863.05,1
597724.18,36,1874943.26,817175.21,1
20029.87,60,60131.71,44713.49,1
639735.09,48,2402635.86,1187687.38,0
914154.08,36,4369805.89,748046.74,0
616447.73,24,1157396.14,671391.49,1
874961.61,48,1616413.29,389074.97,0
726733.32,48,3259269.14,710236.34,0
129352.83,48,423292.71,132668.95,0
903428.77,60,3778516.37,36263.72,0
75779.41,6,170805.02,132427.27,1
538627.8,48,2370511.19,1009517.49,0
150715.75,36,713407.45,441453.05,0
21589.54,36,80403.56,16585.79,0
427813.92,24,800258.7,477990.12,0
302090.3,12,1399745.03,635115.27,0
491140.49,12,2098990.57,712219.7,0
581427.89,6,2400176.32,1863821.83,1
53301.68,60,86804.38,34294.24,0
131773.26,60,566146.53,297774.32,0
563055.97,48,1116443.45,13702.95,0
349735.68,6,796820.85,192164.64,1
731881.75,24,2576203.21,2808645.59,0
655768.73,24,1591834.46,966509.75,0
847148.32,12,3231632.56,1387673.46,0
695567.9,24,2523691.85,1817380.57,1
435631.77,48,818344.56,318316.73,0
676236.96,36,2567030.01,1163392.51,0
282627.36,24,1337913.32,409029.91,0
313250.36,6,646512.62,320690.97,0
791095.31,48,2839808.34,724722.57,0
451955.32,24,1218710.54,375842.7,0
800396.54,60,2488145.38,1923488.18,0
824198.15,24,2064204.78,183811.13,1
858986.71,60,2353157.35,2686414.35,1
917468.88,48,1469043.26,50906.49,0
436675.37,24,2155181.19,551803.14,0
325678.15,60,1200710.11,382526.3,0
586376.76,36,1907172.57,144206.12,0
377460.7,12,1073122.18,471427.72,0
605063.43,48,325894.63,465592.97,1
708530.0,60,2005402.76,1204888.8,1
691520.97,6,1908375.03,1490010.55,0
380807.36,24,1189570.94,589410.75,1
175191.6,60,432012.08,38587.6,0
436224.05,60,929233.41,65807.75,0
151168.2,60,521246.19,324234.67,0
891196.06,12,3965536.42,2063138.94,1
352418.69,6,717136.31,92891.75,0
162915.15,6,263037.95,53314.63,1
35193.28,36,83191.32,49930.79,1
649364.16,12,3200730.39,1449689.61,0
640533.29,60,2818764.91,1319182.12,0
347198.12,48,1244889.69,209150.1,0
80994.77,12,384917.21,193708.19,0
415532.61,12,1270896.89,783511.59,0
318105.32,6,1571911.75,1113230.7,0
680349.43,36,1726085.39,1017309.61,0
609721.46,36,1427400.69,658175.2,1
370947.79,12,1384810.68,745869.34,1
225713.63,12,637311.21,247333.58,0
988155.61,24,3648546.6,662279.05,0
459461.6,60,1179660.45,832563.74,0
691391.49,6,2532369.22,1079037.73,1
149147.44,60,367665.13,174808.1,0
490733.8,48,823648.71,652401.54,0
37261.35,48,174847.98,137782.4,1
510400.57,36,2343360.39,1099150.35,0
964377.23,6,4723320.55,128312.83,1
390364.65,60,1564521.06,495824.93,0
48606.05,36,189054.4,141759.53,0
40646.23,48,140494.13,32404.31,0
394106.89,12,764882.04,611458.14,1
168424.69,6,364188.68,24565.99,1
33118.58,6,16639.52,7562.52,0
758651.48,60,3501591.77,1443914.59,0
463937.78,24,976771.51,199537.16,0
296352.32,60,1401763.1,1460385.62,1
901082.35,12,3000379.01,3376776.22,0
124977.57,12,500471.89,92178.23,1
956359.64,36,1803556.28,554122.03,0
320827.05,6,783336.91,451972.5,0
889519.64,36,4318453.41,1028471.51,0
606913.45,12,1475725.11,1038445.57,0
828440.29,24,2102437.33,2365863.28,1
984173.03,6,2156904.6,456409.8,0
295521.38,12,576786.17,66860.41,0
961524.13,24,2227276.17,185628.04,0
395587.08,60,1482717.39,356226.32,0
391656.79,48,1211702.71,968566.08,1
346983.23,12,1192978.81,90026.39,0
545993.53,48,1052826.71,179403.52,0
162603.59,36,700399.93,826427.45,1
558174.37,48,2369077.03,1173412.73,0
546287.76,12,118880.15,70885.45,0
764282.79,48,2172323.14,1306754.34,0
835313.46,6,1454027.72,1328177.35,0
446036.94,12,1905634.94,2087132.24,0
309309.92,24,1262121.77,636853.4,1
266741.55,48,1242204.28,514426.29,0
202677.6,6,471714.65,143102.59,0
67071.11,36,207721.61,132517.11,1
349023.5,36,748902.37,206026.51,0
277545.22,48,776938.52,142964.32,0
966753.21,36,3217211.0,798113.29,0
562131.74,24,948123.86,333472.54,0
353804.27,12,1415941.12,242474.13,1
584662.92,6,1988746.57,966644.19,0
147804.73,60,650541.32,460171.7,1
449603.31,48,1102081.91,524996.66,0
629971.98,36,2936692.42,1049381.95,0
494008.85,12,2467786.57,1573201.63,1
407761.01,60,1923630.72,1151160.06,0
993909.91,24,4196907.51,1232407.19,0
881511.61,36,3828661.27,1850479.2,0
627171.9,36,2200184.78,1284631.32,0
573683.59,6,1242333.91,243957.86,0
624453.88,24,423077.97,123969.93,0
209298.99,24,836073.18,70749.23,0
401186.37,48,1985410.36,1568760.53,0
49064.94,60,166553.62,11442.59,0
480790.58,6,1177836.7,158872.39,1
547594.34,48,2131704.72,818288.03,0
235472.24,6,1160363.72,803224.03,1
964388.56,24,2044743.57,582149.98,1
910360.06,6,2404254.29,2043564.89,1
724921.8,6,2462257.31,3018344.38,1
538052.76,6,1127624.73,576138.73,1
871269.47,12,1374664.78,929292.36,0
139345.82,12,373368.89,4232.6,0
792604.7,60,3589546.43,2668190.38,0
133572.61,60,220680.57,146395.28,0
796268.56,24,2389802.37,1793053.84,1
283009.89,6,1179501.08,748830.21,1
878319.68,24,4247676.14,2985577.41,0
944601.67,12,4674988.48,759510.03,0
157308.01,6,468289.09,119593.19,0
468048.85,48,2258965.24,569658.65,0
981177.5,12,1593399.3,139156.97,0
488573.36,12,2008383.05,1172219.69,1
864912.05,12,3243083.84,353290.9,0
592844.21,6,1407012.87,59104.86,1
381576.61,60,1249897.97,775383.57,0
292925.72,36,572212.26,414127.49,1
211190.86,48,961043.02,587484.33,0
764180.21,48,2103515.53,1388912.96,1
392675.1,24,1449424.91,690647.12,0
516162.71,6,1061084.46,753579.07,1
497402.23,60,1105017.33,439092.76,0
581506.24,12,2891160.23,2285919.24,0
866921.37,36,3585415.47,296628.72,0
980931.95,6,4774099.22,3090487.18,1
413508.37,6,1048441.82,537967.59,0
829243.73,60,1721485.16,2551588.47,1
766882.52,36,2500604.22,1451971.9,0
577793.66,12,1867047.18,1255091.15,0
956486.67,6,2020399.03,1394696.11,0
208469.77,48,847694.06,118935.52,0
118171.57,48,326888.72,392751.85,1
855422.35,36,1841106.97,23811.42,0
444758.32,12,1183920.8,124872.82,0
848499.17,36,2946672.54,622060.24,0
894159.3,6,3614771.54,2085103.82,0
71833.02,48,228904.4,87124.22,0
884630.12,24,2954295.24,1791256.65,1
453835.86,36,901459.06,1330785.15,1
515328.16,24,2422773.21,1076869.3,0
630326.59,24,2994388.33,3488855.7,1
927118.78,60,3608339.86,2241668.97,1
28924.93,48,45172.35,27397.09,1
482075.03,36,1629297.79,400887.54,0
690844.82,24,2557691.57,672321.1,0
725479.89,6,3613825.56,635112.35,1
695607.11,60,3468460.06,2258216.33,0
143090.78,12,644143.08,384943.41,0
306401.63,60,528055.17,575747.89,0
365128.37,12,1765931.45,337394.77,1
806392.84,48,2938749.01,404027.05,0
285972.27,36,1230568.33,49487.4,0
218597.91,36,639437.14,23332.54,0
957873.54,12,2508520.56,375547.88,1
18774.65,6,58602.34,4713.15,0
997842.65,12,2009715.76,894094.68,0
680053.09,12,1869963.39,535692.34,1
830184.61,36,3737209.89,1330284.62,0
301673.2,24,492580.06,234100.52,1
24172.12,6,49022.83,43983.16,0
740490.82,36,1435002.02,744136.62,0
835803.15,60,2432826.05,507694.96,0
743071.37,12,3707520.53,5204435.79,1
151421.78,24,319008.25,363944.45,1
755893.64,6,1518733.39,383860.89,0
771233.55,48,3626876.2,49515.32,0
661955.11,6,3036505.13,2184229.04,0
768454.77,6,1239395.59,915713.78,1
847462.23,12,3500841.78,142684.34,1
617468.07,12,2342754.1,9289.66,0
97718.67,48,409157.14,267230.28,0
492751.53,48,1591961.24,383934.38,0
86872.84,48,431743.01,315891.57,0
413467.6,36,181005.28,31385.38,1
413035.42,36,958366.31,660241.26,0
75349.75,12,217603.37,11949.78,1
355332.33,12,1092370.75,227769.65,0
119888.12,48,566445.7,440979.74,0
810152.86,36,2803141.27,518461.51,0
948211.15,24,1572028.35,167280.15,0
81593.31,36,238866.08,163777.03,0
955564.06,12,2826287.53,2893714.7,1
527350.83,36,2573059.81,200608.32,0
306570.02,12,1102790.55,285336.15,0
86093.45,48,320679.05,162989.23,1
505618.03,48,2020644.62,1148932.67,0
796570.39,48,3341722.4,2355884.31,1
710015.61,24,2643160.02,1143772.58,1
59723.75,24,139167.1,43800.65,0
82172.82,12,374639.09,107546.52,0
408844.55,6,1660897.99,1125295.23,0
302337.59,60,1238540.06,717179.41,1
240060.48,24,1197409.33,867335.32,0
288194.45,12,1241784.6,957699.51,0
805447.92,36,3545605.84,851089.6,0
929935.77,48,4491514.73,1903231.28,0
411051.67,48,167047.04,84435.04,1
907049.89,48,2940697.3,385464.12,0
328280.74,12,1159482.51,1033262.27,1
481672.62,48,1277619.79,886937.88,1
233768.71,24,1037444.89,444460.9,0
644071.28,36,2684790.96,1225927.57,0
979191.3,48,3939375.47,1748812.77,0
607458.17,12,3031230.26,1830767.79,1
364235.94,36,877019.97,102086.49,0
651339.27,48,2653621.57,1303561.75,0
131691.47,6,451690.64,169647.6,1
889772.49,48,2309370.81,1657127.19,1
508053.11,60,1047632.97,435497.62,0
454856.24,24,2108528.6,1590564.29,0
590006.14,36,2114637.58,597601.65,0
628536.02,24,2757556.24,2133013.22,0
81058.05,6,276303.18,193447.14,0
685791.05,6,1556690.67,727613.77,0
249512.36,60,669047.64,189319.04,0
716813.11,24,2032441.82,611233.88,0
824309.45,36,4043461.94,5608159.84,1
805918.92,6,1224768.26,1095777.62,1
556975.96,6,2756936.92,885721.31,1
524968.19,48,2588941.38,1317367.21,0
151447.2,60,755195.67,442987.75,0
777592.69,12,2463459.23,45131.58,1
278695.29,6,1358174.51,97639.49,1
501728.47,36,1447284.51,109397.85,0
291431.35,36,463967.61,86087.82,0
142490.08,48,325620.49,111229.47,0
633262.12,36,3045064.24,1957732.46,0
63788.71,48,98756.18,121551.75,1
751158.78,6,2562187.18,35825.09,0
324410.93,6,572457.33,221363.23,1
10133.35,6,25357.57,20217.66,1
516017.85,6,933127.97,260545.0,0
56383.39,12,254196.07,195477.7,1
283407.86,60,1011411.09,830981.12,1
709906.72,60,3306300.13,457855.54,0
72062.73,12,281710.23,163194.08,0
840945.11,6,4119455.36,1651777.85,0
13781.72,36,45267.05,27707.85,1
254355.63,48,950142.16,656402.55,0
743495.02,60,2614932.11,525255.92,0
323107.45,24,1032299.71,563907.48,0
110873.46,48,494590.74,240411.16,0
366631.58,24,1377008.81,949073.06,0
277689.35,24,1195339.61,411296.18,0
844284.78,6,3590130.03,148977.27,0
320214.44,24,694435.63,318988.24,1
791043.15,6,2986640.66,2291059.98,1
892953.42,12,1963397.47,22981.46,0
439479.25,36,1556469.24,299163.33,0
910843.71,24,3525895.49,891537.6,0
383544.87,36,1914012.69,1172660.28,0
964437.63,6,1549751.86,400799.21,1
98396.63,24,179017.75,34240.2,1
690149.07,48,1221283.27,633658.44,1
498875.9,12,1443878.81,53602.89,1
393772.32,60,1722974.12,235147.18,0
636384.76,12,2834583.19,3477936.71,0
706818.52,24,2883415.67,820274.0,0
14319.64,12,66429.87,79075.24,1
175283.56,60,460997.48,40034.87,0
715915.59,48,1294762.88,1235386.05,1
669721.56,36,1140894.52,728340.46,0
966387.03,48,483422.68,598717.19,1
763427.41,12,3096863.92,1452233.91,0
951264.98,60,3752886.43,491115.96,0
705515.1,36,1897036.4,105796.0,0
305071.69,60,863251.65,607698.8,1
114311.27,48,554798.02,147075.89,0
784005.62,6,1351089.9,378669.68,0
647707.73,6,2725593.69,1913776.37,0
57704.15,36,149091.17,84417.97,0
366449.96,36,599765.41,362864.17,0
957231.82,36,3923688.82,2140775.56,0
505397.13,6,1343442.41,113700.63,1
438401.84,48,1765670.56,1353204.01,0
463122.61,36,1841741.52,1876141.45,1
216793.9,6,730975.71,138136.94,1
375020.1,36,134671.57,86620.13,0
376115.12,36,1329053.23,435287.72,0
61831.47,60,154778.33,84665.85,0
769891.95,36,3133001.04,415067.5,0
422339.39,6,1504368.41,648147.2,0
823958.09,48,1272640.75,128909.65,0
851844.52,6,3965979.06,1701142.2,0
219874.11,6,749716.33,146101.09,1
660779.95,36,275481.79,222105.04,1
477558.99,60,2191794.68,1171241.36,0
881355.17,24,2694640.58,1890720.61,0
223583.27,24,732639.89,96877.85,0
681035.07,24,2012554.22,1438202.02,0
611674.6,6,1879693.61,586521.02,1
302348.46,36,1400784.97,945582.04,1
145234.89,24,618483.37,253601.89,1
655123.36,12,1272799.78,877935.1,0
741211.48,12,2695102.19,1429102.88,1
322471.07,12,1607735.38,654304.75,0
648384.28,48,2324086.41,2815970.09,1
401179.6,36,1705234.23,1321773.55,0
716074.81,6,3001581.63,1923167.76,0
207223.12,6,564913.3,172270.17,0
891312.85,36,2496988.49,333045.51,0
294535.5,60,1188234.99,741017.01,0
374108.13,60,1215829.86,962883.06,0
67511.03,48,236085.9,52689.64,0
120397.09,36,481006.87,403244.76,1
520703.28,60,2198155.45,3256708.79,1
274916.75,48,673630.72,513148.31,0
837125.42,24,1685784.89,2210145.57,1
24546.45,24,61888.5,17160.26,1
385303.11,48,1262401.0,307654.01,0
343972.09,36,927862.86,477615.81,0
29134.35,24,101657.6,48267.61,0
133124.72,36,224598.71,165113.6,0
419506.25,60,1377711.57,844529.63,0
497935.94,24,1388219.1,600115.87,1
410246.85,60,1383079.01,1026317.48,0
535628.3,36,1595565.33,756592.36,1
599180.36,36,1494829.46,1016107.14,1
19824.58,12,92469.33,62209.12,1
469454.21,48,1007766.77,741067.23,1
963864.25,6,3744400.09,202503.24,0
523841.96,48,2481049.88,1158788.57,0
680766.84,36,2304630.52,863577.49,0
318745.22,36,1455846.39,571323.49,0
776251.46,48,1503583.69,553211.27,0
775192.27,36,2502522.74,1676623.55,0
526083.09,60,1630641.09,415399.81,0
976253.69,24,1492121.59,552384.7,0
134294.71,36,409786.97,65789.67,0
26778.19,48,74754.11,15053.48,0
772456.63,48,2969551.58,3100783.76,1
809083.98,48,3870782.54,362106.87,0
129005.16,12,232243.97,34896.39,1
272927.0,60,722210.52,671872.61,1
27376.84,60,83615.07,124516.81,1
300375.52,12,929106.19,1285555.52,1
775410.46,60,3265900.16,2255699.6,1
522780.92,12,1595467.16,1079999.5,1
354614.64,60,565633.24,157370.98,0
378021.9,12,1506555.0,419414.44,0
11340.09,12,52129.3,39055.92,1
306802.52,60,1012039.19,20921.8,0
649994.15,12,2297001.21,1066351.6,1
974452.5,60,2017387.12,964134.45,0
848590.22,12,1928218.3,1215374.61,1
33359.01,48,7382.51,9491.41,1
899575.0,6,2705558.99,770170.02,0
785366.43,60,280279.33,359139.51,1
782572.36,12,2603028.72,1397927.38,1
463415.8,48,117051.43,90576.42,0
404025.24,6,982309.42,700026.98,0
309886.57,12,881333.71,470317.04,1
75037.91,6,276245.04,189332.51,1
235953.01,60,717324.53,48895.38,0
254137.6,6,730278.87,616860.15,1
489236.3,24,1700854.51,1850433.69,1
749969.96,36,1759746.38,2075543.39,0
479071.73,24,850908.74,429193.31,0
67266.0,60,106646.89,158780.52,1
958211.9,60,2279976.17,1154179.22,0
943297.08,6,1717340.36,912440.94,1
787337.65,48,2107854.24,175072.65,0
991414.62,12,4169163.57,2217529.71,0
549037.51,36,2200009.86,799653.81,0
963140.67,12,3504143.34,1826191.96,1
84848.99,48,380441.73,99271.89,0
372023.94,60,925311.59,430444.54,0
233127.46,36,99229.46,33664.13,0
203874.75,24,590693.88,263986.79,1
149394.92,60,433712.37,51035.63,0
626189.51,60,1827678.51,578752.46,0
783508.64,6,1444265.2,432446.11,1
582515.42,48,2862607.03,1686406.51,0
155493.08,6,308618.58,420869.95,1
813012.53,6,2189524.07,1591974.37,0
639595.16,12,1674173.03,846536.34,0
394284.05,60,694483.26,174758.17,0
677388.99,48,1377071.16,862844.88,1
267305.93,6,442927.04,176106.96,1
351740.29,24,887586.98,137393.64,0
918310.98,36,4162978.46,2489166.27,1
297599.46,48,799961.55,84816.02,0
475288.39,12,918695.11,130934.88,1
891239.73,48,3350997.7,2034071.5,1
710644.14,60,3544766.3,2183986.37,0
71581.19,12,165576.83,104748.04,0
155830.01,36,386224.45,90631.47,1
17763.17,24,87065.55,60359.93,0
634612.57,6,1349006.73,779907.34,1
453196.69,48,1490676.87,994540.74,1
142932.1,12,334287.09,189502.13,0
958354.78,36,4564865.81,2116624.05,0
534363.13,6,2637254.94,230801.52,0
249474.36,36,1085573.32,617418.71,0
505597.54,24,1315435.04,726605.04,0
682824.13,6,1988524.64,497117.05,0
85476.83,6,200705.57,118146.5,1
281956.78,6,1301978.54,573344.01,0
808895.84,12,3802582.11,1701750.52,0
465068.22,6,1379414.35,405663.34,1
551111.37,36,2093046.99,2521398.68,1
438487.84,12,192699.58,33441.62,0
53460.94,6,161573.7,99378.38,1
174092.28,36,645925.34,140264.78,0
451086.22,36,1285104.46,2316.33,0
217093.61,48,597354.42,476458.21,0
59479.24,36,89426.83,15072.52,0
845213.17,60,3647117.75,2972733.7,1
981380.6,24,521692.34,386854.49,1
795211.45,6,3891066.92,1866817.91,0
855247.07,6,3435912.21,2196319.24,1
249557.36,6,853679.1,666806.5,0
961020.71,36,2347289.07,1615617.33,0
204956.45,36,1024279.73,1350256.07,1
951915.51,6,3392755.38,987164.06,1
994871.1,60,3864118.4,1491439.8,0
714605.58,12,2778687.75,1871337.65,1
981332.29,12,4375153.52,2986845.94,0
573844.38,24,880193.43,595612.76,0
266946.37,48,606198.98,289629.46,1
442625.93,24,1694978.02,646743.84,0
597625.33,6,2768804.18,689627.29,1
82350.75,6,31954.25,85.91,1
626119.83,6,1845312.58,1128571.43,0
981366.06,48,2713913.11,601399.41,0
198206.57,36,809241.36,213431.19,0
794669.17,48,3253639.36,2195506.97,1
908819.81,24,3294201.87,137700.69,0
944264.58,36,2379673.82,1765947.05,1
960534.25,36,4551051.49,4958.54,0
526245.04,24,1805851.85,1356800.23,0
977534.83,36,4170870.58,5173446.39,1
759737.11,12,1709468.45,139660.32,1
170054.72,24,459852.24,248011.69,0
482131.11,24,2199013.64,1576000.4,0
721147.86,12,1208192.81,423421.14,1
254866.91,48,839303.14,464207.09,0
644209.03,48,2052430.11,1608058.83,0
669934.47,48,2766364.2,532692.91,0
171072.75,36,425394.32,279211.63,1
569434.46,12,1290756.38,304863.35,0
773910.64,24,3669470.16,1251546.48,0
503906.71,24,1764169.22,397666.14,1
21982.09,24,41027.67,14639.06,0
18948.08,36,41223.95,167.83,0
363459.05,36,1815801.87,440787.86,0
926932.13,60,2025005.12,721378.21,0
236390.01,48,859671.11,434814.9,1
638020.05,60,1895205.56,966344.68,0
229855.11,60,1057240.84,493761.6,0
328453.29,36,1360811.57,319008.88,0
849561.67,48,3049357.09,2311179.25,1
731572.83,48,1124856.46,1633141.18,1
104445.28,24,478284.52,82989.61,0
434415.0,36,1327718.27,588989.57,1
38878.07,48,185079.9,110889.31,0
486081.25,60,1572174.65,15386.65,0
665809.67,12,2616489.33,578440.92,0
127317.6,12,221854.01,146419.72,0
295996.09,36,1215961.05,493214.32,1
403858.26,24,1083546.1,354092.73,0
920335.71,24,2512292.43,1870956.99,0
993322.47,48,1902506.01,136272.85,0
54462.19,36,109686.85,54015.97,1
763397.84,12,1641424.98,449341.69,1
378006.83,60,1001234.85,56728.68,0
398533.6,48,1841980.33,314970.54,0
756722.32,60,2110431.08,1060167.82,0
919242.17,48,3709389.87,83912.14,0
951419.31,6,1702675.47,806726.02,1
581351.36,60,2074753.36,1588182.9,0
363549.95,36,1158495.29,736892.03,1
789673.6,60,3887446.9,1074792.24,0
258491.37,60,1153317.98,127517.89,0
568433.29,48,1757541.28,653895.95,0
364992.68,12,1537714.04,1841053.87,1
660064.76,6,1436060.39,1116373.77,0
247994.92,60,860090.31,681100.74,0
199677.02,12,351664.52,115510.44,0
919056.7,24,2498282.5,297363.54,1
110785.65,6,253756.49,184858.47,1
510898.33,6,2051861.88,1302591.32,0
228644.26,48,735163.87,300696.26,0
48540.66,60,200412.09,58577.19,0
45658.63,24,150834.84,54079.22,1
183469.55,48,330739.74,238630.36,1
868102.65,36,3536465.09,522388.09,0
289653.96,12,1279199.49,825629.66,0
950954.58,12,4433691.92,64521.33,1
585806.07,48,2051476.34,1510825.33,0
442248.05,12,1829822.87,732364.32,0
584287.95,60,2414368.48,437962.24,0
521531.4,12,1066596.47,2437.39,0
761188.49,60,1579292.87,706950.2,0
289671.11,36,506373.86,99041.81,1
359519.89,24,941833.44,475636.69,1
895153.36,6,2826249.85,635723.71,0
946991.95,48,4727992.24,332941.54,0
893632.65,48,2688473.0,1086254.14,0
425253.51,60,1718810.5,776195.21,0
782561.85,36,3073033.98,1112659.62,0
481572.38,36,1067013.58,390984.13,1
502564.45,6,856759.33,404150.6,0
212633.31,24,725297.25,305410.2,0
595219.0,48,2351751.68,2758943.15,1
194274.54,60,970183.99,152967.47,0
338249.05,36,931923.04,105710.67,0
856479.9,48,3971733.66,2202868.32,0
215005.05,60,609918.5,257921.56,0
80446.7,12,314783.19,108248.93,1
78317.52,48,281464.18,179763.06,0
941376.68,24,1586620.52,1868115.29,1
511851.23,60,359182.5,163243.18,0
415317.95,24,653159.87,38880.05,0
812769.8,48,2274064.31,1354258.21,0
837467.67,12,3442246.44,1914418.97,1
338869.12,24,713198.82,701965.98,0
696681.88,36,2522326.57,1784749.77,0
773411.59,60,1941957.02,1177646.65,0
658104.18,48,2822920.89,1907142.52,1
160079.12,12,687441.62,190093.89,1
877124.25,36,3696158.44,1015223.43,0
543703.61,48,1814293.98,1370591.43,0
289647.7,12,722955.88,528957.63,0
430975.9,36,1867441.91,819429.54,1
47195.38,24,101533.87,29774.51,1
136588.13,48,343404.22,455685.78,1
767891.28,48,1646218.36,425924.28,1
10011.52,24,38641.82,4749.39,0
422400.17,6,1648132.01,2100137.94,1
527285.08,36,1995133.36,68028.96,0
64088.08,24,189354.97,57427.86,0
973347.38,48,1801275.23,1163859.86,1
233864.08,36,1096610.55,1462519.75,0
311156.73,36,1019678.77,759714.1,0
310903.09,6,909205.83,695233.09,0
238112.5,48,847891.74,553379.12,0
11459.08,12,24920.82,19690.31,0
732051.35,6,1437690.82,610459.75,1
967177.04,6,2823516.95,1285715.67,0
232050.55,12,532619.23,356286.82,0
666416.72,12,1569422.06,618735.55,0
744477.36,6,3442307.13,1120044.14,0
849941.13,36,2853810.89,1403512.39,0
428402.91,24,1367522.8,1300509.39,1
309901.6,24,1212700.3,728489.27,0
332042.18,6,1603902.66,857383.1,1
715495.12,36,1354214.02,807893.53,1
818611.67,12,3616111.44,1951426.35,0
189797.83,60,672656.25,258539.59,0
377231.6,6,758831.07,81914.04,0
902920.79,48,2293439.23,1441093.05,1
808626.58,36,2578115.79,63481.77,0
985009.82,48,3860371.69,3065135.41,0
756705.78,48,1777596.13,1178131.68,1
399263.25,6,1346345.96,1207533.65,0
594731.46,36,2317282.34,1791920.64,0
664404.11,48,2040114.36,999607.53,0
87671.26,36,396325.9,17892.65,0
549051.99,24,2494401.86,1116259.15,0
712227.62,60,2241678.93,497122.23,0
175648.09,48,861596.03,1241769.71,1
782825.4,48,1381332.86,507872.06,0
587935.05,36,888821.59,550785.49,0
952699.57,60,2698368.07,3703314.57,0
51998.08,24,187392.75,71161.32,0
272672.88,48,1009489.69,243870.21,0
605538.34,6,1918079.07,828414.12,1
303594.31,36,588089.99,116860.94,0
717279.92,36,1503950.45,314017.41,0
761415.23,48,3413057.43,2067654.15,0
111490.8,24,505910.57,138638.63,0
518715.92,48,2001540.53,82302.82,0
513801.65,12,257223.08,70721.38,1
375587.96,48,1349069.68,689182.72,0
933595.61,60,2063470.92,1343708.47,0
829231.26,60,2486762.93,1913686.78,0
700237.29,12,2755875.78,1645192.63,1
717183.37,60,480775.12,164944.95,0
467098.98,60,731024.46,174930.81,0
921784.58,6,4459085.73,462424.99,0
697649.47,36,3109323.35,1561344.07,0
731691.25,60,1764771.65,719862.09,0
863073.99,36,642705.62,348450.06,0
281330.87,24,1331071.39,252512.93,0
809000.19,48,1485355.53,384581.32,0
203288.2,6,662842.15,154890.49,0
351888.53,12,1089746.2,695390.45,0
342254.35,24,1004762.09,137636.18,0
978740.21,6,4330494.91,2107988.32,1
857971.85,6,2430000.65,99834.18,1
704158.16,12,1213138.93,533322.64,1
729786.19,12,1262845.45,64570.78,0
566452.07,36,934422.8,131474.48,0
947619.76,48,2778429.64,2887521.1,0
501296.17,24,2012414.36,558204.06,0
386712.53,48,855805.9,235333.9,0
171404.98,24,644935.2,426389.51,1
788343.6,6,3078331.7,555792.67,1
737099.49,60,1764031.98,121911.18,0
390511.49,60,1406603.56,679121.47,0
34941.48,12,136168.32,74887.21,0
840607.35,12,2633746.97,621192.64,0
21303.8,6,57062.4,27518.42,1
706662.78,6,2591353.92,1608829.78,0
970554.54,24,4777520.57,1328353.05,0
443284.71,6,1327170.01,557787.09,1
242623.67,24,696590.23,81714.64,0
707822.3,48,2211898.08,41843.45,0
818956.86,12,1446903.81,1135956.05,1
550966.01,12,1893158.59,453950.43,1
967364.92,60,2563943.51,572071.28,0
61152.03,60,117716.28,91653.44,0
509747.64,12,1596477.92,930086.99,1
721269.41,48,1090446.8,510588.97,0
864014.07,48,2511039.47,1404822.92,0
187463.06,36,350569.69,199102.99,1
802003.45,24,1271195.09,776279.06,0
557180.0,60,2443603.52,131347.07,0
402588.15,24,1894930.41,625829.45,0
140397.88,60,312646.6,73817.19,0
866642.8,36,2935790.55,165742.14,0
165700.48,12,409753.02,135250.95,1
316689.98,24,1022123.57,985999.12,1
297145.08,60,899817.59,128492.28,0
872699.89,24,2130852.73,519973.66,0
675975.96,12,2671036.22,2683571.18,1
798714.58,6,1551677.48,719140.02,1
257963.22,60,434862.72,302241.93,0
628625.36,6,2631968.9,2725165.5,1
576028.52,36,2206624.2,1704592.57,1
834502.07,48,2707826.89,1293676.88,0
907026.19,24,2845580.79,1590036.26,1
22035.2,60,71414.76,49162.28,0
677279.72,24,2051875.98,1378848.26,0
61317.44,36,176295.18,101365.73,1
553370.08,36,1797853.52,719509.91,0
294756.4,24,987375.9,215806.32,1
313708.83,60,1230258.77,863361.9,1
359428.92,12,1433842.86,890881.49,0
625079.52,12,1763787.99,1182312.17,1
340709.47,48,1004204.31,113104.99,0
735372.06,24,2064880.69,520040.83,1
410482.11,24,296448.66,100765.28,1
77669.67,60,239745.87,160793.14,0
785922.24,24,3625921.12,2590029.32,1
292900.74,60,1153227.67,262836.93,0
438439.21,24,2036680.5,1118429.52,0
688589.44,36,2741949.01,4112657.75,1
339131.6,6,1661226.82,544315.28,1
66019.8,24,245928.95,335074.73,1
380181.84,6,1852407.69,1134611.29,0
945004.1,12,1940655.33,1384808.54,1
645317.05,48,1086502.17,293167.17,0
674764.36,12,2379852.16,1004752.43,0
635959.33,24,3143054.88,1627972.24,0
207002.22,60,613061.58,161204.41,0
424150.53,12,951009.86,1371149.11,1
753430.4,36,2505453.74,1755369.76,0
110359.17,6,416141.83,98676.49,0
285074.25,60,742084.03,301551.03,0
283555.92,60,34330.67,6339.93,0
437698.74,24,2150370.48,885099.23,0
980565.05,36,4549204.98,2486895.12,1
76827.52,6,193647.51,13248.76,0
523513.98,36,1383926.43,963342.56,1
187571.04,12,525272.87,249502.88,0
970969.78,24,2797300.56,2214573.39,1
122170.47,60,226151.99,317824.45,1
409564.99,60,1706604.04,1135230.76,0
740506.13,12,2057635.07,1303656.75,0
707508.88,60,3239944.88,344347.85,0
428501.35,48,2032935.6,545323.81,0
353058.93,24,559778.32,396231.79,0
403636.25,12,2001939.23,830331.19,0
271633.5,24,1082481.11,347503.7,0
213279.61,6,708381.09,513149.24,0
488209.3,24,1397912.45,104389.98,0
275848.42,24,914386.06,346093.5,1
294587.05,6,776586.41,405299.89,0
660188.5,12,2429102.42,1182567.59,0
968851.96,24,1768572.37,2369295.32,1
607600.83,36,2232282.38,1005978.78,0
86209.67,24,26405.43,14967.9,1
84827.78,12,132477.4,61987.28,0
951908.99,60,3269303.04,1790171.55,1
304317.88,6,1072588.8,219733.75,0
101146.32,60,302730.08,201702.74,0
603054.14,12,1057155.0,380313.23,0
627412.29,48,2902848.65,2721141.09,1
652019.77,60,2373357.07,2603891.12,1
274728.01,24,523355.91,159232.24,0
24959.58,24,11605.11,1675.55,1
965365.22,6,3128159.91,1390428.36,0
258384.12,24,442200.27,86036.29,0
679266.03,36,2461666.18,1452339.62,0
709563.57,36,3071801.73,2167133.67,1
613907.34,60,2530236.41,426869.82,0
319778.32,12,706835.74,90858.15,0
278385.29,6,1257751.38,1054555.45,1
601691.6,48,1623904.0,2288692.66,1
867434.68,60,4174771.69,1451429.96,0
947266.39,12,1658775.11,293230.97,0
114846.75,6,367708.33,125113.46,0
163280.33,6,586165.82,626029.33,0
945288.9,60,2237286.46,1191896.36,1
739169.88,12,3104388.33,1238964.89,1
884163.89,12,3266220.67,2059183.45,1
210606.31,24,329258.33,82374.67,1
591710.01,48,2147487.26,2538440.91,0
704128.2,36,2267415.2,470757.7,0
683310.77,24,285375.14,213340.5,1
414070.17,6,2064188.99,861899.09,1
25240.94,48,117119.67,16252.7,0
587096.8,48,1481701.36,323325.8,0
260570.52,12,884310.74,58648.88,0
455751.7,48,1188489.91,26447.22,0
958005.2,60,4037259.17,1698626.17,0
405044.96,48,1926458.64,2693893.01,1
841403.59,6,2318824.26,1787857.02,1
196655.2,60,849460.96,116431.47,0
675735.89,60,2192375.36,1392443.63,0
977236.88,24,2822284.51,713409.05,0
110874.17,48,530474.86,515759.07,1
18236.74,12,59933.52,46491.0,1
439246.96,24,1377450.68,884407.75,0
101699.23,12,391900.06,197712.29,0
750900.51,48,1812913.9,1011056.33,0
915403.18,24,2413712.26,1914327.7,1
439680.76,48,227764.33,108089.19,1
266124.53,6,144026.21,121464.1,1
440059.29,24,1933281.68,100323.6,0
726213.34,12,1778417.43,948404.09,1
18963.62,6,64538.24,33952.34,0
593559.45,36,2908374.19,1740775.48,1
617158.77,12,1614156.33,2263273.99,1
641311.36,48,1322170.9,999457.83,1
249601.86,12,820716.13,821355.82,1
716912.2,36,2048486.14,1064484.39,1
100477.57,12,206835.12,245463.5,1
207277.63,6,955535.33,734595.85,1
878695.35,60,4364948.75,1964547.67,0
741335.92,12,2587290.26,2377259.31,1
23608.1,24,99422.41,75048.43,1
255892.5,36,1153213.92,857391.65,0
222262.42,12,878700.48,1244040.57,1
278098.26,36,460126.41,342738.53,1
255084.17,60,523361.25,527064.21,1
71901.03,6,125716.23,1900.9,0
464351.11,24,712583.29,136726.58,1
735406.14,48,1890719.94,624663.84,1
610664.41,12,1754588.99,818091.09,0
676142.95,6,1584611.36,889068.05,0
90337.69,36,155933.36,26223.05,0
951975.8,60,3193422.64,3529540.35,0
840106.92,36,2063821.46,1396324.35,0
807039.42,60,3459075.9,1757207.29,0
824753.97,60,1260375.97,928739.7,1
933383.4,6,4152477.77,2700713.16,1
548811.43,12,2657146.21,471109.17,0
208279.2,48,834464.93,533174.27,0
620615.77,12,2524512.42,1925096.39,1
745452.68,24,3553921.86,391234.05,0
740538.22,12,1652695.8,1293991.91,1
526234.53,60,2621163.4,52408.16,0
77774.13,60,327210.09,136686.71,0
377401.81,24,1525834.57,944666.32,0
921558.94,36,2547020.29,1610609.51,1
588604.42,60,2007271.27,1179749.71,0
542948.62,24,2057076.09,871132.84,0
276164.98,60,1013856.88,527987.73,0
374764.43,48,1486857.73,832559.66,0
896392.63,60,1603051.29,634217.39,0
669798.42,6,1838442.28,876105.96,1
789513.16,24,2383540.28,1613881.88,1
459801.97,12,179899.98,45029.54,1
633944.75,24,1333943.66,558342.21,1
255899.77,36,508279.94,3448.06,0
708406.22,60,514471.75,282933.29,0
433325.32,24,140678.13,21989.17,0
448120.06,48,770953.61,296663.72,1
652829.1,24,3141807.5,528339.46,0
936917.82,48,3914772.1,5491640.28,0
73366.28,60,297718.99,115091.15,0
826495.8,12,1739783.44,591294.78,1
299459.28,60,1082037.02,368022.01,0
449480.26,36,1507573.56,1618735.83,1
31694.2,6,156526.27,118609.92,1
308035.62,12,1268136.81,3558.04,1
507604.93,12,1784315.89,1272638.97,0
65614.32,6,293810.71,173207.74,0
496184.77,24,1013621.11,139532.68,1
927839.52,60,1441174.02,544408.66,1
114339.29,24,447731.7,354191.62,0
766796.32,24,1414041.51,728172.82,0
415574.34,60,791260.92,80630.58,0
658621.98,36,2704553.8,990174.44,0
267634.23,12,654866.69,245288.49,0
167897.34,48,621255.29,398728.27,0
168857.99,6,795477.2,583029.38,0
79787.03,12,208057.52,13688.78,0
193790.24,24,437966.82,110030.33,0
667577.19,6,377421.1,90109.48,0
882873.71,48,1727446.83,1376496.14,0
815984.43,12,1401681.27,627086.54,0
688282.97,12,1243554.1,875294.45,0
119327.54,36,359416.47,122498.58,0
296295.57,12,777191.47,862631.31,1
316708.81,12,1258272.34,288482.23,1
257457.38,48,1170361.55,853695.44,1
519855.6,48,98933.11,36023.23,1
540198.28,6,1813570.09,1166090.02,0
363317.12,24,675242.09,138190.66,0
360251.27,48,1435307.88,796428.62,0
830270.04,6,2299765.43,745415.43,1
791399.92,12,1424342.88,35824.41,1
314717.87,6,1400064.12,462590.43,0
914650.56,6,2454700.58,2362933.77,1
953286.87,6,2158118.42,262015.63,0
333475.12,60,1517339.22,223246.85,0
360880.7,6,1680790.51,625069.58,0
510577.81,48,1371615.17,376074.62,0
941709.6,60,2581984.06,910388.03,0
877556.24,24,3096632.57,1141609.49,1
111542.28,6,453647.5,50836.12,0
398803.44,36,686349.58,99490.26,0
557837.48,12,1995218.88,1353820.49,0
508101.15,12,2456603.12,319788.19,1
201924.44,60,488117.73,260035.67,0
860228.6,12,4026639.97,1348209.41,1
680171.38,12,3282227.66,2542378.59,1
839529.29,60,124199.35,6568.1,0
860176.64,12,3560878.85,3708974.17,1
750872.3,6,1753821.84,689531.52,1
444818.5,24,1815588.57,7774.16,0
614441.29,60,468378.54,412074.26,1
168761.75,36,399158.66,385385.67,1
676908.96,60,2711388.22,681523.16,0
187460.72,48,814023.04,236033.77,0
697010.09,36,83806.4,61458.38,1
237302.18,48,495240.09,465118.91,1
126375.79,60,230241.02,77145.36,1
173631.65,48,610113.14,371501.09,1
11972.21,36,58943.3,37432.94,0
721552.22,6,78403.74,5274.35,0
735077.04,60,2223930.55,1252642.29,1
519784.02,60,1755920.43,677886.36,0
169749.17,12,420697.45,45049.59,1
92718.79,60,191995.63,40658.62,0
28937.68,60,5284.43,190.39,1
174090.7,6,543555.64,156647.16,0
891946.98,12,2967288.93,606291.76,0
249121.47,24,1204456.48,1748249.92,0
360728.61,48,1303541.01,605198.16,0
114292.03,36,413760.17,379300.17,1
230137.69,24,448328.17,217117.08,0
524032.33,12,2613721.83,1418471.65,1
611675.16,6,2572067.93,1781186.1,1
252898.79,36,1155801.01,807973.74,1
67154.84,48,198110.23,136413.85,1
397122.54,60,1293606.16,158512.2,0
241861.34,60,804743.62,161637.03,0
227358.38,24,495489.14,199117.39,1
960264.17,48,650969.72,186822.73,1
620137.48,12,2890100.2,304429.21,1
561309.66,48,1163578.29,267855.94,0
421617.35,6,759802.51,592906.58,1
434654.89,24,1775028.94,492644.02,0
545495.95,24,1339850.65,1571774.78,1
699465.51,6,2576494.42,13194.58,0
705124.64,48,2774774.18,1596971.07,0
179976.97,6,472743.29,156402.41,0
505111.62,36,2198753.96,181423.7,0
417838.51,6,1431080.78,1750649.61,1
871821.7,48,3959376.44,2462520.6,0
635104.73,6,2649356.8,1539064.54,0
537179.03,12,2438800.7,1868847.78,1
124240.7,60,195128.07,63608.64,0
609581.51,6,1433901.46,824245.03,0
126031.87,60,228751.35,37736.27,0
343834.51,6,1047763.66,584334.06,1
151413.55,48,24405.04,274.88,0
695152.91,36,2180271.27,220303.99,0
214189.59,36,958283.3,1069646.87,1
397940.78,60,1052602.64,10183.04,0
896718.03,48,2410822.17,890974.02,0
212273.22,48,983773.03,411446.74,0
512727.01,48,1533238.35,762456.86,0
425078.94,12,1812612.78,145569.74,0
27942.8,24,65057.89,9421.0,1
794830.53,6,3831721.33,1879944.78,0
78355.45,48,275107.85,144858.09,0
479512.47,48,280744.23,5817.07,1
565071.51,48,256836.46,111028.83,0
632142.19,36,2038231.73,2788341.59,1
691745.31,48,3219130.01,177955.77,0
260739.66,6,1191485.13,393831.46,0
19878.99,48,33075.63,8639.65,1
726209.23,6,1861234.05,1360436.46,1
540300.03,12,1648790.39,2146930.87,1
837756.53,24,1761740.7,448694.8,0
823174.48,36,3337967.65,2399183.6,1
844892.91,6,146500.89,38752.8,0
490243.71,60,1330148.32,1592828.15,1
340292.11,12,1300420.25,34367.86,1
793642.62,24,2529587.21,2664114.68,0
456781.17,24,1865950.46,1231447.75,1
191607.77,24,932023.81,473021.43,0
856424.28,6,1633983.37,79418.48,1
883734.28,12,3520344.02,210854.42,0
471646.66,48,1087713.67,1498737.17,1
84942.73,60,250637.84,57158.35,0
393947.83,12,636233.44,316991.58,1
805502.28,12,1591411.39,761576.26,0
902756.29,12,484535.92,325085.38,0
211438.02,6,570237.84,128361.48,0
76303.88,60,354702.27,163975.6,0
878576.95,6,3598954.46,2238156.15,1
395510.89,60,1939047.66,761305.77,0
546343.35,60,1965060.6,1305812.11,0
968385.15,6,2271829.69,238589.74,1
75899.08,60,200889.12,117945.66,0
651834.83,12,1707432.93,1900574.0,0
83364.37,6,220309.53,58493.65,0
381714.24,60,1471651.39,431295.63,0
805776.4,24,2705658.35,180845.51,0
439137.51,6,1251096.01,642055.25,0
997210.53,36,2016174.4,891069.61,1
563468.69,6,888864.57,959636.38,0
327950.53,6,743110.11,447181.09,1
227910.21,6,427593.72,283677.47,1
357015.33,60,1516978.7,1100864.89,0
378807.94,6,717364.83,313192.35,0
78026.54,36,314821.39,113985.5,0
375878.46,48,246614.61,292669.95,1
469596.13,6,824997.92,263139.24,0
725510.37,24,3152019.83,1652775.78,1
660162.19,36,2329518.94,1146798.42,0
711678.0,48,1654768.99,492672.52,0
18280.05,60,10390.64,722.27,0
225490.73,6,373954.75,6406.75,0
665067.45,48,1467383.96,502711.35,0
489149.47,24,2021245.95,778101.39,0
15260.34,36,60779.23,40001.4,0
806449.7,36,2026165.3,671733.2,0
775081.48,60,1330882.38,299352.58,1
552934.97,60,2490017.26,3588868.14,1
75798.69,60,196920.58,37492.18,0
768849.9,48,1679934.69,122783.89,0
587876.45,6,1943646.75,175772.58,1
784140.38,12,3674321.23,938140.81,1
754229.52,36,1246298.68,12638.88,0
804972.05,12,3365036.18,3082814.21,1
522827.99,36,1831809.58,2253892.18,1
148921.27,60,445136.38,432251.68,0
674445.9,6,2768115.87,245209.69,1
624269.05,6,3046673.61,2313230.96,1
744830.66,36,1714765.34,853912.14,1
178182.2,48,356857.21,17136.55,0
203025.45,60,32628.33,1624.73,0
891505.42,6,3424571.66,1677004.87,1
752478.02,6,2282229.02,986158.1,0
909146.2,24,3187837.96,174374.16,0
761128.17,6,3127969.37,561321.55,0
601183.75,24,2528345.38,1879153.09,1
657591.41,6,3103587.9,1420228.66,1
890236.64,6,2665323.78,938887.8,0
583018.69,48,1473252.19,294833.61,0
636067.41,48,2378144.69,3149389.79,1
164911.95,60,487322.67,156969.24,0
479182.01,6,1715996.1,1266221.93,1
719233.14,60,2136086.68,1874076.48,0
278233.27,60,566339.72,448984.53,0
210231.64,60,660756.71,109850.92,0
320688.54,60,1256525.81,410901.39,0
249085.62,36,1070443.79,38579.91,0
222763.51,36,718778.09,336262.91,0
430602.33,6,894934.87,346200.37,1
908760.13,36,2682120.99,1430551.15,1
511989.05,6,2176992.16,1794432.64,1
196041.18,48,577342.74,183908.04,0
86201.95,12,339451.02,448675.15,1
699194.58,24,2290035.57,45839.42,0
388970.78,36,911856.78,394672.78,0
823612.64,36,3530437.64,321626.27,0
662915.66,48,1189765.95,414998.29,0
798279.04,36,2663949.75,1686014.47,0
279226.58,6,622987.62,71001.03,1
695435.33,6,1206392.32,903163.53,1
271421.36,12,884906.59,628994.93,0
939677.79,12,3052512.8,1013202.43,0
640010.54,12,2543499.91,12157.61,0
331266.68,6,1360388.83,1137875.12,0
276816.74,60,1120352.15,789530.81,0
199017.32,60,583808.46,81610.86,0
697694.55,12,2589084.65,1897679.35,0
226528.46,12,797223.5,582991.86,1
599350.23,6,1783346.32,672379.84,1
271988.68,48,60204.77,38436.4,0
665349.26,36,3203901.25,1140455.51,1
816790.33,24,1776623.6,801678.33,1
780244.99,60,3643901.97,932369.6,0
763242.82,60,1287662.61,164274.17,0
195845.18,6,505155.66,301693.74,0
97501.1,6,31686.25,35.31,1
701959.34,24,2591828.94,1201681.15,0
374663.74,24,734073.92,507794.77,1
438022.76,12,2009743.32,355768.44,0
40837.6,24,179682.58,47852.99,0
266980.68,36,1009782.44,474586.32,0
43339.64,36,16847.01,3327.22,0
880393.91,60,4195381.73,2844424.7,1
250962.72,36,1106146.53,324413.46,0
561763.8,36,1824385.81,848870.25,0
48589.53,36,192247.23,34776.93,0
670178.92,12,2335074.14,77312.13,1
329797.07,60,1173351.3,163049.15,0
898940.0,6,2389756.7,3163948.85,1
889237.01,60,2772015.08,1039181.66,0
332037.71,60,588843.98,276350.32,1
901951.29,60,2481015.83,88671.92,0
996196.1,24,3920429.94,283783.37,0
827161.51,6,4000364.9,1553821.82,1
846422.63,24,4122691.35,2635817.75,0
256518.65,12,883714.46,443984.63,0
580935.37,12,2104832.18,176317.95,0
76583.35,48,164656.05,116911.36,1
103968.76,48,408969.27,300167.16,0
998903.69,12,1745390.19,453741.17,0
333372.86,12,832231.97,410135.76,0
750702.07,24,2882149.22,1135168.25,1
808598.4,12,2091104.57,1575896.17,0
859443.04,6,592685.67,241222.37,0
997652.01,24,4401188.17,3379992.15,0
249081.52,12,644163.42,102727.34,0
49947.32,24,85952.76,23759.87,0
417079.6,24,734793.56,459301.96,1
138779.86,36,330456.47,207159.39,0
32201.63,48,68365.86,40045.07,1
366822.56,24,1544341.47,1062026.91,0
785900.87,60,2063692.51,1159871.42,0
570518.88,24,2462607.8,1253142.59,0
319650.21,60,673970.0,247441.35,0
657798.59,36,2121451.19,2370615.43,1
239698.0,12,936770.94,304384.23,0
24237.63,24,91665.94,45481.84,0
766709.85,36,2763186.21,898950.53,0
627505.65,6,2972416.21,350731.59,1
764679.6,36,1758639.21,149877.73,0
48548.64,48,156715.85,115903.57,1
838748.43,48,480496.79,9509.57,1
623330.94,12,1104933.99,93227.49,0
567761.4,60,962701.3,342956.47,1
628367.91,12,1455650.71,306183.05,0
865788.91,60,3216903.0,1044461.24,0
591067.14,60,1424222.79,133816.99,1
585140.88,60,1267321.29,132720.92,0
990772.37,60,3077148.86,1970994.86,0
759162.87,48,2769117.35,1681648.96,0
447870.87,48,1061432.45,88525.9,0
710323.03,24,1813042.11,968585.71,0
395338.17,48,1441979.2,702891.4,1
236586.71,12,1138002.06,649446.6,1
600883.36,48,2320368.81,880717.15,0
928900.28,12,3938689.99,850715.53,0
929848.12,6,2588544.05,1374370.21,0
348486.23,48,854798.48,253948.61,0
532400.69,12,1645084.64,288156.84,1
219519.54,60,949414.31,310366.59,0
995674.8,36,3083653.39,3455026.02,1
981306.73,60,4380100.79,1667217.72,0
653013.84,24,3239407.02,777105.92,0
806369.92,12,1412835.36,940234.72,0
717949.16,60,1191031.38,840052.3,1
597226.64,48,1208526.3,418875.63,0
62814.52,48,178725.77,53573.12,0
460216.7,6,901402.4,441830.64,0
678038.44,36,3083261.6,143000.31,0
680756.3,12,1076283.8,1318733.56,0
379391.39,60,988418.72,618582.17,0
942275.07,36,419642.37,133426.78,0
175683.46,6,836321.37,116827.97,1
505355.85,24,1942175.27,44776.27,0
693975.14,36,3256204.85,1660001.77,0
700164.45,6,3433011.66,738766.0,1
652152.57,12,2112872.5,784111.64,0
282535.33,24,655514.99,202609.47,0
164644.5,48,358604.08,50171.52,0
639580.92,6,1458382.66,1742299.37,1
603309.09,48,2401216.38,882866.8,0
187562.45,24,307895.02,153737.56,0
708087.75,6,1189420.14,239677.67,0
460620.27,6,1671360.79,286991.47,0
671082.99,24,199813.66,130173.81,0
838993.41,12,3212019.35,3558525.9,0
178031.14,6,498768.8,308121.99,1
28953.42,24,125102.14,12339.06,0
781311.56,36,2631212.05,471596.65,0
613600.45,48,1146898.83,528061.14,0
702643.17,6,3014232.1,2067043.05,0
839773.43,36,4060923.66,2898247.57,0
804782.83,6,1376280.92,1857251.82,1
961310.95,12,2758702.57,95777.62,0
540575.73,24,1733251.29,2127566.57,0
493610.68,6,993464.38,714572.05,1
407868.33,24,1850490.99,84010.94,0
162154.13,60,404497.33,134707.61,0
576881.16,6,2446281.8,1050160.05,0
284242.4,12,1093901.39,203684.77,0
922094.44,12,3313233.21,1369520.06,0
587358.9,36,1276037.19,1907853.32,1
596911.78,12,1356459.53,940777.94,1
361375.41,24,601950.04,452588.07,1
61469.46,60,143991.81,55766.28,0
41426.33,12,112226.11,36861.06,0
429101.79,6,1894917.18,1009290.22,1
93719.72,12,260763.34,86940.7,1
610778.49,60,84251.92,74342.9,0
882163.28,24,2680054.37,2685571.7,1
884085.67,6,3754746.4,844018.75,1
662454.96,36,3257258.31,127906.83,0
219119.51,36,512618.14,8456.59,0
864366.86,36,3905378.58,2909854.68,1
887232.5,6,3261807.64,657778.76,0
204687.05,36,892544.0,319815.79,0
740051.82,12,2797803.4,2679698.11,1
293654.35,6,876212.68,327715.44,0
804613.91,6,1849213.81,116292.36,0
997265.52,6,1740351.28,768450.09,0
39725.75,48,134047.17,9458.22,0
898392.21,24,4461542.69,339390.9,0
626404.23,48,2557700.13,1742258.42,0
973648.79,48,2575991.75,596438.01,0
470359.42,48,2067331.62,1122429.09,0
848914.05,24,265660.81,108161.0,1
71770.13,48,178400.83,31730.61,0
341926.26,36,530011.76,219560.68,0
76346.37,6,146094.06,8063.64,0
975589.7,6,4459002.64,1238576.63,1
818804.17,12,3625640.81,3947255.53,1
854021.95,60,2163435.31,2273542.22,0
938585.58,36,2344759.47,1238385.9,0
94252.45,24,402931.81,16701.34,0
391741.62,60,1873340.21,726571.1,0
80324.54,6,339530.26,194210.16,0
218685.17,48,791536.52,272254.41,0
237072.12,12,556965.32,389691.44,0
474416.14,12,1584605.75,801421.05,1
275876.55,6,639286.39,490201.18,0
109968.33,36,475947.33,108181.61,0
175816.18,60,501843.34,376900.14,0
155802.81,12,688327.51,334154.15,1
973346.03,6,2760051.41,1645385.66,1
761699.58,36,3339689.27,2410350.24,0
968083.85,6,2581504.35,1138334.35,0
445343.08,6,1354049.81,933948.59,0
285584.8,36,1043586.68,452246.17,0
800310.27,36,1397347.05,669831.08,1
332991.38,36,1604593.79,571361.92,0
306389.54,6,1074698.16,125213.99,1
240180.93,12,787161.79,348557.28,0
138382.19,24,614123.4,480219.06,0
263898.43,24,1195504.63,752867.6,0
361766.55,6,1203927.03,719946.9,0
677254.27,6,3213854.7,1654000.82,0
71939.19,12,49779.07,13854.86,0
218401.87,36,414153.34,56197.36,1
810933.4,6,2910244.38,522800.03,0
155452.7,48,425820.78,2153.66,0
349218.7,36,1091234.43,587940.02,0
866012.33,6,2293440.76,1489594.47,0
163376.06,48,476492.58,102507.41,0
91909.47,60,402495.67,29575.51,0
489692.62,12,1751712.13,470477.74,0
309395.32,48,1544101.06,1302801.83,1
567774.28,6,2415355.61,871221.4,0
805766.84,24,1980439.43,418430.5,0
145777.0,6,353539.53,96087.15,0
584892.09,24,1564962.98,1136231.71,1
510453.67,12,2272237.64,608660.39,1
152638.0,12,243534.96,153040.88,0
627758.5,36,1447381.64,724656.17,0
280904.01,36,214386.22,57890.79,0
492955.98,24,151657.37,99218.89,0
91449.6,24,209782.17,99869.08,0
464988.22,12,1054131.73,7268.22,1
313398.83,48,1416300.51,77871.83,0
824157.4,24,3814325.12,2296649.58,1
66408.94,24,159146.29,56850.59,1
424421.2,48,1261289.09,1884899.82,1
463847.11,36,2050707.54,239239.12,0
727756.02,36,3055502.6,384549.9,1
578544.7,24,2515921.02,1605665.73,0
670540.21,36,2222434.23,1473948.84,0
779278.79,36,3655146.12,1637512.89,0
863580.94,60,2280570.8,538447.89,0
320736.74,36,656981.89,490214.04,1
542642.48,12,2160022.67,1078218.33,1
841707.0,6,2851484.86,1817290.35,1
989556.62,24,4444148.45,11671.83,0
890624.12,24,246567.35,88827.29,0
377752.59,12,1682103.35,1172021.1,1
203214.85,6,513428.68,138926.93,1
494498.61,6,1875136.18,1089905.92,0
744225.04,12,1220864.53,642345.49,1
497643.38,48,1808204.41,220193.54,0
488349.05,48,1958499.89,1214119.25,0
839848.12,6,2343701.79,210983.39,0
367789.74,48,828975.08,482738.12,0
861196.73,48,2912315.33,2308809.82,0
412736.75,48,1822714.75,1396901.51,0
334950.77,6,881729.68,564477.52,0
459450.01,48,1095164.59,468307.64,1
764822.49,24,1893909.73,1022445.46,0
134742.01,60,649720.92,378453.8,0
204455.02,6,563778.42,3789.28,1
951930.38,12,1439904.02,117918.03,1
183736.71,48,778287.43,371746.89,0
572050.04,36,2258145.67,11804.75,0
583521.32,6,1137860.11,827365.99,1
494728.22,12,2447502.07,958760.4,0
648297.8,60,2352165.75,2804491.73,1
237528.46,24,772615.52,243417.88,0
557135.65,12,1581021.41,1076076.58,1
378451.52,48,1758041.53,1304034.86,0
665050.59,36,1565444.09,145567.49,1
149811.31,48,374556.91,233112.42,0
575168.64,12,1109176.96,513084.96,0
193417.65,6,804021.09,376605.25,1
285856.63,36,1024630.93,638920.6,1
226522.7,36,822669.65,146662.05,0
191009.4,12,432568.77,183770.77,0
827453.84,60,3127022.0,798898.12,0
292850.49,60,59771.05,4519.28,0
927852.54,48,2554016.05,214699.67,0
970227.26,12,4176551.84,455984.14,1
575547.87,36,1565931.69,770312.93,0
151571.11,12,629548.27,53300.17,1
380802.76,36,616159.95,281020.12,0
799754.94,48,2742420.55,1290686.35,0
373716.82,6,1828724.57,1322382.21,1
96147.05,6,474423.78,237734.36,0
561217.06,12,1395260.83,1100121.69,0
846669.64,36,2578021.69,63919.63,0
797967.12,6,1372840.73,773344.4,0
183371.91,36,835569.79,17700.76,0
676036.97,48,2359370.74,1376697.69,0
228299.22,12,650162.48,200692.26,0
226025.46,36,428249.75,209433.92,0
875331.06,12,4213568.43,1043407.88,1
257172.26,36,863010.1,109847.4,0
270614.87,60,136926.71,79254.55,1
10646.86,60,29020.71,21002.18,0
871962.34,36,2134075.63,2551349.64,1
794668.87,48,2865841.63,2110871.19,1
631055.65,12,3000589.17,336503.13,0
752763.11,24,3386250.89,4224243.49,1
160528.08,36,499456.32,664944.93,1
463740.36,36,2037094.43,240166.72,0
357707.19,60,1066278.34,371141.67,0
102838.76,6,67081.4,18109.7,1
491269.18,60,2427829.15,754526.08,0
921532.25,12,2362446.05,1423401.6,0
49658.53,60,130752.64,147342.04,1
298546.3,24,1481961.45,1148445.39,1
215465.53,48,424196.95,353220.79,1
245765.19,24,1022842.52,444536.25,0
909350.21,48,4342460.66,1560250.09,0
473388.36,24,1558054.82,1145302.55,0
471636.42,60,711617.37,6045.46,0
762969.89,24,2146010.22,1698215.83,0
162947.28,60,308050.44,118225.89,0
492392.7,60,1455836.23,728546.63,0
435685.36,12,1858238.87,535250.92,0
600941.58,60,1824152.41,1244110.86,0
999562.13,6,3010419.18,1353455.43,0
771754.41,24,2661598.18,1411309.11,1
403887.05,36,1428111.11,741366.42,1
829277.52,36,3729291.76,1085916.48,0
179001.28,36,118676.24,7214.66,1
40159.05,6,175729.96,113550.55,1
212403.89,60,739328.69,171356.23,0
347007.44,24,885512.12,601390.41,0
515474.95,48,1305667.71,635748.42,0
618977.85,48,1710843.21,484105.61,1
911499.66,12,3353795.87,1594386.91,1
514755.47,6,1187973.81,613462.73,1
506262.89,24,2390151.89,1351264.55,0
59740.58,60,209820.51,138034.73,0
44562.44,36,210337.18,26881.92,0
555648.36,6,923718.31,697698.76,0
443796.83,6,1197869.69,1137302.39,1
840788.59,24,1328300.36,914349.15,0
169072.79,60,414715.49,73149.04,0
34721.95,12,156839.83,3642.32,1
454548.38,60,740065.67,339449.8,0
245103.77,12,741810.2,192672.61,1
59118.23,12,113003.59,88998.19,0
727352.3,36,2152193.49,179843.24,0
120477.07,36,534433.94,20224.21,0
612236.31,24,2253487.95,81157.69,0
288239.25,60,1175626.21,203969.92,0
181761.09,12,494729.04,438596.72,1
385954.01,24,1854660.29,750118.65,0
803431.32,12,3199598.81,896081.7,0
398172.64,6,1185079.58,84181.52,0
753261.95,48,2254231.9,421518.09,0
134231.43,48,632954.16,93245.32,0
775043.71,12,2726151.48,1626240.6,0
244563.99,24,971488.2,864870.75,1
680619.2,36,2014376.43,1252158.97,1
570123.74,60,1301549.55,1200518.17,1
929853.27,12,3749593.81,3342914.36,0
393449.29,12,1427191.35,568370.1,0
75503.54,60,245741.38,81573.56,0
28963.93,36,106705.24,78173.84,1
828589.98,12,1846926.69,903110.59,1
529488.28,6,2265566.76,533583.87,0
777491.61,36,3746397.61,1691765.35,0
242081.34,6,1118140.06,887489.61,1
351632.91,48,923045.22,627279.42,0
39802.83,60,116264.87,26162.36,0
961877.4,36,4164359.76,3174756.05,0
671189.23,36,2404810.58,1888184.38,0
933873.04,24,3191698.41,590252.17,0
272841.44,24,1294154.31,1148055.3,1
615348.98,60,2077471.92,1467863.08,1
681714.97,36,2251217.38,71595.15,0
324374.2,48,534265.41,286233.42,0
849628.14,12,1480867.31,361664.18,0
947689.85,60,1446147.3,780471.38,0
886006.57,60,4161001.2,3041055.06,1
741676.31,24,2172631.95,866930.98,1
284690.03,48,893916.68,296360.43,0
288799.88,60,1287716.59,949336.88,0
963726.72,48,3500604.4,2727992.77,0
20181.65,60,73325.09,3650.79,0
718889.47,24,1824448.38,1346950.93,0
709183.7,12,3133655.34,3945256.63,1
626462.65,24,1303295.98,351667.01,0
990207.76,60,1669513.63,1018502.31,0
318760.64,48,691905.59,430108.99,1
346572.15,6,844624.15,490437.36,0
88150.01,24,219325.04,6862.68,0
448370.16,48,1724789.25,1548396.56,1
268438.04,24,607310.48,454859.27,0
349952.84,60,126106.05,8218.22,1
836226.07,48,1521063.95,95578.69,0
936129.67,12,1886496.57,1261154.56,0
193875.74,48,636082.08,326318.12,0
378783.84,36,1790373.07,2681383.03,1
929344.26,6,4189936.11,555453.08,0
71190.38,60,348166.31,508351.33,1
101436.92,48,34798.82,27519.96,1
171163.08,60,661605.56,26449.26,0
599260.71,24,2209822.11,979593.6,1
158967.55,24,584979.32,803954.17,1
968395.62,48,1951240.87,1299349.77,0
452247.38,36,113793.12,31504.59,1
506502.78,48,1444159.86,825631.15,1
254192.03,12,775001.06,988246.96,1
476250.65,36,1587153.87,687584.74,0
665294.5,60,1296916.18,890202.68,1
753665.37,48,2078765.15,2831791.1,1
756329.4,60,172738.37,116853.99,0
582112.2,6,2869137.0,834177.09,0
905316.18,36,1733542.97,242394.99,1
819233.77,48,1970123.34,717877.29,0
759477.63,6,3508426.08,1398755.54,0
65049.47,48,207474.32,289313.45,1
16809.18,12,3438.22,2223.37,0
220322.8,24,626775.82,283141.69,0
666888.36,60,1270781.1,903214.35,0
417085.51,48,249310.67,102553.54,1
408382.2,36,686941.52,123492.9,0
885741.02,48,2687157.77,278380.6,0
896607.22,48,3876236.03,2692783.4,0
910083.51,48,3231608.37,145222.79,0
320739.3,48,1161784.64,109309.63,0
694145.25,36,1528538.46,77843.6,0
278916.85,36,754087.53,255626.14,1
198703.73,48,885890.25,377471.19,0
192786.13,24,348460.28,5540.44,0
348686.54,48,1570050.86,647597.2,0
435658.04,60,1391019.13,438181.57,0
832639.68,60,3688607.11,2282938.5,0
128692.18,36,336275.56,223275.3,1
737576.59,60,1981094.09,1085587.95,0
536140.37,60,2214590.55,838878.99,0
295065.89,12,1253288.42,216717.22,0
497891.39,48,1147020.46,777326.47,1
306942.65,48,1505568.93,411525.15,0
600121.14,48,1077646.75,1170990.94,0
439505.48,48,764634.22,560331.02,0
172761.47,6,619222.85,483289.69,1
125417.24,48,505380.39,363118.22,0
551228.73,36,2680681.24,2140759.28,1
903388.9,36,2635465.68,1831983.55,0
350518.11,6,556805.0,313751.83,0
735670.11,48,2655870.02,624276.91,0
662074.74,24,1664413.57,1268891.72,0
932239.37,48,2810995.29,1971355.12,1
822771.21,36,2640802.01,508611.69,0
570939.21,12,985323.54,385586.64,0
660460.19,60,2114090.96,118483.23,0
899402.6,12,2691119.46,2052374.43,1
405523.6,24,1619622.7,742134.87,0
333526.76,48,1254004.15,245986.0,0
20702.97,6,44475.26,10403.63,1
828285.56,48,1840024.95,1443545.75,1
802970.89,24,1909883.63,940601.33,1
113409.97,24,241146.63,81157.05,1
581088.81,60,2208280.54,883039.21,0
469341.88,24,369979.04,29169.17,0
127522.0,12,482336.56,28948.98,0
980762.54,60,447679.21,212274.35,0
222548.93,48,653124.98,267522.1,0
76561.84,48,198603.78,57063.35,0
598898.91,6,2808092.14,1271760.11,0
741478.01,24,3626944.55,210873.31,0
42119.01,24,136411.54,103017.03,1
662130.46,36,1665722.75,391393.79,0
536968.96,60,2252814.46,129363.44,0
112232.36,36,220379.32,29884.19,0
180798.64,60,755658.55,57716.54,0
572294.55,12,2498820.74,357040.51,0
303394.04,60,587723.95,195949.07,0
938932.57,48,4618623.53,2727023.38,0
820552.83,6,4061156.39,5237395.12,1
983731.53,60,4700779.0,1639355.77,0
267074.13,60,864284.42,642168.36,0
970026.4,60,2290484.05,542059.98,0
436921.53,6,1545405.64,982531.51,0
354043.61,24,1051427.54,132746.4,0
59846.03,6,132907.28,18960.21,1
62237.61,24,185646.54,263744.52,0
695091.14,48,2657760.51,497750.17,0
463349.7,6,810026.36,1123492.22,1
234256.41,24,624753.18,25366.12,0
617830.6,48,965225.7,461202.26,0
260329.54,48,1073399.68,518863.71,0
581855.44,24,2177547.11,115019.65,0
365616.66,24,628623.91,368405.9,0
825316.7,12,4024724.12,1509746.61,0
822489.2,48,1298854.75,751333.83,1
482576.89,24,1720320.14,1138060.57,1
357310.92,48,1506882.38,389257.08,0
368934.2,6,1570787.94,608819.67,0
807657.38,36,1308403.32,272944.22,0
334897.69,36,1564793.7,252261.6,0
216968.78,60,146765.26,69.83,1
93841.46,24,325148.11,250658.37,1
472026.19,24,1504484.92,1689849.49,1
487310.78,48,807491.56,8442.99,0
842499.62,60,2920810.96,4257503.86,1
229026.31,24,671694.5,869936.25,0
387181.36,48,1628028.87,18152.75,0
810321.68,24,2360947.16,707367.38,1
825387.37,48,3212847.51,161769.45,0
390764.97,24,724841.08,22760.93,0
464532.78,12,248632.99,133144.24,1
310253.03,48,617088.83,447681.3,1
933229.33,12,1548544.06,507162.53,0
127457.33,12,432673.15,289638.48,0
934411.93,12,3998243.1,93608.34,1
687027.79,12,2498334.8,1554344.1,1
536256.43,6,1883516.04,94627.83,1
42332.47,60,164342.43,110232.94,0
480840.23,36,1292863.32,912623.27,0
413670.62,6,1144560.11,719675.45,1
169606.62,24,440967.94,289539.21,1
659845.51,24,2634354.85,1183319.67,0
971439.4,60,2006742.37,425244.67,0
566566.92,36,875679.31,450611.26,1
717605.74,36,2573827.58,905043.54,0
77765.95,36,373147.06,1593.06,0
423490.33,12,291612.83,111238.79,0
125194.9,6,530854.64,440281.36,1
616667.88,24,2377111.29,26402.4,0
939097.34,6,3043641.04,1512958.26,1
665159.96,6,2670200.45,1393912.79,1
86035.02,6,377208.88,47711.67,0
361119.54,36,825721.77,284757.87,1
555156.75,60,1485852.99,1146285.18,0
409175.68,60,934164.47,660782.53,0
835307.57,36,2574923.58,846267.02,0
816524.29,24,3754154.9,1050701.67,1
615712.71,24,1667488.46,165522.48,0
379723.37,24,1067263.46,30044.82,0
262783.01,60,1185489.14,282111.11,0
114815.58,60,75379.39,56702.39,1
361348.71,6,1219216.38,935005.78,1
419040.79,36,1891049.04,1229211.14,0
679064.7,12,2184444.92,613085.99,0
661578.23,6,2570530.04,295356.85,1
79407.06,48,142913.36,68087.75,1
401306.72,60,852861.45,441103.36,1
189961.08,6,553796.71,188101.96,1
165244.58,36,534060.03,295504.73,0
829029.13,48,4045718.49,2416691.77,1
51496.06,6,252190.66,157984.67,1
424991.05,36,1903615.58,1736989.07,0
176521.62,36,459767.49,291176.55,1
880536.91,60,4291824.09,87472.27,0
561470.11,12,2196860.18,2911560.57,1
239066.83,6,687386.57,948552.66,1
507403.01,36,2007216.39,434394.21,0
734171.5,24,1143714.06,83538.44,0
958536.83,36,391210.38,60212.68,0
228241.54,12,1005152.92,797695.98,1
887319.95,36,3335886.21,1108555.37,0
934961.07,60,2594219.14,1925461.4,0
917256.34,6,2983223.28,4417140.35,1
639060.21,60,2983131.48,486987.48,0
633522.45,6,2350699.86,1049001.42,0
409178.53,48,1183967.28,331068.07,0
754873.9,6,1450220.94,747055.46,1
535981.08,48,1355021.17,457505.64,1
680663.69,60,3351717.89,2176195.98,1
434173.32,24,1315879.79,454303.89,1
734181.5,12,2313727.57,1059408.07,0
826226.8,24,2681182.9,688684.78,0
154971.89,48,95271.44,53660.0,0
834600.42,36,3016036.43,1579761.78,0
544893.57,36,2140270.9,2629462.54,1
846219.25,24,2422681.2,534990.23,0
436988.69,36,699971.4,343884.4,0
385250.08,48,1833175.98,1383170.36,0
915910.13,60,4416470.0,5387303.77,1
258657.57,12,1247256.03,797362.42,0
845770.2,6,4062153.76,3257084.79,1
489180.37,48,2129571.8,895373.68,0
518954.49,48,2021891.41,1555536.73,1
315383.6,6,1405281.42,681139.68,1
577311.78,6,2079426.13,1381600.38,0
331959.08,12,654056.87,532303.39,1
48876.72,12,140240.19,28031.59,0
279278.62,12,1368334.59,760236.05,1
16315.25,36,44524.03,58023.24,1
978571.24,48,4440166.89,2988161.61,0
966089.74,60,1764311.87,279980.21,0
401203.74,6,1071070.94,271528.58,1
731087.15,48,1994651.86,824797.6,0
352348.04,48,592159.25,566971.08,0
674382.23,12,1292676.19,200431.11,0
807375.74,12,1756912.78,323289.3,0
947288.68,48,4198719.31,2548894.93,0
406210.15,12,699456.09,408659.97,1
785465.0,36,1999364.36,1342307.36,0
273269.17,6,419635.56,313192.42,0
990428.98,48,3897038.04,961044.25,1
35511.9,6,130366.34,89649.8,1
607493.52,36,2282619.19,1216201.04,0
662910.92,12,1863004.91,1427464.8,0
691165.1,24,1540563.72,335318.06,0
129183.7,36,519463.26,421932.01,1
939144.49,24,4074865.82,2295921.04,1
189371.45,6,375922.26,279208.22,1
626525.87,48,2007328.11,1324123.27,1
230449.32,12,546281.24,714885.12,0
314144.25,36,656050.69,203275.57,1
550993.96,12,2242621.78,1287744.53,0
423021.48,24,1431225.19,917238.53,0
168623.34,24,380523.63,229314.4,1
179227.04,60,463301.91,250854.19,0
423963.34,48,2070335.03,78061.99,0
759710.15,24,3396191.9,1792414.81,1
898985.0,48,4117183.73,1575381.58,0
93286.39,60,290124.62,223179.94,0
399172.87,36,95873.99,103532.26,1
109243.11,60,307922.14,149829.31,0
26426.56,48,46827.65,37239.41,0
665101.5,24,1931283.55,144595.65,0
606424.95,6,2170354.04,3003307.93,1
171388.92,48,429330.09,225339.72,0
241474.7,12,1078867.19,272078.44,0
33470.68,6,67907.01,18804.82,1
836597.73,48,2329884.36,1663807.59,0
974943.69,12,1888625.5,875346.05,0
144104.94,60,420341.5,34590.94,0
239160.46,6,101047.15,25129.42,0
869725.43,48,336239.32,20459.05,0
927199.16,36,383206.44,374202.62,0
425431.11,60,1350139.14,187148.94,0
60116.25,12,204571.83,140273.29,0
48997.92,36,120655.86,55725.06,0
578210.37,24,1925813.29,2521334.26,0
398966.16,60,1309213.91,315128.48,0
38365.9,60,100005.44,49309.7,1
587419.87,48,2587996.4,694614.75,0
21189.51,48,72250.8,64166.16,1
789498.24,12,2102389.61,1529467.07,1
313368.49,60,1509083.87,422586.91,0
49855.42,48,222250.15,59718.24,1
592468.7,24,2926236.88,4244493.68,1
403707.57,48,1583671.55,403844.51,0
974062.41,60,2750538.12,171541.92,0
548756.68,6,1362569.6,197240.08,1
282486.79,36,1079555.03,819425.67,0
712344.48,60,3513894.19,2623593.7,1
278777.08,24,1029663.92,185184.72,1
905200.86,60,4150936.4,1838040.86,0
380974.75,24,1010292.47,111025.57,0
554369.88,60,1621165.04,875011.03,0
60067.37,36,280632.55,41602.27,0
431860.03,36,1791801.71,71371.65,0
834039.9,24,4115933.63,4781281.23,1
807592.32,60,3401316.17,885431.67,0
232075.37,36,712426.13,61851.36,0
233818.28,12,785334.36,523914.74,1
819132.26,60,3810442.91,2324057.65,0
931094.44,36,3194364.89,1747339.19,1
104407.31,6,249939.7,182205.78,0
455558.05,6,1377912.47,539288.58,0
344079.74,12,1137908.16,1431844.56,1
871981.57,36,1603155.05,78678.25,0
92689.67,6,380321.41,96887.95,0
219014.68,60,412347.43,28643.58,0
754943.65,48,2202330.67,943495.09,0
60780.91,36,262341.26,3042.95,0
497610.03,12,62049.34,22028.18,1
447685.96,36,1990883.78,284234.96,0
341057.17,24,919689.52,270953.81,0
400626.59,24,1943730.86,1049667.65,0
534641.18,6,1193928.34,1305973.94,1
169753.68,24,277364.7,75740.51,0
576275.92,12,2624068.31,2079838.08,0
807378.01,6,3336658.78,1918751.56,0
762559.32,12,1762994.01,724748.1,0
162360.91,60,803133.77,372252.92,0
157756.98,12,513969.16,255003.8,1
275492.62,24,1330279.21,26153.71,0
367463.98,60,1200725.56,1300750.36,1
414371.03,24,1305915.6,678229.2,0
682900.24,12,2097859.21,611683.48,0
66113.63,24,176659.82,7835.79,1
44325.98,24,149287.92,35532.11,0
397991.46,24,1227382.31,127926.05,0
700192.06,36,1140342.64,835929.4,0
201500.99,60,485924.34,598390.67,1
645089.44,60,1448825.6,166546.79,0
267229.86,60,1212161.22,607214.05,0
887225.25,12,3190501.85,1332128.78,1
896733.04,48,3741969.1,1724097.16,0
304314.33,12,1475587.06,514623.56,0
237693.82,60,892335.27,333497.32,0
417190.93,6,2060562.31,1283808.71,0
248126.27,24,642938.38,113117.13,1
675660.0,24,1453976.5,1863274.82,1
827804.04,48,2410221.5,1846857.07,0
676361.21,6,2129048.43,323591.01,0
826106.94,36,3827985.76,899648.91,0
403022.24,12,1394372.94,213692.59,0
164753.8,36,415613.45,6814.56,0
740571.44,6,3035765.25,655312.25,0
366869.76,48,1199815.18,44601.88,0
674558.12,6,1394623.15,172581.97,0
277937.5,48,978025.72,283769.91,0
90417.34,36,424046.55,7029.41,1
992655.98,36,4416504.3,2660348.73,1
164639.49,6,585101.57,372400.3,0
988536.78,6,2787467.22,917441.99,1
977507.13,24,167130.02,131653.8,1
795879.92,48,2502064.4,1359109.2,0
662828.73,24,2738992.6,1629638.69,0
582028.98,12,1606957.58,247214.9,0
867440.53,12,2015987.21,1350610.83,1
296545.13,6,1411504.11,1067149.5,0
473004.4,36,2069604.71,391254.91,0
623196.07,12,2326992.11,1277917.6,1
417078.57,12,825290.76,493154.84,1
433211.59,24,252431.45,61627.44,1
336981.82,24,627213.67,238345.71,1
568589.5,12,2079353.6,162254.61,1
852068.78,6,1622739.25,224710.19,0
209513.09,24,932164.63,45915.09,0
935088.71,12,4652419.33,2084899.8,1
692196.78,36,1925842.79,963326.43,0
825040.48,24,2547596.68,1867122.57,1
560628.79,12,2237377.06,970457.49,0
781721.53,48,3736656.68,779052.18,0
26038.39,24,120540.25,5735.16,0
820196.62,48,1395623.11,988048.75,0
49737.47,24,104038.42,39855.71,1
891014.24,24,3689770.33,5483531.46,1
992043.12,60,3880005.52,45471.64,0
301126.79,60,592095.09,231219.73,0
218215.37,48,710776.78,185212.86,0
767709.73,6,3249601.06,78851.63,1
260496.08,12,590214.41,366250.61,0
866906.76,6,3943998.13,1618306.53,1
111814.17,6,188451.74,50230.72,1
134695.64,60,570797.4,367958.14,0
979360.04,12,3579919.54,1279960.0,0
677100.51,60,1762626.5,1859303.82,1
848418.35,60,3413410.94,2579030.3,0
331086.08,60,1403235.6,287026.5,0
679718.91,36,3241339.13,2153741.55,0
598299.41,6,232021.18,151540.53,0
607118.62,6,2368405.3,307653.82,1
685707.13,6,2474824.67,938458.82,1
579605.58,36,1934851.66,62223.25,0
434771.75,24,2007105.38,569298.06,0
283163.47,48,427884.24,250219.46,1
770895.52,48,1917518.29,363668.04,0
234009.71,36,791881.92,74201.19,0
695430.76,6,1477113.3,599263.15,0
240999.49,48,1127283.04,484268.52,0
629076.87,36,2369470.19,1281085.21,0
749607.48,60,2378197.56,1444303.63,0
226526.75,12,47435.43,26404.82,0
69343.87,48,46107.04,31183.56,0
139664.01,12,482579.03,86055.99,1
609937.0,6,920778.27,419703.07,0
850951.94,48,2365605.42,681474.82,0
54546.85,36,108317.32,83370.75,1
736809.75,24,2883807.33,1015745.05,0
347905.46,48,1105154.52,848505.75,0
483743.09,48,1236520.6,760772.42,0
929570.95,48,2916448.16,1676290.09,1
338651.79,48,756448.06,297473.93,0
470683.56,36,2230006.08,790988.75,0
23545.59,36,39766.25,16751.08,1
90782.73,24,411151.32,96582.1,0
266005.68,36,875093.72,633224.77,1
37573.72,36,137757.01,87539.69,1
635061.57,6,1625198.56,1041941.91,0
432134.37,6,2110302.98,731268.26,0
552663.75,12,1374186.45,78151.58,0
182900.71,24,651322.78,355923.05,0
302972.71,6,1507882.59,451657.38,0
667186.23,24,3058268.52,2129607.7,0
965649.7,24,281136.32,175505.18,1
59912.61,48,297544.64,34593.29,0
891480.48,60,3525622.11,1697137.83,0
581112.39,60,1296142.98,717766.58,1
568280.37,60,1659143.83,754097.57,0
505275.75,24,1349453.42,554940.78,1
78700.15,48,47980.1,8746.31,1
98978.08,12,411906.93,77737.33,0
604902.89,12,2144332.5,1317491.85,1
347548.99,60,567660.28,8487.56,0
918095.39,12,4196678.01,2615067.79,1
412524.63,48,1047311.96,441378.09,0
151848.64,60,757688.58,567492.17,0
717571.65,48,3472808.23,2770805.18,1
300419.89,12,1439569.31,764105.61,0
530215.6,60,2300577.18,758743.6,0
700854.46,48,1592444.12,605238.21,1
901261.47,36,707992.63,115666.41,0
794269.28,36,1814952.32,144084.45,0
679597.46,48,1637057.92,757975.36,0
682836.85,48,2484386.61,1600928.99,0
946465.4,6,543068.04,113725.62,0
302865.86,6,1481954.45,497525.08,1
11100.97,24,52345.03,23231.72,0
279235.01,60,790985.24,574507.02,0
225712.47,24,745749.16,82707.3,0
665216.24,24,2083070.09,394755.39,0
637374.48,12,2924082.41,2148686.99,0
597526.77,36,2336393.35,73896.56,0
26081.01,12,64508.49,69891.03,0
731490.27,60,2241245.51,2672154.99,0
330295.11,48,66776.13,20473.8,0
668405.43,6,3246895.07,1216065.27,0
561012.64,60,1185749.69,810974.96,1
349303.62,48,633468.12,83608.7,0
143230.5,60,656305.91,121583.28,0
103474.71,48,479957.19,603510.57,1
833203.15,6,3791979.86,1242997.11,1
919213.57,48,3022759.56,1388951.97,1
653290.17,24,2488451.18,1833170.69,1
112399.77,60,390226.22,286301.8,1
408006.94,6,711183.59,130868.21,0
731649.81,48,2623273.43,634086.35,0
782022.68,24,1210297.02,156920.99,0
127036.44,24,335053.01,248687.17,0
10030.41,36,47775.08,15206.39,0
715015.68,24,1833413.49,659596.38,1
363030.21,12,192552.67,123640.5,0
261936.52,6,622222.04,583531.09,1
22768.5,6,59220.14,5673.55,1
544896.41,6,2015804.08,706093.77,1
852639.23,48,3551834.47,1791613.62,1
958055.33,60,3118333.28,1794186.91,0
570087.5,48,2615222.19,1350190.79,0
519316.71,12,852116.4,81244.68,0
94205.82,60,445375.15,108437.99,0
553384.07,24,1210293.74,710262.96,1
386179.29,48,1774430.35,1249468.96,0
611063.93,60,1773931.5,66964.37,0
394839.08,24,1743076.22,58886.84,0
247896.13,60,954605.71,491358.11,0
104015.62,24,220075.8,96489.36,0
321769.26,60,1516552.1,188463.81,0
105678.39,48,249328.17,253179.1,1
185127.98,48,435882.05,339809.23,0
987462.8,12,4295094.01,2167820.61,1
449662.52,36,841119.1,302224.96,0
536553.05,6,1221798.72,808862.51,0
874882.34,48,2854628.66,486023.33,0
995613.21,48,4387338.47,1454232.23,0
586887.3,24,66955.53,28269.58,0
814349.08,36,2782499.55,1123105.62,0
333671.61,48,1331130.19,1916099.97,1
312686.52,60,1410867.62,330332.76,0
408676.68,36,1951218.41,88200.88,0
675782.19,6,2869533.16,3712257.79,0
685369.77,60,2594055.63,450468.46,0
322087.04,24,971952.49,294717.75,1
141877.82,12,268487.53,114030.22,0
636072.29,60,2534163.0,2911060.87,0
137042.6,6,681729.45,845819.06,1
582707.58,60,2376667.31,851309.5,0
696487.91,36,1085468.63,1319769.27,1
703605.38,36,2277507.24,1768818.09,0
755937.39,6,324883.9,212589.62,1
874130.83,36,3421225.43,462462.47,0
504959.4,60,2029452.24,1304142.27,0
732946.7,12,2531143.14,1703153.69,0
622981.01,60,1421493.87,785453.95,0
194773.54,12,934465.46,491329.57,1
35432.75,36,139545.96,49218.08,0
291695.97,60,679342.45,348744.73,0
448603.37,36,1178986.37,695672.67,1
620934.88,12,2935001.99,288382.14,1
851459.74,36,3921992.28,807396.89,0
204283.26,48,596101.11,92553.94,0
134294.29,24,219446.98,147681.12,1
963845.15,60,1609371.56,875501.47,0
116964.11,48,291675.04,105184.68,0
483706.16,36,1790645.27,1183338.26,0
589708.09,36,2090327.19,1198646.02,1
545960.68,24,2030098.69,1483747.29,0
95171.84,36,381685.75,23452.91,0
66456.64,24,104111.83,42407.45,1
114428.59,60,213729.67,120842.4,1
589731.81,12,1626593.61,2016145.01,1
548901.44,24,1120862.22,293330.75,1
241403.38,24,425743.86,142701.25,1
641396.4,48,2400987.5,1525732.7,1
821866.83,36,172511.23,68117.95,1
51163.17,60,211518.43,314372.07,1
503148.64,12,2193546.55,756137.64,0
692417.31,6,2652303.05,485030.03,0
259788.81,24,1058303.92,781512.18,1
314693.2,6,771384.06,196117.37,0
617501.52,36,3072396.18,1394783.46,0
898955.94,24,1924736.4,229089.42,0
811825.18,6,1827198.12,634758.97,1
587298.92,48,1474840.56,1316006.46,1
732919.5,6,3601319.8,2867990.94,1
371174.25,48,1840656.84,532688.82,0
644555.87,12,403898.52,49757.24,0
471519.78,36,1745425.52,439081.38,0
198036.78,60,657525.48,172135.84,0
704720.89,6,3451140.09,1779432.11,1
560899.99,24,2206961.87,875999.18,1
365035.37,36,1754562.75,1078648.65,0
912225.8,6,2379019.02,1334731.08,1
30724.78,24,81980.22,16481.88,1
322615.42,24,1449038.8,909133.54,1
66312.58,60,17528.11,11883.52,0
768862.04,60,3698801.15,1770661.06,0
705086.38,24,2309975.96,1714312.09,1
338038.7,60,1603131.15,1004134.82,0
678906.27,24,1818636.98,866247.21,0
401977.85,6,1610265.45,1167334.24,1
758691.25,12,2420272.83,1162425.05,1
459641.83,60,1697830.83,707915.49,0
418156.93,48,1365409.38,389150.78,0
935382.62,48,4569254.92,3227222.09,0
258370.31,48,1013423.67,99499.7,0
129242.87,12,307548.45,116500.02,1
588697.68,24,2757382.95,1185483.49,0
969628.59,24,2452291.63,1088325.27,0
384060.82,36,1075607.59,560942.12,0
71416.4,48,132651.17,53675.51,1
345912.21,48,1608451.24,330463.57,0
510872.34,24,1277892.03,876065.93,1
170303.78,48,409786.94,215556.23,0
661521.2,24,3122988.06,2144088.24,0
997771.9,24,4309720.09,951736.14,0
457222.08,60,911598.51,464592.09,1
361181.27,24,158900.22,90785.89,1
406697.13,6,1909693.49,585749.07,0
123994.72,6,220064.5,304918.94,1
884440.87,6,3881149.84,7789.54,0
420677.4,6,1437021.45,683929.95,0
393401.67,12,1511524.38,741938.96,0
663093.37,36,369733.82,157903.88,1
447613.09,36,1764629.92,889441.93,0
651751.13,24,1055408.31,141194.09,0
70831.83,48,295331.44,161790.0,0
815586.11,6,1318560.46,354206.44,0
941098.91,36,2911336.03,1052864.28,0
652277.73,36,1323065.46,352580.4,0
955020.27,6,4185385.86,1586884.71,0
159917.99,12,415437.06,206578.31,0
482642.03,12,1491039.25,1000002.42,1
605788.67,36,1817746.2,703009.79,1
585919.28,12,2463062.2,636896.31,0
407447.16,60,1297313.9,506411.03,0
344703.57,6,1468904.0,809429.17,0
135555.78,36,238209.32,66069.87,0
397825.03,6,863510.61,286189.57,0
171034.21,12,21912.37,9866.52,1
737022.02,6,3548620.36,834661.81,1
216742.63,12,381825.19,63867.03,0
67979.65,12,112220.45,12603.91,0
556842.48,6,1140372.95,321685.51,0
599277.44,12,2243716.28,86774.21,1
873193.93,60,2529184.57,1180588.0,0
581211.8,24,2551190.45,359022.64,0
352026.05,6,158851.23,47959.7,0
804981.76,24,1760856.79,379250.26,0
544876.1,6,1389484.41,700733.62,0
88487.48,12,326833.4,222337.09,1
570192.05,12,2222668.15,1126094.45,1
908938.36,36,1758533.52,1579391.35,1
402349.5,60,1932611.98,1034463.4,0
303362.54,36,817153.86,19605.57,0
152034.76,24,607544.69,59706.9,0
159931.07,12,59810.92,4542.15,1
438443.77,36,999499.83,78518.44,0
599723.03,12,2675843.69,557610.96,0
89809.25,6,391912.58,166814.38,0
940172.9,36,2713575.43,2173520.53,1
757582.28,24,2697088.79,2017673.23,0
590757.68,36,1419230.3,969909.71,0
830154.28,12,3249622.91,2525982.2,1
89384.89,48,230755.48,7845.69,0
482070.49,48,2147274.81,1462556.02,0
633792.2,60,1432907.74,921341.42,1
830366.38,12,1288572.5,1490282.55,1
785634.86,6,1916774.76,809560.04,1
284298.56,36,616553.65,388620.71,0
941471.37,48,3087087.01,126661.65,0
133102.38,6,294550.45,17879.87,1
876382.28,12,3655534.7,346638.98,0
971230.85,6,2277339.41,1666627.78,1
185381.99,12,736780.07,36054.69,0
724845.4,60,2554825.06,204691.62,0
49882.66,36,247012.67,183858.53,1
411368.6,6,2056700.43,176699.5,1
521120.47,36,2367628.15,1647407.6,0
584838.77,6,2432895.24,1536170.51,0
936577.88,12,2671679.67,86096.46,0
675528.18,12,2794301.07,48838.56,0
486465.17,6,2358560.4,1008309.82,1
811578.29,60,1283772.0,1024116.69,1
951027.49,12,3217042.07,2261786.88,1
31845.49,24,72066.15,17873.87,1
982696.06,24,3392824.09,1048543.42,0
95270.82,36,298442.02,92613.96,0
816242.91,24,2869248.94,1685233.43,0
287531.41,24,985763.42,269020.95,1
140857.86,60,684621.97,80948.09,0
445457.08,60,1529098.86,913920.87,0
647517.01,48,2889099.37,1058602.11,0
387142.33,48,1014069.39,62287.16,0
64019.75,60,194194.46,122739.02,0
603466.53,48,1898775.55,889099.77,0
903379.24,60,2236358.81,2041321.4,1
389383.21,48,1101668.64,593440.84,0
224169.45,12,805843.39,1075394.77,1
448151.57,60,1582269.55,820780.36,0
57879.08,36,215745.64,149725.5,1
822282.71,36,2245952.33,1102339.22,0
828077.4,60,2157481.33,1138460.61,1
592120.46,24,2155710.81,1058636.93,0
359571.86,36,706564.5,300250.22,0
801785.53,24,1912747.9,263151.89,0
559140.15,36,921153.81,247368.59,0
827672.99,6,591222.38,327825.23,0
635144.2,6,110446.86,37594.0,0
786561.42,60,1233605.55,400802.4,0
602577.36,36,1421442.07,863405.84,1
419999.66,12,1592813.91,7096.13,0
958366.4,24,1642520.0,892209.61,0
545702.69,36,1652703.36,646837.04,0
609038.62,60,2859972.73,862024.57,0
228282.76,24,974652.54,265523.9,0
629394.28,48,342196.48,47325.91,0
575891.57,60,2727894.23,729443.46,0
192990.01,36,512149.7,160371.88,1
68991.23,12,120997.11,42344.04,0
608315.73,48,3028923.16,1629077.58,0
766055.35,60,3481781.97,1263388.32,0
528167.36,36,1653567.75,2295743.68,1
234504.9,6,898697.31,459944.65,0
669856.76,36,2578478.47,391097.59,0
89304.67,6,62144.08,13779.74,0
447415.37,6,984389.97,62409.68,0
171733.09,60,73117.4,55318.97,0
192614.46,36,903459.28,640769.81,0
210271.01,36,322761.42,21895.16,0
392839.99,6,108006.1,142221.35,1
60638.7,24,103167.27,79265.63,0
403815.51,48,1281620.54,766042.84,0
516590.37,12,1928201.92,758650.57,0
488461.34,36,1906785.74,367785.39,0
388956.26,48,663044.95,948527.58,1
840755.14,48,2492933.71,1468313.93,0
153873.43,24,545239.79,340480.56,0
510639.78,48,883998.85,846239.29,1
71421.0,36,140901.56,13633.49,0
80444.12,60,307519.49,229746.18,1
578127.19,60,1922697.07,1299378.27,0
570358.24,48,1178588.45,132509.91,0
879253.18,36,608146.73,27598.96,1
562294.94,36,2639650.47,1131602.7,0
960193.11,6,1492674.49,339305.95,0
58207.9,24,218234.12,49451.8,0
107027.61,12,188130.62,13127.24,0
53625.2,6,81648.28,62273.85,0
193424.08,12,392126.84,260424.44,0
545857.41,36,1626749.63,148144.3,0
649116.46,60,2796526.13,1961145.09,1
55129.31,6,137065.2,74887.61,0
946511.18,48,3492490.19,909279.97,0
843743.72,48,2479803.49,1728424.13,0
303646.36,12,704508.52,337049.38,0
86415.65,36,285159.97,193605.33,0
178188.2,60,764627.97,287052.3,0
135674.97,12,598831.78,239844.6,1
132050.94,60,589319.36,137198.28,0
523376.07,24,1405239.81,435840.96,0
253388.97,60,1083769.01,492249.68,0
364558.32,48,817567.45,619427.84,0
989610.28,6,4042051.17,1940565.36,0
687471.11,6,3313160.79,390630.12,0
949490.86,6,1469910.05,8227.01,1
151130.99,60,459630.71,312912.12,1
388318.08,48,1462871.27,426368.96,0
559184.49,60,2212254.18,557427.77,0
85990.48,36,56880.4,36436.73,1
14145.57,48,69350.66,52449.31,1
673729.99,48,2461424.54,1473005.23,0
645401.32,60,1339331.72,186271.38,0
416680.92,60,136750.51,42816.95,1
494747.64,6,2098434.86,1274838.72,1
421288.57,48,749458.29,543762.46,0
33764.99,6,67316.53,92013.85,1
342017.89,36,1201134.37,491562.71,0
185311.43,24,55953.28,36818.37,0
107439.95,6,419456.84,15647.97,1
957153.23,60,2754016.07,629732.76,0
603366.13,12,2539354.05,754723.25,1
731369.72,24,3591211.9,2802650.27,1
322210.11,36,789038.53,2142.18,0
399215.66,60,1581133.61,389617.55,0
244554.75,24,1161547.09,864574.12,0
105996.01,60,39281.86,9637.51,0
187241.32,6,727223.43,130939.06,1
799538.9,60,163109.88,95267.72,1
680770.35,36,2296208.23,2030355.52,1
551459.59,12,1912919.54,722590.64,0
480338.97,6,1897556.75,2313269.52,1
923209.94,6,4605779.06,746899.22,1
82007.6,36,132668.07,96944.89,1
287794.81,36,497399.89,300631.71,0
356438.48,24,631903.13,186137.6,1
784601.55,12,3217201.36,2076790.01,1
992589.47,60,1962585.9,209136.57,0
248263.81,24,913258.67,95696.72,0
875564.26,60,444879.41,330967.93,0
832316.53,60,2580697.15,195679.83,0
232410.82,60,524044.81,1710.32,0
405339.25,24,1836743.32,571639.33,0
415576.14,6,1475929.52,122621.38,1
978438.46,36,4702347.28,3246637.85,0
189082.98,6,663886.77,724441.76,1
801166.39,12,1549197.91,597899.13,1
340850.79,24,272321.86,92692.16,1
733561.64,12,3639756.01,1569577.16,1
425810.89,36,1720053.8,311253.54,0
582576.17,36,974344.44,232257.1,0
834285.66,48,3306468.89,267102.3,0
806123.91,12,2372104.78,847221.12,0
867758.95,6,2234678.32,2444608.79,1
69021.15,12,140748.81,104742.31,0
695130.05,24,3086143.75,1824708.84,1
148587.5,36,256082.36,148131.09,1
421660.38,36,1060233.03,1172645.53,1
553102.53,12,1422767.83,1011068.1,0
408712.09,12,843241.91,638810.18,1
524415.56,60,1719373.55,1282326.59,0
996561.05,12,1535659.91,47670.6,0
143865.14,60,367347.31,177605.26,0
678701.48,24,3235847.12,1665102.48,0
402040.96,24,197700.87,46667.71,0
141679.7,6,391263.77,561471.58,0
167149.4,12,67637.67,78339.38,0
949780.38,6,3291869.28,3252747.87,1
880805.48,48,3814310.74,1477345.56,0
907971.54,24,1966779.2,508447.64,1
991617.45,36,4512962.39,3336088.16,0
216232.24,60,897671.44,316035.45,0
361884.94,48,1458134.37,478442.53,0
672526.84,36,197338.78,98805.5,0
488964.51,48,770482.12,701651.15,1
424205.64,6,162295.12,98251.25,0
364233.14,6,1646686.69,1012249.69,0
597842.83,60,2119678.73,803825.98,0
579837.49,24,1302501.73,995838.58,0
169843.26,60,308574.57,143015.45,0
477022.44,36,1883564.88,1047618.37,1
557937.06,48,2246363.94,1661132.14,1
574584.07,60,1208844.99,644406.58,0
218006.12,12,348518.99,120399.65,0
744848.68,12,2181656.05,43233.75,0
34947.1,24,123695.8,72070.05,1
361283.54,60,1434659.98,1107403.72,1
782410.52,36,3391599.02,1275879.19,0
568253.99,12,2066672.14,561752.3,0
268550.81,24,507045.99,210630.73,1
698003.59,60,2714560.99,1581909.78,0
571717.03,24,2826922.46,1561.53,0
798281.17,36,3727610.68,2645743.91,0
737674.93,12,3357041.45,2380445.49,1
614006.84,12,1570381.15,1655299.14,1
493295.9,12,2036206.4,2346060.92,1
141850.3,6,635327.93,833768.09,1
268719.69,12,1041058.16,114804.28,1
424908.48,48,1009993.07,410095.28,0
603306.29,6,2919048.56,218648.35,1
518570.78,60,1596092.38,752162.16,0
295302.68,6,577115.77,146850.26,0
16399.71,6,12155.54,15149.84,1
501276.83,6,1887967.17,1208217.62,1
292769.73,24,887673.07,709054.7,0
737262.22,48,1349701.2,278041.88,0
33706.8,36,137903.82,6818.09,0
588979.53,12,2531220.86,897071.28,0
942059.5,6,3804935.65,3514781.93,1
182665.17,36,403308.82,57592.41,0
476933.0,24,1866817.87,892040.46,0
100507.77,36,154533.69,73203.33,1
629425.09,6,1616295.96,56024.02,1
555026.36,60,1607287.16,569500.1,0
413291.87,48,1828140.51,775451.42,0
526163.25,36,1508183.98,323383.89,0
897608.91,6,1381817.81,964003.84,1
204331.36,6,558481.02,71976.43,0
32338.87,12,104979.55,21323.6,0
863048.24,60,4161201.55,522628.32,0
581345.91,12,2786751.42,259829.2,1
891751.87,60,1902159.47,1337566.86,0
600975.77,48,1290903.7,286951.54,0
812059.48,12,1682453.33,972490.35,0
435376.63,48,1855238.55,2759596.84,1
752361.33,24,1144399.62,582154.7,1
913911.05,24,1777666.84,1724549.65,1
576401.73,60,1949885.61,1317510.98,0
188977.3,60,447208.59,24681.05,0
276109.64,12,503416.24,340390.95,0
206658.13,24,570288.2,206135.7,0
254388.46,36,625726.07,175276.25,0
313351.29,36,1030570.11,554354.32,0
559582.45,36,2757240.44,2095961.26,1
592111.71,24,1145775.37,86286.51,1
432234.75,36,1212221.14,744863.37,0
619266.57,48,2948914.93,480102.3,0
90759.18,6,414683.74,126109.02,1
96910.35,60,279096.83,195104.99,0
180111.17,12,710779.27,310354.2,1
522896.72,48,945135.58,51004.54,0
221854.73,36,886064.21,360130.91,1
290451.56,6,1424665.5,899980.46,1
406309.71,12,1373817.86,581268.48,0
813747.46,48,2640379.24,352520.71,0
23723.51,12,51138.76,61709.75,1
652885.03,60,2427595.44,1795149.28,0
672187.77,24,2397378.17,1262371.1,1
800669.22,36,3027943.4,1768044.02,0
933425.41,48,1485351.92,933913.84,0
29936.47,48,102398.66,7429.51,0
162245.87,6,581208.83,270395.35,0
887309.58,6,1975466.54,594086.31,0
463933.38,6,1034184.05,115132.95,0
568944.73,12,1403452.14,227594.53,1
666396.93,36,2659607.19,1662064.01,1
682275.94,12,2471156.53,319251.89,0
932423.0,36,4158764.4,1039420.31,0
996979.92,48,2527149.69,575934.05,0
722955.89,12,3392281.25,131974.3,1
294349.0,12,1207705.58,446521.07,0
880954.88,12,2539388.42,1555994.7,0
58728.71,24,107674.23,92878.01,0
238770.04,60,572915.06,541391.7,0
898411.86,36,4356119.49,2509775.39,0
263629.6,36,681817.8,323771.27,1
228444.55,12,606441.09,347004.43,0
146744.04,24,317489.72,444767.96,1
860520.64,12,3720871.54,2392576.31,1
505057.68,36,1244843.34,477891.43,1
678144.27,60,1801085.99,879365.07,0
246675.72,60,91737.88,6763.17,1
760460.02,48,2295105.59,376455.31,0
762405.49,24,2241237.9,1386623.2,1
319472.04,60,1042470.15,186734.29,0
416575.81,24,1812435.98,1545476.84,0
217593.37,12,950338.53,454036.23,1
976795.41,48,4194453.23,1838635.27,0
649146.55,36,1203476.77,585268.98,1
935198.44,60,4020301.95,1988619.83,0
310351.69,60,596148.73,238553.61,1
784072.0,6,1518381.46,599789.73,1
768200.06,36,3700818.92,2736135.53,0
694739.1,60,359209.37,391719.26,1
965982.59,60,3316640.01,1637890.04,0
399619.78,36,1823223.57,389395.91,0
139410.15,48,691861.38,482140.6,0
674991.77,24,2455111.95,3392610.71,1
732016.7,36,2668306.67,1189481.51,0
579309.97,24,2398629.8,736571.81,0
214749.71,48,496605.77,642423.01,1
509411.38,48,1062090.64,306028.29,0
319067.84,12,1326854.02,761813.67,0
433191.86,6,1172722.61,19074.51,0
648766.39,48,1279851.46,415582.55,0
747762.6,48,1945732.15,1293933.05,0
239902.44,24,660986.17,132303.37,1
411272.11,48,2006307.42,84667.58,0
276469.96,36,1090082.07,433001.59,0
206645.3,12,693914.32,542104.44,0
785553.35,12,3842185.41,197207.27,0
910160.17,36,4242246.62,237757.54,0
376529.86,60,1239537.43,590135.41,0
753766.14,48,3519996.46,4754647.92,1
898025.34,6,2617803.41,859123.78,0
847662.97,48,1955111.18,1298987.06,0
190985.25,12,442011.22,70314.68,0
956728.96,6,3652890.99,2102019.41,1
382909.68,60,1245890.89,502827.12,0
345848.25,24,1316411.87,953037.64,1
71807.01,24,280138.24,218051.09,0
491311.92,48,775354.11,300813.07,1
117923.48,48,199189.1,93164.26,0
256054.42,6,861462.33,514012.2,0
323773.2,6,702142.39,179003.7,0
810738.06,60,3010974.29,546167.49,0
876733.76,48,3009520.22,2322591.63,1
309441.65,12,1098567.76,380205.86,0
860111.14,24,2200675.06,2800.71,1
858658.63,60,3210912.96,2151872.43,0
767004.44,6,3377292.53,1620193.03,0
155228.16,12,775092.91,104518.84,1
693419.62,48,3075007.69,74143.83,0
945573.82,36,3263407.54,760980.77,0
685715.07,6,1492804.16,1108122.97,0
338300.68,60,1314318.63,1874399.94,1
505573.52,36,2417545.52,601492.07,0
649267.79,12,1455355.11,1781567.01,1
515464.7,24,1235045.52,436559.27,1
128753.41,12,260278.87,136249.69,1
318943.4,24,1300818.87,348040.72,0
804372.07,12,2351151.62,970503.84,0
862803.87,6,1483534.94,348665.66,0
145927.03,6,665766.53,32550.32,0
952862.88,60,3289141.32,366747.64,0
335534.39,36,892128.91,207455.3,0
665690.6,12,1799987.72,1405795.86,0
754306.89,12,1897745.07,1466079.65,1
813826.77,36,2518127.01,1667329.13,0
946292.21,48,2535728.05,471657.69,0
319790.35,60,1092983.32,386131.02,0
859921.39,12,3617956.19,1272892.03,0
140370.03,60,541914.57,167765.15,0
707990.5,12,1791640.14,64327.48,0
744557.95,12,2494711.06,2171900.88,0
680946.01,48,261109.95,15209.55,0
259791.59,6,451705.31,289784.74,0
874312.72,60,1551066.12,857810.47,0
177169.88,36,610632.86,172314.25,0
63098.44,60,235792.75,122072.05,0
720290.34,48,1613411.15,300787.6,0
480720.96,24,1974931.71,419080.61,0
850607.04,24,3199917.18,804160.99,0
389563.17,48,1843222.98,1175256.08,0
176595.8,48,369321.81,62250.33,0
838077.77,6,3461101.9,3018078.39,0
553420.54,60,992145.13,159113.98,0
197303.83,60,686326.0,156502.88,0
723180.16,24,2481688.89,467513.05,0
516002.5,36,1475430.54,761327.67,1
608269.85,60,2710449.85,2833550.11,1
466289.35,12,706566.97,407716.92,1
830421.89,12,2757522.1,485199.11,0
831267.09,6,1878694.73,13749.84,0
712294.93,6,2922008.43,1590763.75,0
114347.36,24,188757.3,17343.62,1
840465.32,36,3706823.05,730407.91,0
674302.85,36,2989402.19,731055.08,0
700053.92,48,3090759.79,1846548.7,0
369353.01,6,751260.27,376166.12,0
880486.76,60,3263456.22,481073.75,0
728117.88,12,1128790.78,539912.2,1
121464.56,60,542687.75,307442.59,0
413700.25,12,184899.99,57525.67,1
887516.56,24,2981201.9,2763497.04,0
56724.73,12,230136.2,125006.81,1
961802.45,60,1760227.69,860246.08,0
682370.94,60,2286144.23,142494.75,0
635062.22,36,1600018.76,853359.95,1
277853.66,36,1362641.06,532539.68,0
256303.87,6,1153345.07,695115.5,1
942637.64,60,3833202.91,584847.23,0
305289.73,24,1455657.07,300699.64,0
777750.24,12,2110776.48,917449.4,0
399190.58,6,1857465.56,715842.75,0
147861.53,48,390108.07,120579.4,0
20608.14,48,83767.73,49994.81,0
548814.76,12,2237769.79,1011027.19,1
976021.03,12,1526716.07,867506.76,1
375444.83,12,1037620.23,127216.36,1
363620.41,36,570162.02,332513.15,0
350650.7,12,1749684.6,646022.9,0
525338.4,48,1012688.88,27357.13,0
446258.23,12,1517205.75,284617.55,0
881115.48,60,3759672.91,77468.49,0
510465.58,24,1125281.87,411290.09,0
512680.26,48,190621.85,49695.84,0
146987.88,24,532978.15,421031.23,1
982912.15,48,2025503.42,1407326.45,0
257473.16,6,1087809.71,1013319.89,1
82630.43,60,210515.7,84394.32,0
666514.79,48,1492047.19,963370.11,0
599412.71,60,2070377.86,442016.81,0
420994.2,48,1236080.1,554406.12,0
427970.31,24,2020448.18,635096.47,0
787213.28,24,3605609.57,494233.63,0
203755.51,48,650332.03,37778.27,0
822050.79,48,2266741.93,1012269.61,0
652259.64,36,1721517.31,1980303.55,1
424780.08,60,1034965.06,594486.49,0
463448.33,60,1578466.77,1163605.9,1
264080.74,60,1140148.82,147860.07,0
754593.19,60,1952621.66,735651.9,0
517745.99,6,1121090.57,662586.58,1
327646.0,6,260218.66,59712.83,0
600089.61,12,1045128.34,769853.68,0
995777.11,48,3937777.2,2798863.54,0
440909.66,48,1461286.57,121291.88,0
921484.49,48,2983132.64,65389.72,0
351566.67,48,897043.04,700740.23,1
64185.38,60,299511.9,229180.52,0
212199.69,60,385503.61,130234.1,1
424508.19,6,1929128.24,78034.51,0
227438.58,24,641028.41,317373.45,1
10224.77,36,46851.76,10997.42,0
915851.52,60,3709807.79,2780049.79,0
845440.62,60,1576406.5,1002168.18,0
744869.31,60,3285154.47,1707212.74,0
176136.45,24,684751.4,155851.53,0
129159.94,24,208342.31,116883.13,0
76928.7,6,151392.56,35022.34,0
726788.9,60,2707069.3,81495.75,0
929519.88,36,3549931.01,1443926.17,0
436230.46,48,1794338.03,2387458.81,1
127949.27,60,514465.96,314032.48,0
517268.89,6,1969925.38,2124286.74,0
355343.59,6,1485988.67,421388.93,1
381076.68,36,1338646.15,481348.25,0
625117.32,12,1508264.22,567590.5,0
721530.93,6,3386374.21,878355.26,1
119497.56,24,186864.2,111129.92,1
45234.33,24,125885.6,52580.02,1
994387.0,48,4028307.5,2945355.92,0
240401.07,6,720012.3,374585.4,1
63292.22,48,100439.72,17026.26,0
197976.58,6,342684.23,329964.33,0
48568.27,36,183113.59,54550.91,0
397892.79,60,1940533.52,538578.06,0
804377.77,6,2760240.6,899025.43,0
347832.01,12,1138681.08,167241.34,1
449741.57,24,1175686.64,920066.66,1
678830.91,36,1628119.84,189786.38,0
513805.13,60,808445.36,422104.7,0
862831.23,60,2118545.79,22150.22,0
867375.32,24,2664478.57,867471.17,1
19811.59,60,43443.33,10745.57,0
780265.84,48,1408940.04,1470956.62,1
466126.26,36,1870120.71,2271707.3,1
988952.14,12,4580006.41,4046394.38,1
488399.76,24,263844.04,123164.79,0
987026.99,6,3615475.47,1824263.84,1
757023.67,6,1275366.13,861686.01,1
256118.84,6,1048299.33,743636.0,1
543011.03,36,1023756.92,603812.08,0
992214.28,12,3814189.18,5356005.06,1
858955.3,60,3631474.4,2792726.97,0
106393.22,12,429884.62,462462.07,1
709308.28,12,3427089.15,1951257.88,0
352123.79,24,1437901.72,595221.22,0
16912.44,36,66402.2,64960.9,0
409446.16,6,989263.32,598584.35,0
242406.88,24,1148206.34,806371.7,0
820680.58,60,1746739.46,929527.54,0
343957.3,12,1605296.23,807878.34,1
829248.46,6,2151334.95,332174.21,0
10591.96,36,2524.82,722.7,1
314740.96,48,113643.91,65744.02,1
248753.56,12,375302.98,5073.72,1
241231.69,12,1064388.78,546043.6,1
77504.75,12,187413.57,114947.53,0
195253.03,12,897485.33,240313.89,1
559994.07,6,2195275.95,133767.42,0
298447.46,36,1143543.72,749359.06,1
423220.83,24,1175969.22,133436.6,0
383098.21,6,654297.42,194091.37,0
877145.88,36,3864052.01,2186293.32,1
906246.01,24,1901452.1,1242767.78,0
498027.4,12,1395923.61,963055.42,1
336854.39,36,1213093.97,1696438.91,1
115732.7,12,368942.9,140455.59,1
953868.85,36,2094039.95,1421128.21,0
69624.68,60,138703.31,62480.53,0
304673.77,48,588435.33,272398.83,1
305085.54,12,1379147.6,478810.66,0
327197.27,12,526937.6,157159.76,0
172643.97,12,849330.63,326510.46,0
785329.82,60,1723681.48,503104.69,0
131272.88,6,247597.46,68048.98,0
638557.59,24,2247340.09,1786481.37,0
132607.57,12,236034.96,63486.51,0
79830.28,12,288074.46,59086.09,0
910335.21,6,4075746.66,1154003.94,0
198227.48,6,330572.68,156236.94,1
823037.65,48,3538683.39,2578965.52,0
549184.56,36,1582020.06,997133.64,0
87077.95,12,54860.27,36964.46,1
955893.71,36,2022993.88,1390215.33,0
254491.56,6,1200099.72,883780.7,0
861048.89,6,1624902.69,305574.3,1
177121.91,48,803024.64,294463.37,0
855403.45,24,2912525.72,897518.49,0
23096.52,60,37802.0,11548.57,0
516662.65,60,1614915.14,842706.2,0
771748.15,60,3365650.25,1081862.86,0
935447.56,6,3780807.53,1864181.01,0
910110.11,12,2922125.53,893654.63,0
821428.62,48,3704786.48,4941086.4,0
889309.44,24,1708609.48,482616.81,1
207227.49,60,970818.04,624241.48,0
291342.45,48,1300128.57,625154.9,0
296078.84,6,1178088.49,917964.41,1
383283.39,60,1672114.84,1113837.47,0
399387.46,24,1359257.02,528240.56,0
549109.77,36,2121248.66,411312.38,0
168280.97,24,582604.41,314097.94,1
694334.2,12,1905252.95,1107555.59,1
175890.87,60,614037.28,228017.08,0
317205.4,60,761650.98,140096.33,0
508311.68,36,1545764.18,689087.23,0
798476.16,36,1982387.88,402550.43,0
742074.54,60,1432283.46,1077075.23,0
649079.01,12,1704816.73,857705.91,0
164215.53,36,114390.09,26715.21,1
551574.89,6,1563043.38,269757.14,0
96572.04,60,397684.89,228024.02,1
383589.55,24,810598.56,458988.97,0
419381.36,24,1252049.23,598111.16,0
49413.33,12,93983.97,46187.56,1
281248.22,6,558326.58,269724.89,0
956092.97,36,3500282.49,1008371.03,0
954096.28,60,247815.67,185844.78,1
358803.78,24,806160.93,309100.46,1
52669.11,24,166459.73,2707.02,0
187303.99,24,846908.4,1024244.83,0
398295.62,24,840286.37,87579.74,0
948301.9,48,1486213.7,1810609.0,1
149787.07,12,566492.15,275660.74,0
765880.69,36,1292227.39,23430.12,0
117595.71,60,579722.25,403579.69,1
981445.0,60,3566248.23,1741211.05,0
387800.33,60,1220170.01,288323.12,0
777482.19,36,2336313.68,581658.32,1
349165.17,12,1224084.85,456013.89,0
631392.19,6,1147356.75,227719.85,1
200095.92,12,951469.45,3304.97,0
154560.81,24,570290.32,12116.36,0
938683.5,24,2012466.78,575952.97,0
918470.81,12,3186206.18,316636.7,1
888594.25,12,1747329.75,31261.37,0
629179.12,36,982421.99,675332.02,1
810185.53,36,351362.18,77057.19,1
78346.57,48,295342.41,118874.75,0
341441.15,60,1209704.84,173625.63,0
320566.09,48,686713.86,25669.35,0
639288.87,60,2309114.28,1375985.13,0
362398.2,24,615275.42,61506.3,1
157021.71,48,114010.73,2345.6,1
600502.4,48,2065163.52,970181.32,0
816240.08,6,3096318.51,33359.92,1
388302.26,12,1799456.6,2679223.54,1
140946.03,36,630910.14,145783.67,0
204721.32,48,1009744.85,258024.53,0
245108.47,36,1205160.02,3759.18,0
306898.62,60,1289931.4,995152.23,1
646367.12,48,3133244.37,1295817.38,0
604936.03,60,2743683.49,1256633.67,0
699119.06,48,2829012.24,1507574.93,0
368876.96,24,650641.74,415120.77,0
825757.68,6,1380398.15,671325.3,1
212046.78,60,149791.01,91336.34,1
474350.34,12,1524464.99,547265.0,0
802929.33,12,3493644.59,1037682.71,0
188357.06,24,73225.81,48219.72,0
118764.48,24,343440.1,237745.87,1
884847.13,12,3495724.43,385387.31,0
349500.37,60,1643925.17,713674.19,0
687031.42,12,1241579.25,1593145.41,1
35095.12,6,158460.56,10597.68,0
693146.42,48,2963578.39,2203946.43,1
322940.3,6,841061.66,349955.51,0
65183.45,12,178815.03,92333.99,0
613714.63,48,1020371.25,1268329.71,1
248395.78,12,71171.28,15056.12,1
392939.17,6,1245429.12,120558.75,0
89775.0,6,164682.25,34780.72,0
155691.62,60,339253.03,133637.68,0
304997.46,60,1361412.65,907931.11,0
98861.91,6,345878.22,147682.64,1
911718.0,48,3389506.34,662888.73,0
15986.57,60,34469.89,1230.47,1
489021.62,60,2151849.81,1070708.54,0
132014.98,36,599074.63,201365.71,0
314602.3,36,1048143.68,825395.43,0
926798.96,60,4350350.02,2713782.75,0
170077.61,12,758018.93,490203.46,0
966174.0,48,3922313.42,38391.68,0
213736.43,24,869750.32,895953.94,1
744150.45,60,1390725.78,216523.0,0
551210.49,36,1349322.56,632342.07,1
885633.94,48,1535658.49,549669.39,0
558453.32,48,362554.17,165789.89,0
539213.63,36,1107589.74,118240.55,0
203503.42,48,932392.67,340801.96,0
174567.07,48,408410.0,12070.86,0
917324.26,36,4490796.57,4914106.78,0
334559.82,6,1201243.22,632082.78,1
378361.43,60,881735.26,671316.81,1
762225.42,12,2469578.2,1535866.08,1
345435.25,24,783043.64,293895.56,1
952541.82,12,4709278.6,210488.7,1
740548.49,6,3306865.55,119100.47,1
601454.95,6,957417.5,120935.05,0
882086.21,48,4249199.9,3317131.12,1
59109.85,12,237841.95,75854.66,1
264492.07,6,473000.26,319145.49,1
470385.97,12,1809684.01,1458461.74,0
234708.75,6,883500.87,427917.4,1
746466.14,24,1691313.58,1282456.94,1
920015.95,6,3822264.64,704555.2,0
429532.42,12,775188.52,282100.2,0
348711.27,48,1120429.58,775088.95,0
961935.22,12,1476312.02,651657.48,1
450403.91,36,2202736.9,434283.04,0
494157.92,12,219644.17,293975.13,1
358133.37,24,736315.86,443486.58,0
910452.99,60,2454453.01,25111.79,0
573265.93,24,1182056.19,864501.12,1
764552.84,24,3198247.72,47124.23,0
813688.65,6,1388264.43,1494690.28,1
348430.55,24,1547527.56,748691.31,1
439357.39,12,2107899.32,975385.98,1
849987.06,60,3287918.08,1247680.87,0
369622.8,48,829943.3,565975.07,1
795995.78,24,2197199.36,1158948.61,0
941582.4,12,2985135.93,1867172.15,1
626978.27,6,2267270.48,209535.34,0
744211.01,6,2858009.03,3645110.49,1
807046.34,48,2776038.86,63357.0,0
846589.25,48,2310848.94,272136.64,0
401102.8,12,1852377.16,988440.15,0
60750.82,48,108432.45,42854.39,0
407857.51,48,1277367.38,768721.99,1
677018.67,6,2853279.57,437648.2,0
455846.88,12,780890.47,229246.35,1
751473.52,60,2982352.86,2119850.56,0
363412.61,48,1587746.31,1188541.85,0
638396.7,12,2434148.87,1794900.78,1
194555.61,24,300642.72,196813.96,0
751875.74,6,1601855.92,881963.77,1
550239.01,60,1484212.38,1752636.93,0
212023.74,6,491453.03,714092.96,1
298992.06,6,1455876.8,1111050.92,1
751122.62,36,2839678.18,56312.71,0
487775.22,12,1238655.59,913277.7,0
223871.13,24,1064270.2,473166.47,0
967598.48,48,3959490.1,5460228.18,1
717973.77,24,1792152.45,308123.01,1
957563.48,12,2706156.26,1844860.94,0
432833.99,6,951369.54,1142878.39,1
480349.34,36,279910.27,220080.62,1
898975.66,12,2976092.85,279826.8,0
529798.85,60,2456252.58,810570.16,0
710206.12,60,1926611.08,511514.38,0
259651.15,12,1171791.52,483842.5,0
452259.2,48,763686.68,791310.86,1
132215.37,24,652789.08,345523.59,0
213920.24,24,1003739.5,1040.58,0
10933.98,48,30300.36,2156.43,0
48872.4,36,205827.46,5773.68,1
977510.98,6,4039957.81,2794355.26,0
249930.16,6,1163272.88,291555.51,1
666677.6,60,389117.61,114264.68,0
840708.7,36,2630846.56,947886.12,0
555153.85,48,2513458.3,1707752.95,0
161613.06,12,682819.72,7738.4,1
730835.27,24,2102710.65,2408582.86,1
604248.9,12,2694973.25,3116242.8,1
733938.08,24,1221521.87,941932.64,1
772049.16,12,3271297.41,1682196.44,0
975656.26,48,2169547.81,453215.88,0
577827.65,48,1445391.48,601126.09,1
348224.7,36,1123460.62,876281.74,0
651979.91,12,2004232.37,2193258.75,0
77756.3,12,258306.07,77183.43,1
898423.35,36,3060671.93,938831.87,0
128187.2,36,341022.42,263824.09,1
334564.41,48,707033.73,406638.59,0
817587.93,48,3425435.32,1883092.94,0
601339.25,60,1743833.63,2279412.48,1
399699.17,12,1307193.36,1457952.6,1
478701.3,48,1798212.0,513202.8,0
856001.92,48,4009284.21,770428.95,0
346604.34,12,1378249.6,2050383.2,1
870953.19,36,1445004.79,442929.58,0
97253.09,12,15138.49,3424.78,0
779030.45,6,3866127.56,4565922.52,1
849072.16,12,2677716.82,422750.21,1
189999.48,6,929775.03,554521.39,1
436043.07,12,1489370.77,1343563.08,0
173844.78,6,540423.62,397961.22,0
709538.09,6,1887312.2,1256266.17,1
539994.29,12,2052757.01,1158239.76,0
638970.11,60,1472424.49,370546.41,0
204522.1,48,381897.93,151405.42,0
219628.4,24,350379.74,264745.74,1
51082.35,48,128897.65,2392.61,0
328846.86,6,948788.27,602922.17,1
564147.21,12,1936304.66,390065.24,1
859355.56,12,2169550.0,321122.81,0
670258.17,12,3313896.14,615654.6,0
441042.36,12,1111915.46,1532093.68,1
953588.91,60,2902165.71,2303111.86,0
722052.75,24,1344077.06,935336.93,0
930863.55,36,2245422.35,935992.57,1
532312.09,6,888515.37,508304.13,0
266315.23,24,920992.69,410096.21,0
62298.42,48,257213.13,166999.01,1
728824.0,36,1592469.03,1076209.92,1
130089.97,36,362650.29,67537.21,0
309747.38,12,482634.98,177512.28,1
537146.2,24,2384030.59,2612671.64,1
568772.42,48,2405834.73,1883173.55,0
604577.37,12,1040712.9,1139720.28,1
174592.78,12,484850.55,348175.06,1
385940.03,60,1869301.75,1265310.99,1
621022.28,6,1783634.8,830550.35,0
970120.68,36,3241881.74,2317699.99,0
730354.83,48,2003618.93,604967.45,1
923377.72,36,3311657.13,3387030.33,1
764589.94,24,3764496.08,4641820.19,1
595799.8,6,2973790.97,320083.79,0
200103.14,12,842734.86,206183.66,1
670018.8,6,1953164.33,950913.6,1
627145.77,12,2026002.38,680843.12,1
606444.48,6,1666848.83,1254435.37,1
494888.01,12,2449453.75,3068567.13,1
533370.04,36,2121298.56,852900.01,0
341098.1,36,1047600.97,451777.41,0
524119.57,36,808403.83,468633.05,1
205580.35,36,682874.59,730218.67,1
807122.65,6,3990211.56,606826.48,0
193919.19,12,645889.2,385967.45,1
94116.63,36,201267.79,118794.03,1
441883.57,6,696995.38,136600.56,0
661724.37,12,1814092.98,1208790.41,0
443339.66,6,2089813.69,1025929.99,0
283986.59,60,1416507.9,267778.48,0
562589.47,36,2705373.44,1411207.51,0
353532.31,24,1432855.84,267783.02,1
933539.01,6,3223976.55,684083.86,0
923418.69,36,3294205.23,2234813.35,0
507348.1,48,1718120.15,1277582.56,0
334605.15,12,1329945.91,273312.03,0
739761.09,60,2194173.04,1629043.65,0
46345.81,36,178070.52,34018.43,0
480021.32,48,924349.41,86716.82,0
342960.16,6,833370.41,38817.65,1
921330.53,6,4077818.72,789835.12,0
21883.0,48,102043.08,31449.39,0
557286.73,60,1887267.58,1400425.59,1
743256.95,48,1197182.3,231925.82,0
490167.81,12,2325555.83,1871353.25,1
94549.0,6,374151.66,219748.51,1
972736.78,48,2868695.83,693246.94,0
522830.33,24,1879222.81,1028864.19,0
618044.38,24,1856736.29,641803.65,0
244243.68,48,764162.1,120092.63,0
488663.1,12,2249724.05,1321143.97,1
434858.0,6,897457.71,19412.97,0
84146.88,24,156752.34,36659.33,1
115098.75,48,173747.39,49508.49,0
839097.79,48,2180816.26,799431.86,0
247421.75,36,498789.43,271289.27,1
203008.69,48,460819.42,169362.19,0
509862.34,12,784849.68,373164.07,0
771059.66,24,1769723.76,843491.51,1
71327.05,36,190050.25,56752.3,0
581039.84,24,935756.67,699175.87,0
128018.34,24,464407.58,355124.61,0
46096.44,12,160913.51,74902.13,0
62216.51,48,114455.06,6564.31,0
835822.47,12,2994362.6,3675442.93,1
126792.76,48,633366.44,93444.01,0
54699.85,36,262867.86,224579.07,1
443520.89,12,669427.58,761175.44,0
845553.54,12,3622202.62,2039605.05,1
269784.29,60,738566.45,47521.8,1
427495.49,6,736480.59,784101.73,1
49523.31,12,125588.2,19629.53,1
454587.73,60,1193782.75,630944.11,0
581836.95,6,1938305.34,1421882.42,0
575197.98,48,2193686.14,1837679.22,1
339102.43,48,1397676.67,1044675.98,0
322377.85,48,761024.7,236632.82,1
115557.38,60,303476.44,233198.78,1
373130.34,60,962428.51,747894.62,0
108499.72,6,300498.55,45214.19,0
768929.99,48,3843724.99,2555576.93,1
966611.55,24,4081808.76,631606.07,0
970373.71,12,4766928.47,863540.99,0
866420.39,60,3401470.03,228923.03,0
604784.23,60,1767147.74,2648149.1,1
703857.04,60,2015920.22,1019602.4,0
292353.74,6,938465.45,1397390.03,1
634462.72,48,1877403.26,1187937.03,0
461093.05,24,2028413.74,538741.52,0
487197.17,12,1523712.58,1180724.35,1
760198.79,12,1926838.06,76877.05,1
289099.17,48,1217688.87,61309.13,0
324859.22,24,1458771.05,818516.32,1
925395.37,6,2749813.59,1952453.19,1
65662.05,60,251966.95,160351.81,0
490777.96,60,837176.83,328050.81,0
913672.79,48,3063660.88,660871.75,0
614259.38,12,1018094.37,10955.94,1
550943.0,60,882703.21,359755.55,1
257246.74,12,937725.33,356812.89,0
349842.73,12,896182.97,246805.85,0
853527.93,48,3498508.62,1617914.11,0
563625.95,36,2613132.77,1523591.66,0
519594.77,36,358531.29,201032.29,1
108583.92,36,438226.23,92291.44,0
25867.87,24,85385.18,39981.01,0
964048.34,48,1824381.83,217137.16,0
383216.31,12,238305.78,23182.74,0
607180.93,60,2205969.57,1386859.25,0
88917.92,24,293851.19,163086.45,1
686283.14,36,3254800.2,1999564.11,0
933241.04,6,3101886.91,378336.59,1
579908.6,24,2880291.72,2107494.68,1
134854.17,24,442631.96,47135.56,0
585904.31,48,1116430.19,777068.43,0
768683.74,60,2418778.21,681861.88,0
412352.37,24,881671.5,74366.59,0
881039.37,60,3162902.44,725617.8,0
652196.12,48,2560497.58,371677.76,0
900256.43,6,2826376.2,1109453.77,0
627270.26,12,1155406.97,877873.92,1
139975.09,12,439556.06,115294.2,0
316594.79,36,48042.6,23525.46,0
209777.0,36,815495.68,581755.62,0
909738.23,6,3881206.01,1956357.38,0
762796.07,12,3713543.87,1076033.92,1
679634.39,36,1373410.19,1959732.48,1
307956.66,60,1035803.35,155298.91,0
192204.32,24,135482.27,56713.53,0
758886.58,48,3588522.59,2287196.54,0
479416.37,36,1771667.97,919.67,0
233531.66,6,469231.37,588912.98,1
620455.76,12,1878262.06,400443.81,0
49930.51,6,189319.96,25706.13,0
332908.55,48,1315320.19,288522.81,0
473871.42,48,2142258.48,1656936.55,1
156478.75,6,333577.47,238023.61,0
984807.93,36,4757013.78,813466.32,0
217006.39,36,69345.69,6492.24,0
139049.6,12,687345.46,200238.91,0
211499.53,60,952209.97,451222.96,0
771370.52,12,2939658.14,2039287.01,1
431250.6,24,1756261.28,1357365.34,1
569761.78,60,999602.61,600683.89,1
30799.07,24,50670.0,24281.36,0
44087.0,12,81833.42,9318.01,1
451367.29,60,815060.7,48270.1,0
818488.69,60,2795821.76,1333107.93,0
886386.49,24,1997962.97,861624.1,1
95839.5,6,74992.06,50759.91,0
542979.47,36,1661582.43,428828.97,0
914097.39,60,3596321.17,114192.86,0
394093.03,60,1491664.12,505624.34,0
831270.17,24,482221.76,373888.64,0
142358.7,60,334697.62,213021.62,1
936040.54,24,2525996.19,68246.71,0
753909.08,6,562760.02,393787.45,0
941921.05,60,3345674.34,1262495.54,0
679851.06,48,1623066.44,473634.2,0
369769.89,12,124389.46,34504.6,0
938799.36,6,630800.99,300334.07,0
282811.11,48,1116295.56,473844.62,0
338850.8,6,1029040.01,540556.56,1
703800.33,36,2857088.95,1311155.75,0
767663.14,6,3643417.15,419560.11,0
930109.45,6,3836812.48,789573.06,0
212754.38,36,648236.8,436149.05,1
800018.05,60,1622768.52,861052.03,0
741160.59,12,3203465.36,1149148.7,1
73156.61,48,227697.71,308422.01,1
393350.91,24,154969.3,953.5,0
289937.8,12,66405.13,16568.74,0
311445.52,6,785304.24,34457.24,1
983117.41,24,1642896.16,633874.2,0
646349.64,36,3011749.24,1980047.92,0
720499.4,12,2299008.26,524907.1,0
976851.46,60,2425877.44,2602701.05,0
383429.76,48,1536538.38,866072.19,0
803821.77,12,3698109.32,370587.03,0
440185.65,12,660751.57,340716.23,0
870838.34,60,3402785.7,412907.1,0
188850.97,24,790254.61,413961.23,0
948209.32,36,2119006.98,241930.39,0
226583.99,60,728169.21,228651.75,0
332958.3,36,603487.13,273545.88,0
758630.31,60,3120720.3,125762.96,0
399817.59,12,1785623.77,219000.82,0
612129.26,36,1149978.65,294770.65,0
450127.77,24,1961481.67,725465.9,1
744946.24,24,3129143.4,2149063.88,1
236047.94,48,640680.52,95985.78,0
67873.41,36,265793.18,73884.33,0
306930.1,48,460446.85,175255.74,1
479565.58,60,2283351.66,540293.17,0
176339.85,6,604200.52,302461.71,0
361249.32,24,1326213.45,272247.68,0
405983.19,12,1553416.71,959825.64,0
66817.93,24,231510.2,93558.66,1
587474.18,6,2642854.59,182473.01,0
885499.99,12,3217868.37,1614079.93,1
160225.48,36,749400.2,341272.96,0
601829.93,36,2129370.99,576799.51,0
668091.81,24,1402276.93,12516.25,1
425141.33,12,1997088.2,320654.95,1
704086.61,60,2735866.7,887973.75,0
416624.23,12,1644556.02,263015.86,0
509590.92,48,2522060.31,1165173.95,0
17279.51,6,9395.06,5353.87,1
694802.91,36,2084460.23,1427467.81,0
664729.25,24,472365.49,244489.81,1
48016.87,12,177974.17,98100.68,0
374567.61,36,1619570.75,788331.72,0
979241.52,24,4780742.77,3769084.28,0
426529.2,36,1318438.6,275290.58,0
506925.95,24,2155329.41,459100.13,0
910830.86,36,4289722.41,433549.0,0
720089.26,60,2802327.46,1088837.22,0
586249.43,48,1377430.52,105964.85,0
799826.63,6,2901362.73,627034.61,1
865722.6,36,4237566.83,1636314.15,0
462319.19,6,2291456.59,1755431.03,1
480357.28,36,1800503.68,1388279.07,0
392190.43,12,1805824.03,1074451.19,0
967039.08,48,2128668.45,662867.63,0
700194.59,60,1653352.06,1144332.94,0
92390.84,48,446719.56,312866.58,0
864330.03,6,1705603.03,1411273.68,1
485754.34,12,1053539.25,539433.21,0
78066.37,24,232007.01,37453.87,1
554220.08,48,156150.88,11377.87,0
422992.64,60,1528424.8,1118532.45,0
878971.91,12,2216693.35,98502.95,0
211954.66,12,1000881.41,236920.69,0
828199.96,6,3894899.91,1517333.87,0
562111.8,60,1614518.98,28385.43,0
64064.2,12,193475.24,272696.81,1
972126.85,12,3848397.36,883964.54,0
517489.09,24,1977059.64,45084.55,0
297968.09,6,845645.22,672179.71,1
474712.77,6,1400333.78,348843.51,1
859279.21,60,2335638.01,1638244.36,0
311854.09,12,724701.36,1016576.25,1
200749.63,24,623023.32,330514.32,1
137780.53,36,537691.2,103705.64,0
304880.8,48,1249061.11,502497.61,0
782247.61,6,3305823.59,681399.51,0
476910.1,24,1340862.34,1020218.05,0
235206.79,60,982276.71,47892.21,0
174523.15,24,265765.09,58398.99,1
339402.18,12,1075794.53,768641.32,0
940525.13,48,4024192.33,1545405.61,0
349596.45,6,202962.98,97435.89,1
988242.84,36,3122077.47,1627709.75,0
490378.15,12,1841981.47,104517.73,0
187372.28,6,875836.31,12428.99,0
892228.69,60,3107040.36,2331128.0,1
465751.82,6,2002384.29,434922.43,0
712574.63,24,3514845.29,1069393.4,0
983874.47,48,3905478.6,2131120.23,0
59673.6,36,209253.84,39557.99,0
105727.61,48,172462.96,101142.13,0
723252.17,24,2032825.09,745220.96,1
289006.75,36,1005468.81,911603.12,1
192458.38,36,825689.37,183990.43,0
48968.26,12,148538.69,24220.42,0
31628.24,36,153719.7,102277.51,1
776740.75,6,1904007.62,497061.85,1
143089.09,48,587521.68,193585.41,0
473043.41,60,1403335.29,891070.57,0
609837.85,60,1952066.4,992550.08,0
434068.28,48,1870294.79,660926.11,0
36835.59,12,93442.81,18680.38,0
785666.49,36,1444716.7,883243.12,0
20408.09,24,67773.11,9782.7,0
764271.0,6,2560904.85,1901788.59,1
894371.45,12,3836931.51,461401.97,0
438511.52,36,2143934.22,1380579.91,0
540187.05,60,914835.08,310494.2,0
482213.56,24,1721942.75,256233.67,0
395316.53,36,1535597.12,494313.55,0
888550.29,12,216984.05,38458.57,1
894994.18,24,4295135.92,467288.97,0
342458.2,24,1367633.42,261661.53,0
618919.06,24,2058687.53,1428561.94,0
927638.49,24,1915883.06,162378.58,0
962437.91,36,2737768.15,2130070.33,0
513869.45,24,1823171.88,7290.43,0
458296.56,36,1850693.8,2121468.31,1
285907.37,24,1064690.01,1035635.42,1
959283.15,24,3836585.62,2866566.79,1
151386.16,12,454466.36,52349.29,1
584031.28,36,2363396.76,2501608.08,1
289724.76,60,580346.04,49839.75,0
286218.21,36,592200.39,167053.33,1
410918.9,48,850566.17,498041.44,0
998805.01,60,4612508.85,1276643.65,0
64416.64,12,113767.47,28521.48,1
582756.4,36,2508929.07,232938.25,0
91746.44,12,212622.2,11300.97,1
162975.62,60,64264.88,5926.66,1
445167.31,12,2094889.73,1467218.49,0
515355.53,12,1829914.27,16393.87,0
266204.48,6,595076.66,329846.65,0
323292.56,36,806393.55,495850.9,1
96097.35,12,48434.18,22004.16,0
310187.59,6,929012.99,543119.84,0
966892.85,6,3436771.51,1793361.45,1
945260.31,24,2939535.24,1071304.19,1
341529.51,24,964661.48,295348.81,0
575145.4,60,1312180.97,988158.34,0
910499.44,36,3552468.58,2762223.34,0
16121.98,24,64711.16,33715.62,0
812576.73,60,2000643.4,315779.7,0
948885.86,36,584553.8,209456.93,1
100412.48,60,450939.72,179126.78,0
169833.21,6,802014.04,486322.1,0
961138.84,6,1984024.55,2805911.79,1
542164.74,36,1389965.58,572459.47,0
24054.67,60,108516.31,59064.52,0
265055.68,60,581768.25,11196.41,0
455444.24,24,688695.27,427892.06,1
695979.82,24,3165243.55,535894.05,0
735828.77,36,529564.05,278088.55,0
995467.3,48,2937366.51,267824.97,0
294636.09,24,902225.53,82615.59,0
542837.9,12,2425921.46,2484356.68,0
537990.31,24,1443224.91,1050936.53,1
411588.81,48,1902766.67,920267.4,0
177470.27,60,649414.65,907355.7,1
977682.0,6,3270838.59,4506812.96,1
854784.01,6,2256331.27,1130119.08,0
503349.7,60,1184377.28,587527.42,0
607212.97,6,2237096.79,871649.5,0
234988.44,24,720035.03,4566.05,0
548349.2,6,2570006.34,2122483.05,0
698020.43,48,2248139.18,196175.67,0
520015.36,48,1711517.3,906980.74,0
990382.32,24,2930077.27,582782.58,0
615228.24,60,2622361.46,944399.77,0
377263.98,12,1126863.81,318614.25,1
774430.51,24,1891699.08,216711.14,1
178757.89,6,807468.71,619083.18,1
390670.66,24,1402077.45,1046980.93,1
353489.36,48,1262058.03,85424.35,0
437489.02,24,1591531.56,1053422.46,1
783962.03,24,3148343.78,1230054.6,1
489331.3,12,1270175.83,786224.5,1
796074.31,48,1288410.68,155801.97,0
580724.01,36,257130.88,245409.06,1
348648.74,36,680272.16,484766.02,0
811878.96,48,3268924.34,2347923.19,0
245906.77,36,98676.66,36779.72,1
232139.15,6,653141.48,454668.92,0
509457.89,36,876568.78,468058.94,0
268240.75,6,892637.59,132117.32,0
18996.16,48,71918.99,18926.45,0
651814.55,36,1368820.98,148994.14,0
515982.88,36,1445111.53,894753.72,0
451062.64,60,2145180.94,1690832.86,1
967298.83,6,436742.3,190901.22,0
575487.19,6,2479718.19,1301087.13,0
864797.26,24,4103589.78,2449326.27,0
148055.73,12,726984.78,130426.36,0
573514.4,36,2663473.75,715944.4,0
869299.83,60,101698.24,33545.87,1
587274.7,12,2859443.51,1360153.35,1
720834.04,60,3130858.56,2130217.57,0
378323.13,12,1676014.8,340839.12,1
101525.02,36,157679.06,59399.44,0
463321.29,60,2242399.07,1348191.15,0
400534.6,6,1691584.1,1713444.87,0
868389.58,24,3636716.77,3886283.36,0
251555.35,60,449110.96,51874.01,0
967066.89,48,2237783.01,965198.59,0
958556.74,36,4666173.53,2866235.4,0
255155.33,36,829859.48,157306.44,0
354571.44,48,1025598.98,696979.38,1
896600.18,12,3980719.08,1066208.89,0
966956.0,24,1746024.18,266491.99,1
449004.71,12,1328738.32,494634.42,1
327787.08,48,922705.13,646687.18,1
530833.07,48,1446244.01,79755.22,0
690891.51,24,1780374.12,466559.81,0
280739.77,48,627527.04,327902.04,0
739108.44,48,1555962.08,1751649.89,1
61140.78,60,228753.42,12960.98,0
58801.55,24,277418.77,73682.2,0
392424.83,36,1287538.32,845613.34,1
359938.46,12,915291.45,708829.17,0
322476.88,36,663354.51,21110.17,1
496109.57,36,2185611.59,2597951.62,0
327526.25,60,1604951.4,2300542.81,1
200335.34,12,545321.59,296827.93,1
316374.85,36,796735.17,767895.6,1
975155.23,24,3515654.34,41461.17,0
417002.28,12,1757102.25,2633562.21,0
450265.65,6,1393081.31,82955.57,1
580779.54,60,2151936.89,525385.36,0
983507.36,36,440274.9,337440.92,0
249185.26,48,1211556.93,954946.38,1
684469.29,12,1422074.38,183621.5,0
718824.85,6,3587538.9,1609805.97,0
611251.17,48,1755848.51,1437071.99,1
97692.56,6,393818.3,142524.64,0
680103.55,36,2382709.0,1762633.11,1
73453.76,48,235297.38,141937.76,0
600181.22,36,2366672.87,1447508.13,1
742185.37,48,2141307.57,461784.85,1
218860.19,12,424891.88,444360.73,1
843205.79,24,2707640.74,1055814.61,0
40050.27,24,133235.46,31860.55,0
845374.74,6,1865452.54,141502.45,0
465725.76,60,2223685.77,224786.57,0
225412.06,48,517583.23,74809.88,0
142440.36,36,417677.38,68049.11,0
953774.1,60,1947848.88,377511.51,0
81938.93,12,276567.51,56521.56,1
207102.49,12,533647.54,642954.74,1
354344.12,12,1138314.12,464043.49,1
624032.5,24,1426637.65,1147536.72,1
549353.07,36,927424.97,673159.48,1
134387.06,12,568093.52,251388.07,0
296830.7,12,1111275.37,700082.97,0
246364.25,6,663357.36,490479.97,0
221407.43,48,368915.65,48146.48,0
417032.89,48,1888955.78,646588.78,0
706991.14,48,1480639.18,513142.64,0
225278.4,60,1071784.01,303934.15,0
373012.09,6,1184344.65,8438.09,1
397008.25,24,1068489.54,697486.13,0
976691.96,60,4000684.75,3521715.18,1
955119.69,6,419118.98,333779.85,0
802136.21,12,2243974.02,1387599.02,1
249242.33,36,729209.07,338358.85,0
77356.94,60,233312.69,28857.31,0
323735.1,60,1530661.87,1247079.16,0
274126.6,12,1075665.64,224692.56,1
510866.54,12,1209099.21,244066.37,0
779950.63,36,1674943.15,1111531.47,0
859739.71,48,1982806.36,603795.35,0
846415.44,60,2050419.07,739338.15,0
366078.81,6,844046.76,569201.32,0
690362.0,24,2626670.4,184477.63,0
319705.86,12,609284.97,289833.38,0
70296.49,12,200749.53,92861.22,1
704549.61,24,2598158.79,883819.98,1
19729.28,6,49678.52,32977.58,1
415090.76,12,717467.92,541194.7,1
336085.48,24,600377.63,223501.79,0
696443.76,12,1351716.35,493265.14,0
768583.02,48,3401326.18,1366146.01,0
311053.69,48,1182788.58,684242.28,0
813510.74,12,1403979.97,750354.61,0
300977.59,12,863426.78,153921.33,0
451863.1,48,1118382.91,1673224.75,1
729748.34,12,2571005.85,3459630.55,1
695991.03,6,2317525.42,484028.64,1
987494.79,6,3144118.32,1606258.83,1
232909.41,36,605749.23,401460.55,1
665694.73,6,1319606.13,316997.63,1
613585.09,60,2514666.41,2634309.88,0
915947.47,60,4194580.24,362076.98,0
164798.52,60,791779.13,614377.18,1
754280.18,12,1286173.22,59841.29,0
572585.93,12,2341693.51,820856.63,1
281919.21,24,1139732.3,489464.18,0
479690.57,60,2309654.28,1460591.7,0
340438.83,60,812015.07,78686.55,0
583520.27,6,2391048.2,843194.49,0
890110.6,48,1505347.94,360936.16,0
573611.93,48,2127733.16,531100.44,0
635405.19,36,1733364.63,1079938.74,1
523560.37,24,2194337.34,9586.52,0
60653.85,48,274250.33,164349.15,0
240529.97,36,667921.34,433025.92,1
497081.71,6,1660029.88,1197030.61,0
317132.93,24,606013.83,303919.23,1
189945.96,24,562083.22,149943.72,0
509091.51,60,1406518.72,480730.92,0
329581.7,12,705612.04,547405.96,1
265526.57,60,1229567.3,866782.81,0
469345.56,6,947283.63,351272.4,0
141951.42,60,528781.5,398939.42,0
928468.28,24,4285344.65,2821316.22,0
869025.08,60,4077370.11,2939261.49,0
710544.38,36,3038528.61,4478839.23,0
115151.69,60,243717.86,167220.49,0
778118.48,48,3393382.42,2420882.84,1
809877.75,6,1998759.53,1599188.04,1
770086.97,6,3641273.91,2811695.52,0
122826.23,24,489069.9,130528.1,1
647468.88,60,2750730.4,968035.96,0
835981.55,24,1502771.79,952040.5,0
581579.87,24,2058605.41,1095007.31,1
649943.3,36,2842850.33,2031068.53,1
463779.84,12,2094228.59,3028372.9,1
533420.25,24,853584.93,254906.52,0
44033.09,12,210788.93,5343.73,1
642573.39,12,1061329.19,392883.16,0
90632.74,6,330883.4,308210.23,0
440664.45,48,1730425.99,416933.98,0
299728.55,48,179506.93,145541.32,0
549973.67,60,917378.92,161016.71,0
142082.17,36,603450.33,373071.25,0
694726.97,36,1977434.16,95726.1,0
797061.42,48,1494405.52,843302.66,0
171720.91,60,715962.41,217045.44,0
113269.96,48,26134.26,869.67,0
154060.33,60,547815.68,374035.22,0
878356.29,60,1813216.21,2526138.41,1
532907.37,60,827753.64,396870.77,1
472588.39,60,1868051.49,1093976.82,0
115644.7,6,396139.63,207600.75,0
653060.45,6,2467125.23,1442492.34,0
869319.6,48,3778190.2,2304036.15,0
829904.01,60,2506141.82,1181197.83,1
629794.16,24,1219158.14,356616.27,0
84525.93,60,404874.26,78753.6,0
121273.06,24,60256.9,43524.92,1
58815.9,6,214885.62,166738.32,0
264904.42,60,1262783.48,1332421.3,1
144304.85,12,686969.41,61723.23,1
267447.56,48,936689.91,166758.78,0
391207.48,60,994308.57,533480.23,0
943552.96,36,4708232.76,651368.45,0
614272.3,24,2385133.23,1488556.45,0
836624.05,60,2450913.89,1809814.11,1
713247.99,12,2467430.65,1902194.63,0
121378.1,24,358723.16,2676.22,0
738561.2,12,3404078.82,2609305.84,1
282347.89,48,900336.22,533139.08,0
642716.77,48,2816609.4,189389.34,0
347552.35,48,1543346.89,512688.07,0
997695.54,6,4375057.75,2450191.5,0
270915.96,12,1091157.41,835115.57,0
286339.17,60,1286256.17,168902.3,0
931365.53,36,2659331.28,271748.09,0
34397.96,36,65401.57,24713.79,0
699722.1,48,3112776.54,2410780.42,1
728073.13,36,476416.7,370225.02,1
838014.79,24,1630622.68,297314.36,1
974694.92,12,1855423.23,474019.29,1
975845.9,12,2007654.98,1458411.95,1
74623.99,12,308078.16,181110.89,0
823620.93,24,3284598.92,2554935.59,0
649846.83,60,1438348.48,1027726.87,1
650868.71,6,2905628.9,499991.44,0
137066.43,24,340545.9,206977.49,1
653685.29,12,2794798.47,108584.03,1
982657.75,12,3155137.82,2064300.1,0
912700.38,12,3705947.23,1783470.09,1
444739.35,60,1260772.38,964340.55,1
49548.49,36,134523.76,103317.74,0
368670.56,6,1638651.64,66614.61,1
828126.41,24,1344511.17,1600758.92,1
704484.11,12,3460129.58,1340335.3,0
464750.22,48,1751470.9,1232325.85,1
64550.52,6,194535.38,126750.72,1
432625.78,48,1599932.7,1234341.71,0
474334.69,6,915273.05,452572.59,0
929269.98,12,3065832.27,629264.57,0
644675.24,6,3189746.29,64067.05,0
318536.39,6,740101.16,131990.52,1
530065.08,12,2135088.01,1153414.17,1
75394.75,60,227873.08,168858.48,1
972842.55,48,3680850.5,4892200.61,1
366459.3,60,812478.86,569193.0,1
483088.68,48,1520100.1,480227.89,0
361731.13,36,1783451.85,439829.54,0
685686.61,48,1497200.16,609473.35,0
665609.84,48,2481099.02,877859.46,0
718169.09,6,2524071.43,1845196.91,0
275461.8,36,957968.14,1259420.72,1
322511.8,12,1178113.52,261386.06,1
133998.72,12,436545.44,294254.53,1
658954.87,24,1027480.41,820956.45,0
49399.16,36,229722.83,119119.82,0
601705.51,6,2644150.28,529806.0,1
870998.93,24,1837447.92,351048.21,0
891923.83,24,2628014.43,121323.22,0
454547.38,12,1907699.64,117961.52,1
464710.65,48,2291124.86,1677072.41,0
86199.49,6,67986.49,5247.86,1
674057.38,36,3132855.04,1213903.25,0
823046.83,24,1690792.21,944303.09,0
252208.5,6,1185547.13,1150946.86,1
427087.87,12,1953737.89,2861564.58,1
840450.94,24,2369504.09,829854.7,1
878349.26,24,2530374.09,509071.18,0
250748.18,60,779746.91,159581.81,0
555064.93,12,2107367.68,3026935.87,1
200568.22,60,483956.0,227310.73,0
110859.98,12,76918.76,1020.09,0
912009.3,12,1818823.19,594778.88,1
822302.43,60,2500132.98,373680.15,0
762434.55,6,1896181.58,1467065.84,0
58278.66,6,243360.49,113450.6,1
845291.5,6,1583581.98,1099760.27,0
443663.64,48,2090156.33,327218.13,0
348971.17,24,1617008.56,1047841.86,0
551011.6,6,2579091.82,855809.64,0
100439.71,48,410661.31,58377.87,0
759080.08,24,1422895.53,866537.92,0
586610.73,6,1779472.8,1084782.42,0
194724.2,12,381643.62,304059.41,0
196349.88,36,973295.98,608066.48,0
192406.17,6,512884.52,59604.26,1
66432.36,36,235745.65,60830.82,0
591920.46,6,2502566.12,904381.18,0
841944.7,12,607119.02,61514.66,0
27323.23,36,113238.86,71389.31,1
58514.6,48,225911.02,95189.6,0
577042.57,12,1806683.49,1365057.15,0
821300.73,36,2972205.6,1401235.97,0
333471.5,36,610110.56,680448.12,1
356118.25,60,1635910.7,93476.14,0
600383.03,60,2043235.88,244119.13,0
281470.76,12,461745.09,313811.6,1
36342.28,12,171523.11,135939.06,0
737876.23,12,2370469.38,787335.54,0
629393.41,24,2857485.1,1851847.13,0
584948.44,48,2631746.11,1321317.12,0
744267.29,6,3241381.22,2486941.37,0
678478.53,60,1163530.0,221663.85,0
213823.17,36,505634.76,474679.62,1
358956.24,60,1638426.16,535825.41,0
134849.04,6,626571.84,271539.18,1
138558.44,12,429980.23,92482.93,0
679433.79,60,2065577.33,822506.55,0
860014.11,48,1817203.12,908316.84,0
963105.26,48,4709043.23,6673187.0,1
632063.65,24,1419605.26,843798.89,1
192260.31,60,416873.94,235624.81,0
114593.84,12,436894.9,307733.95,0
814722.46,36,1914561.17,652262.73,0
582968.91,24,2789914.68,3947499.42,1
622102.17,12,956901.68,353258.34,0
783647.47,24,1191251.06,131141.66,1
706244.46,60,2307349.24,2494376.11,0
836113.67,6,2682435.44,101141.82,1
65651.77,60,136015.64,40695.49,0
750045.43,12,2423260.63,160599.95,1
852344.23,36,2506585.73,6750.6,0
293273.69,36,1353796.32,1040319.07,0
644042.8,12,986923.92,786481.53,0
321020.44,24,1578439.63,701462.3,0
958391.36,48,3532031.25,675199.62,0
43089.34,12,87533.93,63801.66,0
583994.92,60,96189.95,71029.48,1
174838.51,36,591543.34,404383.23,1
715098.0,6,1660540.21,723158.6,0
184131.38,36,470286.16,670818.1,1
243029.43,48,170007.44,12028.22,1
499427.1,36,1885638.51,1352560.64,0
915686.6,48,3147536.59,2205357.64,1
219597.23,12,389326.23,135297.79,1
152797.62,36,510778.43,134091.44,0
761387.06,24,3250486.36,2782120.47,1
505613.34,60,902105.75,582390.77,1
912667.26,24,4211125.61,2464973.76,1
155148.41,60,546754.37,269266.88,0
649468.61,36,3135105.55,580649.25,0
240550.35,36,485549.5,101967.29,1
165192.82,60,822243.54,476287.85,0
686595.12,6,2578133.8,1655409.1,0
597747.77,36,2083886.03,193610.0,0
757279.18,6,2501655.63,374842.17,0
316367.95,6,500744.12,272593.19,0
453491.94,60,2171653.71,675795.33,0
411416.96,6,1544451.31,695982.73,1
984248.57,6,1792014.18,881405.69,0
299326.47,12,470940.09,292436.26,0
301869.07,24,506458.64,326449.85,0
361002.73,6,1311481.46,1350345.08,0
568948.14,24,2076122.46,899038.64,0
259799.52,6,844045.91,879903.33,0
916137.04,24,2357843.92,1588272.28,0
273028.71,36,917676.68,620678.29,0
896857.57,36,2965958.54,710657.24,0
112440.31,24,176301.29,22654.04,1
659997.08,6,1642496.66,92100.41,0
907915.66,12,1530880.81,704176.32,0
177061.94,24,823433.92,60228.0,0
968643.69,48,3911655.48,2129802.04,0
458354.53,12,2285540.45,1239908.26,0
946257.96,48,2420148.81,1188752.71,0
680051.84,24,3111033.47,2181607.25,1
308571.0,6,1114154.2,337170.42,0
196419.5,48,606138.58,437520.32,0
310697.7,24,708081.89,20916.95,0
102087.24,12,416962.32,37612.33,1
152429.29,6,711005.3,234464.27,1
113613.84,48,263990.78,125446.94,1
428714.11,24,906244.25,23472.19,1
797622.59,6,3140062.03,1425423.55,1
149969.72,6,737761.95,181429.43,1
139017.23,36,85071.49,125308.11,1
646994.66,6,1614919.75,688969.46,0
205211.15,24,609445.1,286631.25,0
106633.94,12,303385.47,229510.33,0
175180.09,60,785215.42,1068166.13,1
924494.08,36,259836.06,91103.36,0
823256.54,24,2931957.38,1118552.57,1
360523.92,24,887738.56,460149.6,1
659262.56,24,3153226.35,505018.76,0
541902.92,48,2051971.38,145527.19,0
680353.02,48,3331463.04,3395417.87,1
685844.44,12,2421311.81,1507765.97,1
632446.67,24,2766432.19,569495.07,0
273440.35,48,1188335.89,124308.68,0
48616.36,48,130323.48,148559.45,0
461011.11,48,2247001.59,1220522.57,0
892064.15,12,1406602.41,690864.65,1
573802.29,12,2404511.71,1324049.18,0
834067.13,24,4069788.69,1048241.22,0
991708.1,36,2663905.19,1919836.25,0
171980.04,24,648087.36,234229.33,0
694859.86,48,2409622.08,990283.41,0
677550.64,60,2822185.14,2142169.42,0
980155.89,48,4441696.71,3479722.1,0
985744.73,6,3559185.12,1883642.42,1
689811.83,60,3004589.97,2271020.99,0
251178.64,60,651306.09,282149.65,0
800570.28,24,1841355.44,2069617.31,1
115958.84,48,348727.3,87905.18,0
782892.31,48,3031420.17,1355507.02,0
911094.16,36,1963739.85,950506.83,1
389005.06,6,1509819.15,530993.82,1
634328.94,24,1826440.93,1291325.13,1
435841.3,12,1867367.92,2421074.84,1
443387.4,24,722244.98,157983.09,0
317267.18,60,1217652.16,7775.32,0
764508.32,24,2885543.52,2240495.91,0
936814.8,36,4490410.18,2961203.81,0
941343.35,24,3762348.33,1852759.66,1
183033.47,36,784674.85,521364.49,1
875996.21,60,4087458.37,2649618.8,0
740057.13,36,2858605.14,2131034.74,0
260309.03,48,654817.18,202243.0,0
76611.77,12,348139.84,154532.94,0
275317.29,60,1133350.07,89424.06,0
913086.15,36,2726047.57,2105196.62,0
636846.89,6,342348.98,269805.8,0
723844.11,60,3284016.36,2073092.46,0
264580.83,6,1300357.22,472415.6,0
722194.27,12,3490531.2,1386625.39,1
37840.29,36,99847.18,34776.13,1
381568.13,60,1135519.28,1527336.28,0
630485.82,60,1187443.2,501377.85,1
154635.6,12,365930.46,450651.61,1
824773.54,48,3784452.13,3002999.28,0
242680.99,6,670521.45,227467.77,1
655758.3,60,2407901.4,3207521.54,1
411145.17,24,1575047.67,912609.66,0
600083.16,6,2542193.78,3590557.01,1
116376.05,36,249021.48,44236.7,0
26743.67,12,68646.88,54680.01,1
910468.78,6,2794390.02,1726097.74,0
276933.71,24,769029.33,153597.6,0
821480.23,24,4058250.6,218967.13,0
999356.8,12,4419448.39,2463989.36,0
219316.95,12,697187.45,169007.42,1
272519.03,6,1247439.56,220877.45,1
666231.19,36,1810007.11,1064193.56,0
965794.15,48,4105010.62,2230699.95,0
916656.2,24,2092601.98,805924.09,1
507846.76,12,2134544.51,3190378.35,0
797159.18,48,2469269.84,1342568.42,0
144388.39,48,270908.37,193627.87,0
977663.8,48,2401551.53,366098.17,0
964709.7,36,2805338.36,665753.72,0
172091.67,12,709452.24,59321.63,0
306428.89,24,537917.38,131071.1,0
109153.45,12,415701.58,323175.83,0
279000.42,6,1117689.0,860939.07,1
817796.23,24,3098404.85,1884787.82,0
384532.45,12,1600556.23,667173.63,1
97513.0,24,207077.65,129345.64,0
348803.27,6,1239947.4,549035.76,0
981569.5,60,4705651.36,13207.84,0
633386.76,24,2304099.48,924491.48,0
421999.34,60,1535941.38,735929.04,0
174873.13,48,713051.96,151593.91,0
986315.03,36,2629727.74,427685.38,0
822640.52,6,3250800.29,4147573.37,1
288662.53,24,1358682.11,677849.49,0
79368.01,6,122078.65,136434.87,1
66059.3,48,300265.65,173031.88,0
129174.37,60,292601.15,98940.11,0
584960.9,36,1810881.86,511896.98,0
929475.79,6,4167041.94,2691013.32,1
501775.99,60,2199631.62,890522.18,0
844516.03,48,3903138.73,1181559.91,0
451427.75,48,2162997.45,1519557.13,0
711497.71,48,2180775.59,642459.34,0
734554.01,60,2789302.36,1916809.21,0
182224.07,24,522377.1,510533.31,1
367603.9,12,1002642.77,166845.45,1
640929.13,6,1929570.94,945980.93,1
79989.64,12,328018.83,74873.19,1
367924.79,48,1197610.87,140987.67,0
539451.47,12,2346187.11,162411.28,0
996262.25,60,4092909.0,791396.16,0
479788.23,48,754070.98,444331.58,1
817896.19,48,3030987.14,2031971.89,0
437746.61,36,1325496.27,913766.21,1
798426.82,36,2473687.14,534609.85,0
599460.65,60,2616229.52,1383405.52,0
887729.49,60,3033041.39,558938.72,0
416833.13,12,1917297.5,955216.2,1
608261.38,6,2429894.47,1724663.27,0
633718.49,12,2176785.01,71213.4,1
423209.11,60,259181.73,204281.99,0
152868.92,6,249821.7,165299.6,1
102623.81,12,163663.71,99725.16,0
26504.84,24,47489.32,64631.92,1
874798.92,24,2651934.24,2413311.31,0
244110.16,6,567330.44,451411.38,1
219391.68,36,1084873.11,668447.86,0
738675.05,6,2510029.26,3200409.47,1
326815.95,12,1247932.03,612906.2,1
510984.25,48,1265130.82,341001.35,0
170885.95,24,135460.92,105124.77,0
960148.26,48,2567548.5,1848921.94,1
853065.59,24,3365834.24,1528412.48,1
865151.73,12,2732124.7,1707629.86,0
412706.01,24,1366838.06,994715.79,0
764737.6,6,2731650.69,532344.66,1
152437.39,48,638840.83,296157.34,0
18532.81,60,33661.03,12972.05,0
29773.2,48,125614.88,77538.68,0
590735.72,12,2050634.34,621887.71,1
460840.96,60,1770474.49,1004184.29,0
522835.2,48,1383647.37,446080.26,0
17388.51,12,50997.96,4531.67,0
428459.75,36,989348.0,84784.3,0
720887.48,6,3552209.1,338330.37,1
448266.76,24,1452164.83,1257782.71,1
734897.01,24,3664394.33,1562419.09,0
240688.77,24,773634.1,415845.46,0
815010.58,36,1849364.49,187493.6,0
592546.93,6,1941233.15,950207.23,1
218655.47,48,358285.46,171329.26,1
244353.27,48,1140322.01,134187.67,0
631750.16,6,2757542.62,891419.99,1
831640.2,60,3360135.63,2029886.72,0
421471.5,6,336160.54,4506.17,1
265717.42,24,937828.33,110249.51,0
868341.49,48,4331763.85,3450954.68,1
672575.61,6,1663273.44,976068.6,0
453604.63,48,1918246.48,712253.02,0
493021.19,6,1742788.84,878088.7,0
212213.9,12,1043154.81,706191.58,0
630534.6,24,318073.44,214331.77,1
365155.09,6,1823890.48,473775.89,0
995688.72,36,3543793.04,1392828.1,1
485381.68,6,1075559.13,549012.79,1
491026.75,12,1602173.45,92153.06,0
570193.27,36,2274437.65,1720924.32,0
917588.44,36,3863287.15,1337444.75,0
802809.92,6,1205647.86,357703.5,1
456618.77,12,1492045.12,1082747.73,1
721512.27,36,1676304.63,158627.57,0
590373.14,24,2693395.27,84595.88,0
497443.38,60,1012381.37,554786.94,0
200392.62,24,768024.13,236553.26,0
469296.9,48,1140962.91,697790.83,1
253360.4,48,696208.41,38177.07,0
915693.73,12,4387965.36,1347130.44,0
342052.75,36,800939.92,150785.09,0
952741.37,24,1745907.77,1033027.83,1
537724.74,24,936983.83,170283.78,0
635228.93,60,2074754.8,760099.43,0
547511.04,12,2050970.98,1343595.27,0
138086.81,36,365312.49,520250.86,1
382063.01,12,1496124.02,864886.31,0
108154.65,6,185335.76,223668.15,1
626724.5,24,2820680.94,1290711.72,0
452405.45,12,1971576.27,1087821.07,1
780205.12,12,3861420.01,2702785.88,1
228265.78,60,1090600.81,775263.61,0
172920.4,6,474958.75,353737.68,0
412268.91,48,1194534.26,774737.75,0
927319.53,24,3812096.5,447686.32,0
713317.6,60,1404729.0,840184.75,0
424734.39,12,1103906.55,719387.09,1
522099.45,24,999764.73,702131.91,0
93370.88,48,288712.34,213604.84,1
984730.14,12,3379608.59,1376608.7,0
669743.23,6,1499596.38,785899.71,1
292550.03,24,466093.9,3561.99,1
589950.31,60,2370270.15,1086121.43,0
118387.54,6,185870.58,70362.93,0
966178.3,48,4740949.12,3649795.2,1
183037.14,48,416523.96,300466.82,0
651550.01,24,2491299.41,1589656.16,1
252999.92,48,764472.41,34856.39,0
720385.77,36,1231037.35,1434823.28,1
779053.15,60,2456076.17,1367626.17,0
676685.53,24,2238923.85,53126.52,0
618354.47,36,2777271.84,523935.2,0
893544.4,48,3630669.04,2577795.9,1
87840.44,24,156141.53,16211.33,0
337605.62,36,753559.17,30970.38,0
255804.6,48,662944.97,307917.13,0
988133.82,12,1884793.03,1427111.93,1
395495.88,12,1225699.77,818399.48,1
735286.57,6,3636052.51,2835459.21,0
687877.91,12,2270784.56,1368870.99,0
219960.43,36,901087.17,315286.63,0
246607.7,60,959373.57,726527.03,1
288471.72,12,1290821.53,440565.94,0
417016.01,24,940384.54,263378.85,0
241981.81,24,1001415.57,359064.3,0
29454.97,24,135043.48,87937.5,0
880599.13,12,1849508.6,1357825.69,0
965953.73,12,2621412.74,750105.95,0
348154.68,6,1704341.16,630261.89,0
345121.81,60,1460816.92,1049833.4,0
17020.89,60,42366.15,34645.97,0
683448.18,48,2374159.69,1488823.56,0
827185.5,6,2411362.72,876227.02,0
155142.22,36,498763.33,150234.84,0
168069.69,24,461028.89,164834.9,0
792182.42,12,1962757.56,657430.63,0
620127.84,48,2394729.48,3046549.58,1
54411.95,48,229884.85,170656.86,1
626321.52,12,2855305.82,1122605.34,1
315828.55,6,645444.56,429986.79,0
375037.9,48,1642663.88,961871.08,0
772034.1,60,1846553.39,488495.78,0
812825.84,6,2434963.97,1144070.38,0
406353.06,12,1891594.99,1009076.15,0
947681.41,6,2929058.26,55064.82,0
412398.09,60,903037.32,286050.11,0
774117.67,24,1594326.53,1266071.5,1
489038.49,12,1543133.17,786697.22,1
898557.0,60,3746401.76,1001770.06,0
908683.63,12,4534529.41,906993.09,1
96542.64,60,410878.74,68857.23,0
937128.4,60,4282247.45,1375942.32,0
827279.49,48,3406251.54,4654552.93,1
793397.61,48,3676622.66,397622.86,0
208902.23,48,369135.96,107511.08,0
807068.02,24,3837415.22,1863447.89,1
851631.41,24,2459018.88,3652150.49,1
296258.83,60,1400015.48,49665.02,0
952737.48,36,1681643.51,46592.04,0
59361.54,12,237645.04,50834.03,0
158410.16,48,645507.24,98185.42,0
542205.33,12,2705164.39,1167019.52,1
580034.55,60,2430921.0,886255.82,0
648698.58,6,1841660.44,478487.86,1
26799.44,60,92467.98,61660.82,0
960763.11,24,2673734.83,1080075.49,0
54142.21,36,118358.4,8666.67,0
151631.33,6,359329.58,85021.5,1
23874.37,12,54362.82,42330.77,0
571189.85,24,1953956.89,1527177.25,0
932944.22,48,4358306.97,887949.73,0
669287.69,6,3141999.97,420364.73,0
824430.89,24,1394667.66,553056.18,1
23148.39,12,41195.98,15867.54,0
546595.15,60,270187.25,88651.18,1
464967.35,12,1112531.14,1547517.74,1
503978.26,6,923344.68,171517.09,1
81491.05,6,233033.57,21425.92,1
687591.01,60,2445787.95,1116182.21,0
508188.21,6,1790635.56,1335954.51,1
767497.36,36,2611029.0,287733.88,0
490437.73,48,1316997.81,742591.56,0
157887.82,24,627224.35,219727.57,0
651774.38,60,2863045.27,673334.63,0
180662.5,12,489949.46,334384.32,0
873670.62,12,1572059.99,574105.86,1
616985.08,48,1565387.32,730487.38,0
165631.84,6,328081.94,297577.67,0
962714.68,6,3018837.9,196223.45,0
523181.81,12,1070311.24,509386.54,1
82169.47,48,37269.55,12488.01,0
630564.58,12,1433594.96,99499.07,1
260666.92,6,1064970.05,507617.32,0
805656.52,60,1286221.65,10156.97,0
819643.85,24,2820896.16,470571.49,0
979157.88,6,2049582.05,1280692.88,0
506850.84,60,762035.81,23121.64,0
460407.31,24,2091262.23,1081905.48,0
755940.85,36,2910634.78,2211400.05,0
141145.95,48,260597.75,35689.9,0
551446.36,60,2108870.55,703707.93,0
550785.12,36,2005279.55,923227.01,0
98578.39,6,311187.18,112130.91,0
423804.24,48,1257598.12,624148.65,0
854751.95,60,3935914.06,1272394.5,0
857592.09,6,2022217.64,240246.14,1
108245.29,48,313271.09,22316.02,0
99813.67,48,264696.27,157641.06,1
270068.52,6,1134072.7,216493.53,0
876018.4,6,4123969.25,2795887.22,0
137613.56,60,615715.54,365994.74,0
722796.83,48,3102217.8,122731.64,0
110153.96,60,545676.81,87836.99,0
626906.48,48,2470015.25,576981.05,0
362506.63,60,1496676.87,711798.27,0
791024.82,6,3907511.44,2531526.61,0
241353.54,6,367935.69,17759.01,0
642809.81,12,2390718.52,477395.8,1
243325.71,60,63022.87,18967.86,1
716523.68,12,3376542.38,495344.59,1
874941.25,12,4019003.32,5203185.64,1
135533.78,36,602700.07,230473.7,0
867929.73,48,4174975.87,1057089.33,0
597639.5,24,2020515.85,835502.52,1
135839.39,36,207049.16,58938.04,0
433266.44,48,666662.91,183035.8,0
169251.69,24,576511.32,122402.82,0
703344.41,12,2126528.65,919405.4,0
761279.45,24,2344251.73,2589829.06,0
114738.56,6,332904.36,52285.9,0
511078.45,6,2408222.27,24980.51,1
816478.81,60,2251110.65,271807.28,0
936801.41,48,4212603.24,144356.14,0
518382.69,36,2415677.22,3500793.38,1
950776.43,12,3088365.43,556145.07,0
540332.08,48,1655730.48,556928.57,0
400248.59,12,1666463.87,1565696.68,1
849721.1,6,3380105.8,1454837.59,1
498052.88,36,1319776.83,764274.13,1
477183.49,36,887045.19,340138.5,0
495409.36,6,1202350.29,59605.85,0
848317.15,24,1661513.78,23275.12,1
833622.13,36,2110366.91,3009992.05,1
409484.79,24,989469.01,336393.75,0
339966.86,12,1268752.92,1080635.62,1
497008.74,36,2405888.15,630792.7,0
577044.78,60,2250534.11,1597025.29,0
245953.84,6,1166626.19,84014.84,1
796015.53,24,3378658.39,2563770.61,0
491617.94,60,1989858.85,1363724.73,0
340705.09,12,1004813.17,668627.73,0
115752.78,12,305214.7,210881.02,0
246456.71,36,1099682.64,70423.91,0
949788.36,36,4434444.38,536277.2,0
312048.69,60,961605.73,103370.64,0
177170.7,48,271376.05,24150.69,0
466066.06,48,1991900.49,522214.51,0
314016.87,36,784332.79,520933.06,0
44807.66,48,68762.17,13860.37,0
329913.77,6,1424389.49,278293.43,0
548667.54,60,1816610.61,982261.35,0
556195.25,6,2168181.24,168120.95,1
362993.33,48,1706582.06,491877.9,0
452829.73,36,1536953.19,363245.12,0
965862.74,6,3149851.53,2135097.54,0
383574.99,12,965580.01,397433.72,1
265644.55,36,682222.6,352831.1,0
251032.37,60,1076401.0,111114.15,0
463186.97,24,1422726.19,1057277.07,0
761924.95,24,1578968.87,407313.53,0
213928.3,36,391670.77,221478.49,1
712203.17,48,2247157.98,1716156.67,1
30938.33,6,15475.96,6297.46,0
424743.65,6,1608548.36,653116.01,0
778106.41,36,2450051.8,229813.73,0
345345.63,12,691438.92,215881.37,1
568099.73,60,1861838.98,1269721.96,0
212929.44,48,995181.72,1393478.02,1
744575.44,12,1532369.72,1124764.44,0
61756.31,36,241722.92,129043.18,0
854017.22,36,3056106.96,1029198.63,0
206214.42,12,849613.73,371450.05,1
875654.05,24,1775039.16,213709.9,1
359003.95,36,1721646.05,299543.4,0
725456.74,60,2664880.09,610595.29,0
326033.04,48,1455655.68,448162.75,0
906852.55,12,2143004.73,1569574.37,1
135370.75,24,553388.2,162726.69,0
186734.59,12,790560.95,331298.95,0
498099.82,24,1440018.26,186656.5,0
91119.05,24,259127.73,152568.85,0
204020.38,60,775744.02,347707.61,0
944328.72,48,1725219.53,607149.55,1
976724.76,36,3979845.27,3015724.46,1
382496.74,24,631159.27,449714.03,0
924053.16,36,2002484.24,1711590.18,0
549376.43,48,2101091.89,1549450.06,0
277045.04,36,510907.85,230841.16,1
705374.73,60,3457357.08,2287213.61,0
662312.79,60,3006493.89,984831.59,0
989234.07,6,3652309.72,253453.32,1
272396.81,60,1189475.45,946012.27,1
675338.91,24,3110969.06,412219.63,0
61503.52,48,148110.61,29801.04,0
122509.58,60,547978.07,71501.66,0
13879.19,12,30281.31,8175.46,0
999466.07,48,2945124.59,681572.83,0
804250.96,24,2777809.4,1335797.98,0
788855.78,48,3154333.21,2514533.53,0
514628.81,60,826233.78,34707.8,0
307066.41,12,772819.5,481276.81,0
159751.64,6,579869.19,59374.86,0
291827.99,24,802757.63,12738.17,0
382211.51,24,1610099.5,822537.78,1
758747.0,48,2868657.43,2004193.78,1
544265.17,36,1262915.67,178120.12,0
86708.79,36,174349.82,47648.24,0
27848.72,12,103086.62,13916.71,0
111308.86,6,342456.81,248351.75,0
416393.73,6,870824.88,188349.27,0
933860.99,48,2467549.97,877881.03,0
641028.46,48,1641458.26,1174944.37,0
803807.64,36,1509922.03,667831.51,1
471710.85,60,1610506.49,1201888.53,1
368049.42,6,1535785.66,1138263.41,1
117316.37,60,412265.46,152241.73,0
877173.69,6,3852564.19,1794933.12,1
785328.43,60,1528633.87,2203529.96,1
176436.92,60,533658.43,422886.23,0
517137.96,6,1878737.83,418307.23,0
492501.06,12,1904011.79,1193140.59,0
628840.64,12,2474646.43,619590.21,0
946725.03,48,3835541.9,960549.37,0
583973.73,60,2207423.24,183415.55,0
544815.09,60,996901.73,446528.88,1
59819.7,60,235304.97,46088.21,0
72278.4,60,291769.06,34637.6,0
195473.32,60,972905.85,176420.28,0
42146.06,36,165497.82,33244.3,0
745919.37,24,2911999.39,1174312.57,0
726097.0,60,2397460.85,740188.3,0
144695.67,36,656589.91,39652.93,0
837718.11,12,4179310.03,1792183.71,0
163238.17,60,689951.76,434806.19,0
308163.83,12,1122872.36,1504693.96,1
256487.13,48,455608.83,355207.32,1
378584.03,24,1530837.45,121426.28,0
262117.13,6,1043217.13,685312.15,0
494061.42,24,2082216.18,842369.17,0
413333.8,60,800191.03,333900.63,0
986703.8,60,3737696.9,1552190.57,0
65367.09,24,165707.77,43126.29,0
150759.56,24,627302.89,162875.44,0
62297.63,48,145857.99,73727.66,0
629582.78,12,2451548.36,87795.02,1
63964.18,6,161987.71,76300.88,0
838075.34,24,1283495.64,744007.22,1
516819.24,6,1920889.3,547570.69,0
531737.55,24,1008409.31,175347.81,0
565978.56,12,2154974.77,367874.73,0
179105.57,6,848894.68,771893.55,1
205713.4,36,1006424.17,72236.55,0
325629.15,12,757325.75,100989.61,0
597561.45,6,2588867.04,39708.88,0
218016.6,24,596806.59,127112.84,1
125168.41,24,582233.35,142717.89,0
970415.72,12,4130296.48,3288447.07,1
31762.0,12,7956.67,6312.43,0
804670.43,24,2353644.49,3312501.21,1
790154.8,6,2118098.75,360978.52,1
304241.97,36,1292460.53,508615.65,0
144270.35,48,423577.75,50417.39,0
154172.36,12,600664.67,242206.93,1
700457.3,24,2527616.55,807603.22,1
646378.53,6,3176779.52,825004.28,1
784918.22,12,3753673.08,2470232.71,1
938106.36,6,186666.53,123665.49,0
695008.09,12,2802636.62,2214956.16,1
164293.02,24,723400.29,129105.61,0
251008.19,6,1166209.19,828733.9,1
843771.79,24,1466871.88,631160.86,0
217213.02,6,555473.6,262832.08,0
81797.09,12,214374.23,153713.73,1
706247.25,48,2133262.78,1608703.35,0
408501.09,48,285866.35,166216.71,1
920839.65,36,2980500.65,829395.68,0
653752.52,36,2498151.91,978612.02,1
99514.79,60,322504.92,158686.32,0
948378.0,24,707170.88,468792.08,1
265971.69,6,460808.11,242550.11,0
343840.37,36,1569959.88,458990.48,0
408237.81,12,1954129.14,653273.89,1
60712.05,48,222368.57,8972.61,0
501550.27,6,2299542.03,1700314.23,1
132085.31,60,72997.65,5145.98,0
406960.62,48,1746297.0,810185.12,0
357202.69,6,684764.23,477500.82,1
775111.68,36,2269554.76,764141.38,0
805138.81,36,2120224.26,1357156.38,1
161878.75,24,574600.18,369498.29,0
372885.68,60,952835.1,45618.72,0
379619.63,6,1416208.12,466945.03,1
159896.34,60,445448.1,246252.79,0
800468.97,12,3612329.42,3872052.0,1
710156.05,60,2640781.63,1151734.12,1
198477.97,36,447278.85,212710.76,0
373054.69,24,998463.34,120797.59,0
114746.97,36,512456.88,452666.77,0
631924.53,48,209400.68,4768.17,1
130158.21,36,83299.47,9971.02,1
986074.83,6,3718780.83,1523968.47,0
782875.25,24,2127333.36,976166.9,0
396336.16,6,1002304.51,117257.12,0
582778.29,12,1843556.27,2637695.16,1
912228.4,12,443557.21,132353.17,0
558558.29,36,1393456.06,1026308.18,1
182753.5,24,313837.96,97330.62,0
384916.32,60,170031.78,182873.96,0
844713.42,24,2215230.81,1343263.61,1
647770.89,24,3152322.68,1431913.07,0
654217.14,24,2331663.18,721301.25,0
868153.27,36,3694720.1,1052129.67,0
895033.33,6,1484699.53,179077.3,0
920594.65,36,1724161.86,470123.25,1
103900.7,60,452059.41,604105.27,1
548684.74,6,2020489.54,812078.25,0
743104.43,60,1611375.22,1155966.73,1
759357.58,48,2214881.98,1409251.08,0
610649.04,48,2067263.02,47168.65,0
175119.46,6,779742.93,549725.21,1
799446.35,36,1368206.04,495098.85,0
722910.22,60,2594183.58,396166.0,0
95274.41,60,382014.73,229945.96,0
469171.73,12,2309554.85,596555.34,1
182237.63,60,788188.73,976877.67,1
344102.28,36,848829.99,109545.52,0
27900.28,12,111141.52,43267.12,0
406326.57,36,1694980.15,126640.78,0
554378.15,24,2247490.18,1412526.23,0
623386.77,60,2724514.52,1025887.77,0
666855.44,24,3109583.54,1111928.41,0
837928.4,48,1545562.74,2292.32,0
223308.28,48,416843.65,272737.09,1
129277.0,6,554262.2,218528.76,1
853021.8,60,2033009.98,715447.96,0
165046.69,12,281387.27,171395.21,0
975012.48,24,2831730.83,142489.41,1
844112.85,36,3688409.5,4324255.56,1
505867.84,60,982889.87,452706.46,0
981607.21,6,3780608.05,1393010.59,1
106402.96,36,160951.02,239295.63,1
310035.1,24,584131.26,139853.41,0
641842.17,60,1750930.17,420504.17,1
356506.8,24,639076.94,507156.53,0
929088.83,60,4144345.51,1081498.85,0
74969.83,60,339182.01,55675.25,0
553917.71,24,2295710.54,1510829.43,0
594957.6,24,1397364.25,470823.72,1
656200.84,36,2186044.36,776244.58,0
263109.56,6,564280.51,247781.92,1
370920.76,24,921543.2,439162.66,1
845243.72,48,2794391.39,1320194.79,0
202993.34,6,826700.19,22816.74,0
828599.17,48,1517405.65,994012.91,0
567028.87,36,1439367.88,224371.91,1
764565.64,24,3626468.42,848135.6,0
716471.29,6,2150797.81,298409.47,1
215436.38,24,1031087.96,632738.8,0
573124.61,60,2848373.09,1329980.58,0
869045.92,24,2905489.39,1755603.97,1
437795.07,6,1098057.47,1447881.52,0
966924.86,24,4126563.43,343853.77,0
457692.95,24,941743.33,227148.32,1
151357.78,12,360559.06,146319.24,0
395540.33,12,1679891.3,409819.6,0
952185.38,6,2873467.65,476544.85,0
326523.64,6,720109.61,501087.97,1
869417.18,60,3285475.45,3088833.17,0
882438.17,60,3586816.88,990592.91,0
356684.66,24,691165.46,423000.1,1
92425.08,48,228237.35,114582.2,1
727312.33,6,1654249.09,5010.04,1
318397.18,24,900902.02,274063.06,1
785094.38,48,3275458.61,761183.82,0
448228.3,12,1792007.04,1981520.44,1
490414.07,60,1872809.77,1730380.56,1
780130.31,6,1187357.87,895139.45,0
388539.7,24,776108.67,743252.14,1
448696.07,12,1023718.67,694252.19,0
382428.56,36,937655.73,1111500.01,1
373667.11,12,752002.4,104921.66,0
530687.11,24,1558152.77,1107895.97,0
810711.45,60,1429391.34,566844.79,0
368150.63,48,1518649.94,1087538.18,0
529012.17,36,2252016.85,113553.63,0
674020.05,36,2365765.49,1734457.23,0
276745.05,60,502006.41,166844.97,0
284747.58,36,1314192.97,163349.44,0
934079.0,6,4558049.02,2491913.44,0
726299.23,24,1603866.59,1022500.47,0
581414.81,36,2306030.31,87398.05,0
651242.85,12,2895937.07,2287085.93,0
39006.45,48,132210.5,145659.93,1
621921.94,24,1636668.96,420822.93,0
514413.78,60,114254.91,13828.85,1
550292.18,12,1812079.48,1552452.29,1
365829.59,6,1061721.48,1474187.04,1
90659.16,36,431034.33,170397.6,0
201405.84,12,826487.17,516979.43,0
951237.27,24,2230228.81,1177793.45,0
414612.57,12,1471646.65,513233.71,0
472016.32,6,1845778.3,175635.29,0
62182.69,48,123777.6,94779.67,0
47190.57,36,129985.96,28115.5,0
720009.63,24,3362026.64,747269.72,0
542713.72,36,1891414.76,976729.94,1
513618.92,36,1160517.9,715352.17,1
250693.29,60,483774.57,380886.46,0
747303.22,36,2476409.02,1920037.69,0
176554.21,12,603268.09,440994.05,1
198035.4,12,528843.75,184170.29,1
466105.05,48,1727597.91,230350.52,0
293417.06,6,510662.0,238773.79,1
254988.35,24,512013.78,7068.45,1
648785.27,12,2213628.33,347537.59,0
654462.03,36,1123289.13,2273.0,1
826271.9,6,3786953.41,546944.87,1
423531.48,24,846009.34,321319.17,0
82354.24,24,317781.92,99993.08,1
280929.72,24,806046.94,238136.29,1
980205.41,24,2841867.51,1889166.36,1
600295.99,48,2507504.39,3673237.15,1
712639.71,24,2314737.49,1734074.97,0
17284.25,6,69824.81,24876.69,1
523023.67,12,1709329.9,372264.26,1
47153.37,6,168581.25,161168.19,1
573537.91,36,2387352.24,1283492.89,0
921563.14,60,3341201.44,2249941.23,0
968734.94,48,3540389.94,520407.2,0
545147.15,48,2323563.56,1633470.28,0
463622.76,36,2235498.01,941191.52,0
945566.92,6,2665086.55,307189.88,1
676873.73,6,2382534.65,1225315.32,0
74250.29,36,133795.76,55664.68,0
471068.32,60,1298176.47,29269.77,0
247842.57,24,729195.54,232901.09,0
475106.28,24,2101552.15,1319418.32,0
460910.92,12,1519564.96,675201.98,0
586323.35,6,2379729.52,536945.28,0
363202.79,6,568966.58,476876.73,1
172627.74,36,539586.73,102641.93,0
508682.24,36,2367718.37,478726.15,0
831900.86,24,1900975.56,539328.58,1
667372.11,6,1074687.76,769079.11,0
344984.19,6,1040793.35,422666.51,1
936167.79,48,3712384.02,2026008.51,0
913085.5,12,2822002.38,2204015.85,0
217254.92,12,675646.31,423385.0,1
49023.41,24,188461.56,26022.79,0
743895.62,60,1778178.95,1121467.49,1
829334.16,6,3426488.85,2051335.12,0
968185.92,48,1971127.16,366814.14,0
890938.03,6,2570469.47,669041.45,0
604529.42,36,2294810.83,1303687.98,1
534751.82,24,2352529.15,448661.36,0
37562.64,60,160405.95,26715.53,0
254189.88,12,1023342.94,575915.12,1
465018.6,6,1281980.64,903125.1,0
632218.86,60,1218959.12,1208954.29,1
561679.31,24,1268788.49,452610.08,0
745209.63,12,3373503.15,1638646.01,0
286969.26,6,1291551.01,698756.77,0
569303.08,48,2749997.45,2191628.97,1
97260.82,24,171758.75,93806.65,0
419528.87,6,1417517.49,1573880.12,1
752659.22,12,2837819.29,2246949.34,0
696466.84,12,2777022.8,134781.45,1
990736.31,48,3718749.86,221449.76,0
285112.21,24,1196057.09,536486.65,0
503207.41,24,1387921.78,398238.74,0
336235.11,60,715513.26,55350.68,0
446197.08,6,988791.38,242411.22,0
858380.63,60,1323558.91,714038.31,0
687366.98,12,1873849.38,1320111.84,1
883616.78,12,1609158.21,121426.4,0
211476.0,48,555169.0,239897.44,0
874627.51,48,3235015.62,766350.78,0
69164.65,24,320278.89,170984.39,0
889713.29,60,3949098.38,1735870.41,0
335783.04,12,800627.56,593560.3,1
321441.76,6,633012.36,19083.49,1
516967.69,36,1124793.98,422956.08,1
941283.29,6,4610832.22,711025.57,0
57303.55,48,196159.26,84235.76,0
358708.67,6,767190.96,523886.69,1
858006.27,12,3811788.56,2778996.73,1
402093.93,60,1159304.9,369337.53,0
207165.33,24,962754.78,625236.46,0
430546.24,60,1038636.81,233076.81,0
391696.98,36,1126628.68,5682.67,0
916262.04,24,2993718.7,2048276.13,0
764315.03,36,3534310.15,337631.92,0
510064.4,36,2316024.43,32630.23,0
988486.86,12,3469828.83,982093.87,1
470624.76,12,1071242.8,1480015.55,1
67655.45,48,196995.72,12169.63,0
269651.58,48,1325260.86,863203.52,0
441709.78,36,1602172.49,1917425.48,1
165333.6,60,699996.36,274355.8,0
948089.48,48,2914926.17,2928571.2,1
769180.41,12,2586004.12,1058206.86,1
275604.33,48,827182.13,761079.97,0
594896.49,36,2355923.06,1707917.4,0
724234.67,24,3244678.91,2519245.54,1
941866.14,60,3085339.11,1053270.41,0
882819.0,60,2810044.75,2225631.56,0
520040.3,6,1399429.82,330215.85,1
776906.09,48,1646915.39,9191.02,0
566523.31,60,2712155.02,1665517.14,1
557176.85,12,1452158.33,207293.45,0
123594.54,24,531755.64,22314.52,0
134876.28,12,540006.13,399176.39,0
534238.28,48,2280242.02,1444416.26,0
276172.93,36,204749.87,16816.48,1
30826.53,6,113497.05,70541.61,0
725610.81,6,3368884.88,2274670.26,0
42161.73,24,87989.03,63725.29,1
599324.07,60,2213599.87,962816.89,0
543801.86,60,402379.43,226430.84,0
969126.54,60,2375081.01,1448304.03,1
489371.01,6,2002818.54,1103375.06,1
72965.42,36,308254.74,159511.62,0
556171.09,60,2452246.13,1074200.05,0
842685.21,12,2186844.13,838340.61,1
996880.79,60,3873502.99,3086794.59,0
436039.74,36,1118392.44,302020.34,0
327095.76,24,1336723.06,94392.72,0
907586.76,24,2832040.83,1733292.74,0
199329.71,6,715873.78,122457.01,0
619274.63,36,1830228.97,779960.66,0
411657.28,12,850871.0,65211.79,0
50671.54,36,107580.92,53298.5,0
353815.59,12,626781.2,473348.87,0
272576.24,12,998516.1,577305.83,0
689230.24,36,3081020.72,528788.88,0
949302.59,48,1493185.47,1160071.37,1
275366.72,36,476890.62,117157.5,1
813351.28,12,2522311.69,2078394.87,1
64806.22,60,264540.45,105417.68,0
542739.8,24,1113689.45,882682.41,1
79844.56,24,195681.42,10784.61,0
934692.66,6,2161029.72,1204520.44,0
768687.77,24,2226641.92,2552295.95,0
661370.41,48,1512881.75,1230136.39,1
825657.42,12,2257426.13,1688611.92,0
651044.6,36,2636664.94,1244207.0,0
969254.95,36,3526665.51,2125924.77,1
716818.37,48,1278901.44,245943.42,0
925412.02,24,3453739.3,2104131.05,1
521960.57,12,1654495.01,2102486.89,1
125893.77,24,600636.6,207017.52,1
532895.94,6,1338935.75,612650.38,0
135604.1,24,548055.15,426111.8,0
596568.54,6,2420882.82,1639866.59,0
487668.13,36,1109568.25,1061500.39,1
626349.64,12,2919592.73,1552228.01,0
19946.51,60,64210.63,40284.8,0
202892.09,6,786428.36,15306.3,1
496417.13,24,998043.89,976081.96,1
950998.53,24,2284596.81,1799400.74,1
389772.95,36,1384229.88,1048892.61,0
430128.31,48,1125471.77,749510.53,0
717549.13,60,71803.92,6101.27,1
607754.83,48,1707194.38,1357617.58,0
305936.89,24,1144796.96,558237.94,0
416708.23,48,85408.14,15230.54,1
225522.8,60,341922.96,184438.36,0
966361.24,60,3646934.19,2498948.05,0
139328.04,12,414838.85,37278.34,0
378118.42,48,1019386.16,1156853.56,0
35580.58,12,65095.16,47920.68,0
229561.7,24,521402.09,5616.3,1
782666.43,24,1786986.36,1287086.39,1
209163.48,24,998503.21,1097231.64,1
89262.77,36,269019.73,8111.87,0
479708.65,48,790190.7,185957.99,0
19869.54,6,39458.09,48774.85,1
93918.49,60,54218.65,15133.1,1
809549.61,6,2882840.86,1750468.44,0
773758.61,24,1666037.87,477292.47,1
915987.43,48,2972335.01,2274618.15,1
855970.28,12,2392622.87,1904513.69,0
686343.81,6,2960590.23,750376.68,1
61809.53,24,162046.89,65959.66,0
785020.13,6,2436646.89,1087145.76,1
847055.7,6,3408975.17,1580135.89,0
801091.32,60,2416675.6,723473.4,0
513394.24,6,2195404.37,291538.29,0
240572.82,24,918000.68,40069.29,0
846876.68,60,2487151.39,211604.19,0
729891.18,24,2382318.64,1717730.33,1
980953.56,36,4792166.2,1074882.9,0
164135.67,36,626282.67,38490.32,0
233407.94,36,1089427.66,1365106.84,1
219680.17,6,466964.2,28132.59,0
794614.37,48,2535873.93,142116.34,0
195038.22,24,912840.47,1145637.24,1
75993.23,36,199797.01,94527.2,0
998575.2,48,4879861.95,161922.75,0
34569.04,36,63599.12,23428.79,0
836891.62,36,3899370.21,1359377.57,0
371713.17,48,1136788.99,497176.15,1
843199.31,36,1482432.57,875044.02,1
559074.29,6,2559624.12,579089.46,0
902614.92,6,2149839.86,744326.64,0
926931.06,60,513309.19,325537.68,0
19007.2,6,37545.39,27710.19,1
84658.05,12,322284.87,294282.25,1
257855.14,60,1269250.72,484986.74,0
672622.26,36,1271335.1,529755.98,0
889389.47,12,2772065.26,1173371.85,1
465342.53,24,992216.34,689563.03,1
610903.39,48,2509363.79,1686171.03,0
196614.85,24,376164.74,93750.04,1
806917.17,12,1887739.24,245934.2,1
967654.83,6,2116668.39,641730.78,0
275912.94,36,947435.16,218597.08,0
499877.69,60,2277514.9,1732333.81,0
95254.95,36,313275.98,66644.0,0
563545.29,6,960197.82,139195.41,0
507755.61,36,1762857.03,1268522.39,0
152992.12,48,656538.68,45421.24,0
447645.55,48,878525.29,182920.25,0
340763.61,48,597866.09,210023.75,0
526612.57,24,1136075.63,540869.59,0
589797.79,6,2424836.91,635642.67,1
18410.62,48,65742.14,26098.79,0
763395.92,12,2589501.02,411898.85,0
715884.15,48,1698921.68,780517.4,0
372623.52,60,992232.37,323719.23,0
62406.58,24,304581.4,414223.02,1
757383.21,12,1773934.09,589987.96,0
955623.41,6,4449152.27,1579681.9,1
247750.08,6,875018.66,414531.33,0
330289.37,60,637966.35,62862.65,0
191974.76,48,601954.78,75506.88,0
581166.76,12,2801177.59,1770877.01,1
163292.98,60,484160.35,105902.83,0
362632.0,12,1639768.59,1766030.15,1
700042.88,48,1678353.11,130813.49,0
564514.82,48,1974801.29,2833913.04,1
392597.94,36,1748427.94,1382276.51,0
426047.11,36,2011968.94,601483.66,0
566489.77,48,1812983.54,733214.2,0
15806.08,24,59097.48,20930.53,0
87724.77,60,132502.16,94785.45,1
882445.49,36,2105763.41,16734.99,0
87100.2,48,215615.88,112716.97,1
709735.56,12,1296846.94,676817.44,0
920837.78,60,2282694.74,698294.6,0
277976.77,36,729390.78,127983.95,0
376786.52,24,1842742.73,353338.81,0
573232.19,60,2201273.71,1409632.5,0
882891.88,60,608743.69,32191.87,0
942486.53,6,4673027.87,2107812.76,0
742167.62,12,1511285.66,370979.04,0
95753.56,24,303172.93,64332.77,0
672462.61,24,2531631.91,1024273.29,1
416200.68,24,705265.46,506584.57,0
475993.99,12,1908496.0,1673574.93,1
58656.91,24,108488.05,68443.86,1
199151.52,6,396508.3,190540.88,1
792608.47,36,1631912.12,910888.67,1
459419.24,12,2182753.36,755071.4,1
308645.62,24,1201040.23,1109509.37,1
390178.88,48,1480337.21,1228397.12,1
855855.52,36,2947760.89,2662067.05,0
751509.03,60,1897425.78,796866.46,1
279592.24,12,1026974.16,259774.36,0
126326.82,48,370835.41,68601.12,0
259478.24,60,521280.5,30790.98,0
921548.89,48,3606565.0,2072115.8,0
585772.95,24,1144329.48,1586489.73,1
538145.41,12,1166344.09,363151.0,0
600429.66,24,2619042.71,1927464.92,0
372367.98,60,1418874.61,642974.21,0
809035.95,6,3000284.77,233009.47,0
528053.39,48,1564996.98,1001112.18,0
125580.42,6,362548.39,74287.79,0
137774.47,60,539513.68,238553.89,0
541490.56,24,2214706.89,903567.59,0
937204.52,36,3079416.2,586515.08,0
315268.6,48,1542433.45,142855.29,0
870845.76,36,4219202.82,713084.45,0
766454.63,12,2256061.67,175680.06,1
255334.32,48,1116367.07,1592534.78,1
45977.34,6,156389.05,124773.13,1
110828.79,36,364753.69,427210.21,1
731208.99,60,1237479.24,855235.16,0
207673.04,12,728706.32,320151.4,1
377558.21,48,1756409.39,936634.22,0
506682.17,60,2143502.95,268105.87,0
728213.49,12,3096443.87,680736.75,0
122098.91,6,251493.43,102698.53,0
412302.74,60,1135718.02,1051377.55,1
490222.18,48,1135461.05,38958.16,0
545418.79,12,1421199.64,576347.57,0
820177.03,24,2893902.55,118099.5,0
179961.41,48,499706.65,182621.86,1
809753.14,48,2803723.57,1410537.98,0
695949.64,48,2112036.21,1258305.88,0
560312.11,48,1402547.75,155438.2,0
702532.59,24,1288382.96,171690.21,1
417897.56,60,1931286.24,726263.93,0
147013.61,60,226372.55,180742.45,1
669107.59,60,1007531.31,286982.67,0
529425.58,6,2326185.93,795606.63,1
642981.05,24,254088.88,87903.93,0
344618.79,24,1393934.72,89993.34,0
907797.91,12,1410226.32,873406.35,0
591496.17,36,1356546.66,274675.22,0
94548.46,60,463417.88,260873.52,1
455305.95,36,1971527.07,749322.05,0
758792.49,12,2643480.86,1293782.43,0
796193.22,24,1854343.95,80065.58,1
499651.08,12,774606.93,551498.87,1
895800.1,48,1409107.13,274896.25,0
274991.75,12,1001501.54,536881.25,1
416492.71,12,656563.93,419160.45,1
899610.94,48,4477998.32,1934633.97,0
897294.15,36,1921863.57,518647.97,0
688855.64,48,2746795.17,2148880.21,0
860390.74,6,1757527.93,1571913.43,0
97885.53,12,331863.95,251861.46,1
866345.03,12,1543947.71,1538801.65,1
327413.71,36,1369808.76,426527.91,0
186548.2,24,661728.22,73317.15,0
246976.14,48,444948.12,797.52,0
423788.82,24,1894357.92,394418.26,0
258680.08,6,883279.99,61624.96,0
327361.91,48,1546972.63,1220679.62,1
143628.7,6,676230.03,412042.28,0
303215.0,6,1431713.69,1517655.62,1
576560.98,6,375969.24,374392.63,1
447435.17,60,860575.4,461353.95,0
353251.57,48,1751057.55,558310.15,0
748987.61,48,2401705.82,1598272.9,0
894574.87,60,2087713.37,843203.68,0
759221.33,36,3184041.93,1665002.82,1
338680.7,60,821300.11,392277.5,0
746997.75,12,3021796.31,1542733.14,0
160460.38,24,710919.75,130865.46,0
139014.81,24,590107.0,176224.57,0
352170.77,6,866046.85,35077.84,0
809625.35,48,2352500.05,1105931.94,1
253884.76,48,748040.6,274835.18,0
72620.87,6,233799.64,142284.13,1
140392.44,12,292831.25,48348.19,1
860157.52,24,2652420.59,926887.56,0
637445.45,60,2095755.2,2594154.43,1
260669.15,36,876104.19,430327.82,0
559742.87,12,2445881.27,1659345.06,0
532303.83,48,1762282.72,1079141.93,0
658881.62,6,1520529.93,1148545.02,0
240855.68,24,920297.65,715421.56,1
865758.96,6,3714624.96,2294253.02,0
316274.88,48,827944.64,189967.65,0
697190.34,6,2620439.22,459648.89,0
25963.4,60,52297.63,18724.6,0
378930.56,24,1021877.98,812502.29,1
358192.72,6,1677159.95,2471832.56,1
548049.58,24,2570121.57,409304.01,0
82008.9,6,288149.43,217689.49,1
792230.06,6,3135828.88,968138.19,0
225602.99,24,1012743.99,559762.96,0
680267.44,60,3302654.99,2082397.89,0
805180.0,6,2588333.67,1745895.05,0
566258.19,60,1962376.3,1289328.93,0
743474.37,12,2196777.54,1469638.66,1
665241.71,36,1165461.42,622499.45,1
361974.5,12,1078616.01,348462.93,0
810769.95,36,3459714.03,1846897.35,0
301754.36,12,1302703.52,872013.41,1
575500.79,36,2660724.26,746370.33,0
747943.76,6,1256645.34,298084.31,0
385166.35,24,1288397.26,354265.15,1
309739.93,24,581067.68,256266.37,0
464752.55,48,1023662.87,42947.88,0
819783.86,36,3812616.15,4580041.55,1
930622.55,48,3014071.84,334807.82,0
549632.58,60,2283672.38,242687.98,0
664851.54,60,1147097.86,181387.5,0
904240.89,48,2675551.83,1234879.4,0
107561.38,36,415169.82,94847.5,0
239757.79,24,471585.04,483378.68,0
711811.01,36,1879439.15,1400782.25,0
825507.02,60,183679.55,263702.07,1
858458.74,6,3244707.74,4176381.35,1
420956.11,48,2061893.29,952828.66,0
98446.5,48,432638.82,520457.1,1
443403.66,60,2177635.59,1356346.12,0
238427.24,36,163958.5,125033.02,1
298284.49,48,1340247.49,69015.67,0
774544.88,24,2726491.07,62659.42,0
84771.82,48,280923.9,39336.07,0
829305.41,36,2423139.13,1801041.43,0
433392.39,60,1891034.94,2200919.98,1
600103.29,24,1282562.74,437212.83,0
98755.71,24,167567.43,68730.94,1
343985.49,48,1657194.26,1099852.77,0
98803.91,36,149512.41,111130.78,0
961928.29,48,4731631.59,2762132.84,0
809189.03,6,3278014.07,1992633.51,1
465036.43,60,1232228.52,315823.17,0
231366.52,6,912132.3,340798.31,0
934120.55,24,4075159.8,2885898.4,1
351150.63,48,828282.59,520780.43,0
169374.59,6,711057.38,389244.71,0
567532.74,12,2449070.45,127835.28,0
944336.38,6,2240665.84,70817.98,1
13791.99,48,22711.85,2369.5,0
245743.59,48,544181.49,253105.82,1
939063.16,60,2068063.52,887425.66,0
179375.11,6,310021.46,233803.51,0
122111.02,48,493453.79,274265.42,0
574485.34,48,175841.29,41354.02,1
863225.39,60,3966824.17,512501.92,0
482338.72,60,178356.07,121215.53,1
994618.61,60,3069703.93,1128727.93,0
682379.98,60,2549754.42,1332949.39,0
83334.16,12,380931.06,172224.6,0
992903.81,24,3312499.73,284759.29,0
413815.29,48,1161718.64,53028.63,0
294528.51,36,144735.24,43654.25,0
562300.39,60,1454031.48,420564.41,0
311264.52,24,553423.01,298316.3,1
95592.93,60,292289.47,147828.42,0
11414.06,24,48484.95,37583.24,0
455087.52,36,731659.18,502269.1,0
838494.79,6,2977149.42,1182720.3,0
576592.03,12,2064559.36,825865.62,0
999215.23,48,4746168.6,2559624.78,0
293978.18,6,735717.69,67150.77,0
287650.51,36,712201.99,569699.24,1
168151.97,12,511466.63,212282.42,0
172422.95,12,474025.55,345054.53,1
292334.73,12,122468.27,94776.37,1
794911.64,36,2977844.15,1385633.14,0
906699.22,60,3768444.73,311570.93,0
975336.3,60,4262362.29,1955046.04,0
239966.76,60,1135146.91,1498742.94,1
882484.57,6,2654759.41,3901033.02,1
334972.54,48,1656921.86,63929.7,0
121712.14,12,274438.1,102379.76,0
871324.68,12,3485541.01,2573082.86,0
639744.58,6,2155320.35,1709253.66,1
173083.59,60,754497.69,115518.23,0
435532.94,12,1380071.84,961191.32,1
294385.12,12,1249307.22,146169.51,0
739426.62,36,3516410.21,2366331.5,0
458882.07,24,1864451.59,413576.72,0
989387.15,6,4171582.72,3202524.94,0
64197.53,6,111390.03,61977.12,0
361465.11,60,801495.32,255908.22,0
487081.17,6,2391599.28,537580.49,0
508102.22,60,1994887.82,375417.98,0
322776.46,36,1118443.53,609142.22,1
731947.85,36,2038048.26,1460532.24,1
875999.6,48,1450096.02,875790.68,1
939332.11,60,2622592.4,1751454.35,1
807042.44,36,2619817.18,1637666.09,1
852074.4,60,495819.69,388384.55,0
555039.85,6,1168902.14,708639.84,0
827629.34,48,2714175.6,456477.69,0
310468.87,24,1102370.9,698108.09,1
404493.97,12,946399.69,243845.07,0
323743.88,12,1151188.94,917083.03,0
472713.46,48,2198680.06,662546.06,0
292723.82,60,923867.52,216402.11,0
961995.33,60,4329811.68,828608.13,0
319716.18,60,1517197.16,799277.25,0
107064.09,24,195218.42,17057.57,1
531548.99,12,975573.4,744214.12,0
66528.09,48,210638.22,49594.8,0
119437.73,60,425002.27,100436.74,0
227195.5,36,679449.07,25039.65,0
469706.75,6,350418.37,68967.25,1
438918.42,24,1643082.07,550733.97,0
801694.94,60,1208382.99,357300.86,0
742079.91,12,3627476.93,792298.77,0
432055.11,6,305254.07,9949.78,0
340367.17,48,1603076.85,385484.03,0
323304.1,60,608313.35,378775.28,0
776255.14,12,1811240.11,635806.55,1
61551.68,6,142926.57,33247.62,1
22693.43,36,7287.2,1776.86,1
797588.95,24,1209226.13,1175015.34,0
482374.91,48,1803471.35,436140.95,0
139572.33,12,634203.13,320042.91,1
243210.28,36,937078.94,741757.59,1
933178.91,24,2584502.79,85136.41,0
860907.95,24,4178918.45,564109.71,0
712687.2,36,3297833.62,472533.51,0
487402.98,12,1471392.69,526252.8,0
525120.39,24,1841413.27,61015.17,0
975492.09,48,4766563.74,1820909.63,0
966112.74,6,4771593.4,3545961.0,1
223116.36,48,685944.8,6345.86,0
812993.52,60,423131.12,123533.59,1
205270.24,24,524861.8,319491.26,1
221402.1,6,620223.68,76656.92,1
679332.1,36,1410888.94,87541.71,0
410951.09,6,917302.86,462891.97,0
932228.96,6,3541590.54,3655916.24,0
98119.64,6,322591.44,206915.44,0
516410.38,24,1192371.69,63770.66,0
919336.32,60,2675437.53,1122301.65,0
905072.52,60,2539762.11,1503798.65,0
164963.92,12,817521.71,158279.39,1
372971.32,60,1673701.5,138636.26,0
622930.19,24,1780261.08,250123.5,0
167800.94,12,788447.62,539098.58,1
968341.95,36,2613771.71,1475798.85,1
915601.84,36,3513764.25,556855.87,0
175280.68,36,855943.76,490367.3,0
129943.91,36,372416.13,211120.67,0
94554.4,36,366833.0,292798.79,0
910349.23,48,2308402.89,723095.25,0
201687.57,24,490522.95,339384.39,0
422122.08,12,1481457.84,529108.81,0
454362.85,36,2238839.36,1607952.74,1
603020.93,48,1860903.58,136367.76,0
81017.99,60,387406.1,465221.11,0
234491.03,48,1102171.7,749436.52,0
932175.48,48,2226192.72,1459136.33,0
909326.01,24,2642835.95,645769.12,0
783477.74,36,2939262.71,1403317.63,0
29207.23,48,96768.24,29626.54,0
333736.7,48,612692.14,5057.09,0
631679.15,36,3144462.87,65666.77,0
282438.31,24,1167681.6,50683.33,0
910490.83,48,2760543.67,1311969.7,0
637550.57,12,2335723.84,521759.1,0
81187.65,6,146665.88,16889.84,0
909915.53,60,2942262.63,4268152.28,1
958188.99,6,4558980.29,442471.53,1
86935.29,6,403214.86,217407.55,1
537036.63,24,1439705.5,1029861.87,0
310330.64,48,1042645.01,136652.95,0
398910.69,6,1572044.13,270051.63,1
187854.71,6,505335.26,231974.57,1
582291.38,60,1005662.2,409062.1,1
958399.56,36,3133052.05,1305924.81,0
508041.87,48,1831859.31,812873.78,0
92085.44,48,140010.9,172047.62,1
623801.32,60,194990.4,8398.32,1
346820.76,36,771855.58,469565.15,0
857365.94,48,2330477.53,433480.79,0
440331.37,12,1494343.45,446722.22,0
200911.21,60,507993.99,36287.48,0
199194.57,24,491341.96,175164.1,1
771076.54,36,3502786.9,2253606.93,1
272931.72,60,547958.8,43284.51,0
769561.06,6,2488845.48,548747.82,1
213828.44,48,1033836.24,308547.77,0
328469.51,12,1211246.55,100678.04,0
470832.1,12,1888139.92,1151488.64,1
943763.89,24,2840096.49,1788004.39,0
932414.11,60,1463668.78,978778.73,0
214803.16,12,807972.7,377417.75,0
364636.85,60,1353435.35,549211.96,0
157905.39,48,297888.0,62568.98,0
514885.23,48,1605185.08,841319.84,0
465976.73,12,2191792.05,779512.57,1
901752.56,48,1999904.04,1553167.73,0
930705.32,60,2898072.7,2244683.66,1
389731.72,48,1213570.46,878824.17,1
496820.56,6,2155041.22,620805.55,0
897273.89,60,3935457.23,1158511.89,0
808640.73,36,3361877.72,2293266.33,1
13619.75,48,37850.5,22078.5,0
326858.97,48,572699.16,322709.55,1
427556.5,60,1164317.76,260444.85,0
237419.12,24,921012.68,614019.71,0
207575.9,36,821920.23,380989.99,0
47406.66,36,231226.02,82661.56,0
646936.03,36,1997573.05,1382995.13,1
269885.19,12,1002225.28,316069.59,0
61823.71,6,209407.3,109549.47,1
238669.52,6,483822.49,180332.32,0
803894.81,24,2503496.17,1187133.46,0
852974.29,36,2906017.76,94263.01,0
488235.58,36,122992.15,45370.84,1
421909.96,48,1174127.61,522713.45,0
978075.16,60,4822249.79,1900812.57,0
208559.01,12,708694.0,480443.72,0
223205.69,12,524230.34,130480.5,0
298948.51,24,648965.01,458987.79,1
181029.75,6,361323.11,116624.11,0
385571.94,36,1189591.63,660962.55,1
911725.88,60,1437556.95,2063597.85,0
619194.36,24,1893284.89,303158.96,1
417827.08,12,2072178.48,1261817.46,0
935066.69,12,3595680.94,35464.02,1
57979.59,12,241151.69,186849.68,0
218173.42,36,418133.48,63766.66,0
570229.72,36,1799561.18,1297561.33,0
619397.1,36,1549595.81,639605.0,0
49161.93,48,227587.36,102792.17,0
409008.37,6,873038.04,58760.2,0
652662.43,12,2026886.67,592205.62,0
701089.84,12,2494594.74,311762.2,0
641758.5,48,2117253.59,890824.28,0
327357.59,12,1442289.21,635452.03,1
102584.92,12,236980.0,134541.5,0
432841.32,36,1220988.61,857894.1,0
137466.89,36,587299.11,219969.27,0
948147.42,6,3174634.54,592667.11,0
480419.16,12,1396775.88,372739.88,1
324086.58,24,519526.6,352068.55,1
768641.03,12,3179751.86,2716740.03,1
502969.11,12,2465875.11,1237388.12,0
316933.68,6,1163464.98,12179.97,0
813848.06,24,3660602.53,719438.21,0
868480.63,12,2873858.94,1359699.68,1
676278.08,60,1562799.77,1755190.52,1
56494.78,60,87597.83,34587.09,1
570659.65,24,2161027.57,1141994.24,0
765661.96,60,2469934.35,463529.66,0
145137.98,36,614999.48,138155.91,1
236384.04,36,929317.49,508863.19,0
883670.15,24,4381089.29,1886642.18,0
29920.5,12,98321.58,1147.36,0
755199.87,24,2261908.01,1212975.85,0
479035.56,60,1199308.12,594945.14,0
452304.44,24,1433359.34,1733680.04,1
17025.57,60,4613.29,2758.82,0
821204.25,36,1353787.27,565451.45,0
366226.65,24,1802805.68,295295.65,0
545357.97,48,2714014.94,1214481.23,0
680527.68,60,2444710.51,1164578.95,0
705603.28,48,1877190.29,1381790.36,0
956420.26,36,2181280.32,1295060.02,0
536026.55,12,1322761.5,319499.13,1
405722.36,60,679734.66,64239.26,0
954166.59,12,3017922.4,2059874.66,0
645689.13,36,1098081.5,743241.02,1
305168.85,12,74287.13,10418.62,0
135199.6,60,378795.9,18828.03,0
844128.96,6,1855206.84,2570297.4,1
368559.79,60,1255678.58,725864.42,0
663865.02,60,3258354.13,461757.67,0
476108.26,48,1872514.11,1000988.91,0
206940.48,6,666578.87,148739.74,1
605669.74,6,2555441.8,532793.32,1
70076.24,6,285992.88,74247.85,0
419209.04,60,1937196.04,806487.82,0
551148.79,36,1221533.83,786134.15,0
441686.5,6,1990270.96,793948.94,1
751185.45,24,338329.08,360761.72,1
829645.7,12,202870.11,143465.57,0
773530.64,36,1921239.73,84672.81,0
48424.82,24,229725.89,146490.04,1
202187.48,60,985313.68,812285.45,1
541241.43,60,1087472.97,220580.24,0
935473.82,24,4593877.68,728755.05,0
836607.21,48,1505918.4,1053782.14,1
844109.16,48,1911896.49,1697988.17,0
310176.11,24,204993.43,7545.62,1
435153.42,48,2166015.65,1543645.74,0
475998.89,12,1527942.48,426608.86,1
165797.87,12,568095.3,155502.02,1
40757.45,60,160196.64,82442.05,0
947433.87,48,4632030.2,2450569.81,0
248305.46,6,1053244.69,297702.66,1
247549.41,24,565536.29,64823.55,0
92545.26,12,236959.2,104692.32,0
929222.67,48,1711348.31,855919.45,0
583939.74,48,2193034.32,1509197.74,0
670366.49,12,1429617.59,554051.14,1
912461.12,12,2190743.51,1131643.6,1
352163.97,6,1622911.66,70640.58,1
625292.24,48,1653050.62,1182953.31,1
48411.46,48,168629.87,44142.69,0
194904.8,36,563563.53,285037.41,1
832933.35,60,1465220.97,1073774.45,1
769100.67,6,203935.09,171487.49,1
357136.26,12,1045780.22,533518.46,0
383042.52,12,1775384.41,999339.49,0
538218.89,24,1418517.48,1045056.0,0
10238.59,60,28948.02,18806.79,0
248831.89,12,1055081.72,1546430.92,1
216149.49,48,898392.56,473418.89,0
257978.12,12,1107757.65,130510.18,0
807846.78,48,3908522.34,1470128.7,0
286877.12,48,1229111.03,295967.62,0
199606.11,6,584172.97,201876.45,1
509220.83,12,2227983.62,1180380.15,0
866988.59,6,2844035.74,3818359.28,1
248936.21,60,615370.09,8554.12,0
87750.88,48,224660.66,71338.64,1
362840.69,60,828527.98,213550.98,0
750175.31,12,1505958.44,506522.57,0
555183.64,60,1191266.66,887465.95,0
818625.44,60,1408955.22,796999.87,1
959996.23,12,4425177.53,1159250.57,1
794735.85,6,3781772.27,542393.34,0
607765.05,6,2159812.45,1068637.7,1
498408.17,48,2213786.27,1164586.62,0
49668.4,48,106414.49,41171.57,0
984478.76,12,4583593.69,780167.16,1
389646.31,12,1275026.16,29126.96,0
160705.93,36,278837.24,59260.88,1
670041.77,36,1336461.7,488792.69,0
291445.41,24,173775.41,109538.88,0
589920.49,48,974815.02,665801.64,1
590900.23,60,1526015.69,504115.69,0
451272.52,24,771566.13,491409.88,0
837757.43,24,1948704.72,1548601.07,0
272317.39,6,661688.82,379338.46,0
454146.27,60,2261780.77,1318345.02,0
542315.21,6,1260564.72,917223.7,0
666988.47,36,1558853.82,421693.81,0
786132.13,24,3068872.26,27510.34,0
400859.21,36,1806973.57,1426753.48,1
649586.47,60,114760.88,45029.24,0
159104.84,60,726259.99,456484.96,0
933321.62,48,2511099.09,1632196.61,0
389228.22,12,852236.82,271022.68,1
732226.21,6,1943134.97,841413.27,1
30137.67,48,109482.54,47289.06,0
213135.27,48,593581.95,104573.0,0
492211.72,6,1897539.34,178579.6,1
879469.94,6,2048527.85,890818.4,0
531982.6,60,2103179.98,202146.26,0
930571.78,60,2527464.85,699781.67,0
488958.93,24,1513591.58,225323.33,0
495544.61,36,1710673.51,967442.13,0
128549.32,60,47827.21,33364.6,1
804629.68,48,1879210.95,868818.77,0
254495.76,24,1126349.72,369583.1,0
900616.36,24,3626286.4,2891289.32,0
911715.98,48,2114581.82,35878.76,0
943877.01,60,4636711.78,1128913.51,0
525028.18,48,2009172.31,447921.91,0
680322.85,12,2097771.5,597787.0,1
780730.72,60,1601548.56,295448.22,0
139704.47,36,470283.46,99422.75,0
604947.62,48,1256304.16,258976.66,0
43954.92,60,132006.33,53409.13,0
502590.42,6,1472838.12,460768.9,1
163294.25,12,49685.04,25410.13,1
191093.7,36,415311.8,170909.5,1
371397.09,60,1625437.84,238512.66,0
438112.8,6,1157258.81,749945.35,0
626940.7,60,1914651.94,723271.56,0
83684.13,6,351740.58,43118.19,1
508654.84,36,1876363.31,2617053.32,1
190798.88,12,491896.44,313620.74,0
578235.42,6,1648959.87,927366.04,0
641030.57,24,1647611.29,667648.94,0
561142.16,36,2009840.4,2010130.05,1
740912.56,36,1973928.77,727230.16,0
342253.15,48,1382682.85,704043.9,0
767455.53,12,2708546.31,1905261.5,1
438439.41,24,881251.44,726306.51,1
489342.65,24,1265410.81,1228009.64,0
651621.11,48,1482481.06,50688.89,0
28174.8,6,80751.69,103672.91,1
657454.28,6,2173507.23,1130532.61,0
622399.3,24,2037529.92,261516.1,1
316748.65,12,1311603.22,505271.06,0
94936.34,6,205262.01,114775.13,1
100026.1,36,481391.1,538459.18,0
923991.51,60,2494738.15,1335395.19,1
692386.53,48,1766188.7,1898962.86,1
135831.59,12,529488.52,185930.57,0
363155.94,6,1568582.43,1125922.79,0
596558.16,60,1685068.71,932933.43,1
837215.99,24,3444276.79,993596.79,1
53224.32,48,244463.34,157290.56,0
244266.8,6,1021966.57,603452.63,0
890851.5,24,1442901.22,913857.41,0
19073.89,6,83844.84,107280.5,1
209385.11,48,881654.4,267579.02,0
959433.93,36,3686640.07,1028066.82,0
617267.83,36,2567882.61,1343827.12,0
269054.65,60,1325898.32,138848.08,0
76321.18,24,229642.43,150629.7,0
37909.43,36,65783.53,19489.58,0
252297.63,48,785431.51,396091.22,0
882670.96,24,1467456.18,585883.54,0
421754.52,6,1066986.82,443291.62,0
723130.04,12,2570061.49,1517376.94,0
919102.19,6,2374666.06,1190505.69,0
413960.06,48,1613981.99,323195.36,0
199364.6,60,872609.31,51816.19,0
521946.75,24,1550984.15,1042551.78,0
909002.85,6,4227302.15,2992571.7,0
806330.67,24,1434814.03,188817.55,1
75171.54,36,333791.41,82640.63,0
695647.07,12,3060851.29,691366.44,0
576178.55,48,1513608.74,1135144.27,0
908388.54,6,2312305.89,2716722.87,0
131256.6,12,337044.95,44904.97,1
538695.75,48,2337873.83,340092.47,0
880668.07,48,3884439.46,2268106.1,0
415923.55,60,1103873.0,784208.9,0
487174.97,36,1741195.6,547943.68,0
79756.07,60,158416.79,17245.87,0
285362.2,60,896244.36,419960.03,0
331261.58,24,1654908.31,277938.49,0
945671.22,24,1944240.47,99780.67,0
289840.69,12,1396008.77,989749.42,0
466260.05,36,2044499.74,1424347.81,0
674591.38,48,3307353.75,2582144.1,1
170561.54,36,363044.61,137667.9,0
491577.96,36,1104730.38,259833.64,0
741153.65,12,1155484.58,711578.6,0
868186.66,24,3504397.55,506020.8,0
629996.68,36,2365216.33,460350.71,0
672362.98,36,1427580.6,292006.05,0
135020.64,36,576404.11,438813.87,0
946318.73,6,2410448.18,1407360.26,1
141248.34,36,278610.16,29798.98,0
776926.21,36,2314439.35,171908.92,1
272168.16,48,494909.08,333693.38,1
934257.21,60,2262166.31,1451902.36,1
722759.94,6,2023486.98,1086199.03,1
756275.58,36,3389267.62,531710.07,0
226868.58,60,969618.3,372553.37,0
448609.58,36,1368097.72,659670.39,0
621635.06,12,2508927.0,1870932.01,0
772273.88,12,2695447.23,365338.2,1
112919.78,60,304086.93,125392.51,1
962741.66,6,3890015.64,490925.07,1
891318.46,48,3469231.64,1231852.94,0
277645.1,6,1018077.53,163002.34,0
824532.64,6,3020134.7,2020315.99,1
523140.68,12,2035245.84,414760.76,1
467188.42,12,1329575.87,1282600.41,0
321289.76,48,1459222.7,476042.4,0
585158.9,36,1210153.93,838680.2,1
732590.23,48,3365225.84,2040127.69,1
416823.58,36,1124584.37,51798.8,0
632927.0,60,1226366.1,1693837.65,1
702319.79,60,2528418.6,1114925.89,0
714010.6,24,2010620.54,687984.53,0
61446.44,12,267553.1,354534.82,1
861150.33,24,2590124.16,1642389.31,0
463670.78,24,1780481.35,183226.02,0
269791.92,12,695767.18,542173.47,1
249346.86,24,556812.31,10736.46,1
488183.97,6,1395313.56,131975.15,1
887963.22,36,3217825.47,801410.13,0
384564.11,48,1461079.65,595125.91,0
752228.49,12,2650645.08,2318450.62,0
105850.54,6,524827.62,309108.84,1
481296.14,60,1886110.85,539490.93,0
991769.28,48,329126.97,10147.2,1
772733.42,48,1478058.35,1037859.43,1
218423.2,48,374553.25,282822.36,1
506427.06,24,227724.78,112689.81,1
241288.52,24,477283.48,503615.59,1
415465.32,24,1387878.46,134470.48,0
782283.18,24,2594390.84,557939.9,0
773512.57,6,92825.98,24151.96,1
235819.37,24,968816.15,744634.55,1
923001.08,12,4522385.89,6138831.78,1
596642.5,48,2728986.36,16185.2,0
386125.05,6,739153.52,224812.55,1
506916.22,60,1360967.61,8438.65,0
609020.54,24,1458835.98,277535.66,0
564291.63,60,1195655.39,1552787.55,1
491540.99,48,1674452.6,433205.07,0
509883.48,6,1752176.55,45884.9,0
184647.79,48,423832.58,39445.5,0
814605.58,60,3251612.52,1433015.71,0
546342.72,6,2220992.45,1235946.59,1
139769.06,36,219916.83,71173.71,1
768495.53,6,2217226.39,2663562.54,0
933119.54,24,4306806.0,562754.45,0
947833.83,60,3147865.27,3491110.31,1
375327.56,48,1019651.37,684760.11,1
144161.7,48,344238.9,93416.34,0
523215.63,48,1230467.55,425493.63,0
121483.14,12,224645.18,170295.71,1
934647.54,12,4075336.63,1382720.4,1
191743.83,24,345771.82,965.42,1
260238.2,36,157405.31,118113.41,0
412570.16,12,684810.8,7734.87,0
389332.82,6,1648767.26,873564.75,1
796716.26,60,1304617.21,336999.23,0
461753.65,24,1190887.54,448145.99,0
179060.58,36,627883.23,274904.94,0
274537.8,6,805346.96,263161.65,0
514022.25,48,1278861.01,1779100.21,1
155979.38,12,384202.44,286063.74,1
615539.12,6,2642057.68,2682902.22,1
570089.83,36,2798527.27,1791623.61,0
717555.29,24,1950418.42,200770.05,0
938327.57,6,1536050.96,98647.88,0
913132.02,24,1486560.87,1136721.31,1
946614.86,48,3935311.74,1540431.44,0
252268.44,36,866111.82,105737.21,0
140249.65,36,595019.56,271308.5,0
309253.93,12,1218843.82,256675.97,0
896134.32,60,4190568.03,1556574.82,0
972332.94,36,4473105.89,2235334.81,0
860731.7,6,3665981.88,2549381.95,0
118917.54,6,376155.45,927.27,0
947953.72,6,2444244.09,418729.64,0
429124.45,48,1405208.24,108224.13,0
19217.19,36,62595.2,67547.94,1
447969.8,36,1628802.25,1232387.5,0
55608.48,6,119632.83,89589.0,1
548439.14,12,2081145.32,1247535.2,0
345168.49,12,1069367.62,550136.64,0
478700.58,36,1757174.31,1192025.51,0
617038.66,36,1443017.03,67427.84,0
870113.08,24,2628074.0,2938977.5,1
665282.56,36,1487375.05,377332.68,0
439708.38,6,2006639.11,1336409.41,0
821233.58,60,2634405.36,995241.55,0
906526.32,48,2073619.99,2958751.7,1
128562.37,36,211386.16,38770.83,1
536613.65,36,2074057.54,1075834.36,0
291666.84,6,656616.87,466377.71,0
56590.59,24,280889.53,74045.68,0
671861.23,60,2262795.91,1120873.13,0
864143.07,36,2170225.75,576323.35,0
171273.63,12,651160.25,412949.74,0
814289.52,12,2005814.73,762144.99,0
854861.78,12,3736566.67,1014758.91,0
915197.04,48,2360134.09,793097.3,0
272632.24,48,1351947.04,98667.82,0
904913.53,60,3273983.26,2268522.45,1
327456.13,36,1458960.82,1118228.17,1
556814.63,36,977128.46,373195.99,1
60002.4,36,163149.4,28888.83,0
53442.28,48,218108.89,115973.94,0
723169.48,60,2742769.63,992622.55,0
450035.18,36,981009.6,198007.04,0
263729.45,6,724388.39,22272.42,0
198509.36,24,480799.98,519029.66,0
673253.96,12,2455219.58,1564926.22,1
10397.53,12,28135.6,18659.67,0
807832.26,6,2085572.34,2844120.95,1
88457.11,36,196889.86,262902.41,1
199574.72,60,585072.24,272047.01,0
392374.03,60,857046.53,935431.09,0
490010.15,48,2385856.26,1608529.19,1
361445.16,36,737621.5,589364.03,0
327505.04,60,1538149.2,1106584.29,0
964276.85,36,2892498.69,3428324.06,0
645163.88,12,1820995.03,1088966.64,0
33198.63,12,76676.2,39886.89,0
435874.15,48,1623695.36,1108811.82,1
876258.61,12,3416837.3,1347822.72,0
308441.62,36,967426.64,140647.98,1
103610.78,6,175617.59,107906.43,0
760800.92,48,3587013.17,2638625.18,0
609953.69,6,3007774.34,821368.53,1
574609.38,36,1728799.63,1082896.99,0
63040.79,48,229961.0,50356.44,0
149094.02,6,458619.94,345836.22,0
626323.9,48,1645089.06,899483.36,1
215745.6,36,382002.56,173971.91,1
509029.38,60,1576075.63,983307.48,0
549432.87,48,2397915.12,1560047.46,0
290672.12,60,453335.18,323634.13,0
948940.9,36,3356761.61,2419874.76,0
844039.47,48,3867981.69,163045.72,0
725149.77,48,1639870.37,161242.04,0
87213.93,60,186759.52,123419.79,1
115068.72,12,483630.17,366031.3,1
497853.53,60,1191265.18,293215.01,0
169106.22,60,367289.4,2527.49,0
978482.81,60,2762220.16,713106.22,0
166935.03,36,479730.72,146937.35,0
492593.16,24,2245906.46,1367367.8,0
370479.85,60,1357642.73,51682.38,0
642992.56,48,1878094.53,319486.77,0
137746.04,6,464253.45,332022.4,0
436013.26,12,2109815.11,261313.95,0
281957.98,60,534663.21,518672.02,1
888874.01,60,1979526.27,572178.77,0
50179.86,12,244318.24,129519.98,0
914590.22,60,4436345.13,262086.86,0
834664.2,48,1769554.02,405663.81,0
304595.01,24,611590.49,207837.89,0
791397.75,60,2353457.02,1613930.46,0
40901.42,12,68469.55,30865.85,1
967196.89,60,286430.15,10363.11,0
531328.99,36,941109.08,882026.27,1
310248.22,48,528384.89,23046.66,0
368957.38,48,1179982.62,882029.04,0
75741.3,24,367515.97,62247.63,0
989456.02,36,2962219.36,1156275.42,0
48899.03,36,134359.09,7769.28,0
658358.05,24,3287082.01,1477115.74,0
448308.57,6,1507164.71,1443805.99,1
949427.06,60,2671065.8,876640.66,0
253539.74,36,722718.29,20567.36,0
536765.96,6,1171415.61,823679.84,0
487532.65,6,1605338.1,1030802.49,0
705837.78,48,2142918.28,1085225.28,1
77330.13,60,189287.42,86652.75,0
201851.24,48,416195.11,231386.65,0
222419.17,12,575917.97,66341.15,0
740769.25,48,2430013.26,1813070.31,0
197247.31,36,336142.25,76552.58,1
577756.85,36,450168.77,236425.13,1
223091.38,60,1074586.66,1221048.9,1
863008.7,6,2934224.17,3876708.79,1
942763.6,36,1623507.33,1141588.17,0
523308.05,48,2054406.49,486337.52,0
358785.8,48,615787.67,368954.45,1
241717.2,60,987670.93,472810.77,0
59283.19,48,244535.42,14879.56,0
275815.08,24,1042243.52,345320.03,0
657693.42,60,2672021.52,1791219.71,1
538280.76,60,388887.03,98107.61,0
944600.87,36,3819712.7,1473687.58,0
402314.49,60,795942.66,311142.63,0
696924.71,12,1873522.26,926284.19,1
494429.52,36,137285.15,97090.02,1
517450.45,36,1686921.67,234197.63,0
275096.57,24,1344119.78,542612.43,0
460401.27,36,833891.95,283034.44,0
476077.15,6,1509853.97,357436.9,1
709576.1,48,1219341.33,897053.01,0
941233.6,48,3487963.16,22800.38,0
336028.06,60,596609.25,58279.08,0
51778.46,24,109448.65,64210.85,1
501332.17,48,353526.82,74506.94,1
549016.72,6,2262280.21,1308827.3,0
176756.15,24,366568.82,244062.58,0
762859.96,12,3404805.87,693534.49,1
985079.82,48,1932395.41,296729.81,0
946316.97,36,1536208.93,178569.7,1
205134.98,6,591334.19,861419.11,1
876609.61,6,4319972.26,923386.78,0
707448.7,48,1334388.18,927399.59,1
459308.1,60,852482.52,525132.24,1
545204.88,12,2251196.09,3321.54,0
851104.17,36,2206543.67,1543025.65,0
485333.59,12,1946423.4,122721.68,1
379475.3,12,834859.72,437643.9,1
498315.02,48,1549885.28,187814.81,0
583338.51,36,1416646.07,70578.23,0
197186.88,48,607404.36,369190.43,0
901898.65,48,3780614.68,1413051.96,0
677445.08,60,2822937.22,1352892.69,0
636936.23,6,2105203.54,716363.74,1
108501.26,60,515305.19,510841.51,1
608132.2,60,1473652.92,871952.38,0
129751.06,48,303758.87,199351.14,0
87910.7,60,320726.58,10627.74,0
532037.79,60,1954993.94,587619.87,0
408757.68,24,679719.12,303054.96,1
592922.17,36,2150660.34,1041235.19,0
98329.95,6,276358.94,127822.19,1
436673.23,36,1797368.34,996375.67,0
183038.85,6,792259.84,612775.72,0
987229.09,24,3388701.73,1058864.98,1
565538.71,48,851682.98,379253.45,1
690562.49,6,2573919.99,1439497.97,0
332164.1,6,1368876.32,648763.95,0
103791.53,6,246135.53,76154.54,0
976112.15,24,3051581.35,1523542.97,0
293396.45,36,1431787.35,744657.17,0
429570.1,24,1092570.5,511295.44,0
653365.28,6,1490349.97,244549.33,0
34450.32,60,77099.53,31208.74,0
812156.54,6,2806652.94,1985666.11,0
541212.41,60,2610946.6,1814298.5,0
285435.02,48,1036247.71,622401.81,0
70991.91,24,181855.07,101430.83,1
170873.43,60,638211.27,78259.58,0
896083.52,24,3303813.38,1214388.4,1
689163.98,12,2473573.53,219556.98,0
257402.7,36,529732.63,346353.79,1
74944.76,12,278868.24,64930.17,0
693709.16,60,2084995.31,2217940.51,1
576683.65,12,190502.59,124143.51,0
410474.33,36,1391169.63,993290.77,1
369975.33,60,1835978.01,1107212.36,0
224646.13,48,611955.95,276471.42,0
672915.14,48,3283460.67,1571293.31,0
970961.35,36,1783384.22,457377.1,0
183958.09,36,747527.57,105847.63,0
601145.45,60,1142269.52,119377.4,0
429943.21,24,1056585.66,153858.75,0
452221.83,60,177342.63,132503.59,0
261605.81,24,935169.86,123018.42,0
826883.53,24,3483858.44,2017119.04,1
490403.05,24,1791731.64,264643.84,0
547971.79,60,1960452.08,1529607.09,0
311713.3,6,1462944.02,429034.12,1
189990.38,6,585657.25,193096.55,1
95051.28,48,217518.22,70390.91,0
716977.95,6,1481462.89,967643.19,0
204271.94,6,592384.76,103449.58,1
693174.6,24,2768979.27,1840872.21,0
396472.68,24,653744.67,343638.98,1
421617.05,36,300032.08,52872.89,0
474485.72,24,887951.21,46462.97,1
374031.42,60,1327203.94,822858.52,1
109613.78,36,257595.26,268666.04,1
316535.49,36,658997.77,468714.45,0
667097.02,6,2384670.06,247596.05,0
669126.56,24,2786634.24,1374066.08,1
293362.06,6,781088.87,432516.02,1
465501.6,24,1640295.49,863061.04,0
201512.76,6,371475.76,93917.93,1
218268.36,6,1041831.68,729718.51,1
32816.62,6,87920.21,112832.71,1
897779.08,60,4481057.72,4078897.71,1
218599.6,48,1076615.52,519611.71,0
235258.54,6,994174.85,450457.62,0
286805.42,12,450351.86,341077.97,0
136133.99,12,463149.92,332138.98,0
642870.25,12,1159691.3,994135.17,0
84391.52,60,390984.49,82188.0,0
142860.4,36,609117.73,478249.06,0
648309.16,6,3178783.84,601580.27,0
346264.01,12,123154.38,93940.12,0
710868.35,60,2365488.94,1229588.16,0
561850.5,36,1863325.77,74696.17,0
263460.96,12,751540.65,201850.11,1
654319.67,24,2054835.46,782734.62,0
125110.94,48,465906.14,310514.47,0
541046.28,6,2578256.83,677742.07,1
442776.62,48,1587617.72,394463.71,0
275194.85,48,1238350.9,911687.07,0
607964.95,24,2747837.23,173738.81,0
872620.26,24,2893534.06,1276676.34,0
998915.65,24,2713198.49,1094480.98,1
611685.14,36,2286790.13,104890.05,0
410658.82,12,1256850.35,88240.17,1
232955.03,6,415834.75,436726.74,1
264525.13,24,746577.7,80129.42,0
484660.43,60,2413246.65,922964.34,1
373604.92,6,623842.34,303880.53,0
914676.38,6,3602301.26,1992495.32,0
374612.51,6,122082.96,53371.75,1
379710.15,24,1431712.56,434851.21,0
389699.17,24,1361655.2,141349.21,0
838254.01,12,3333267.16,659948.0,1
654280.44,24,1964607.6,659199.21,0
618027.16,24,1124664.86,831455.27,0
340801.59,6,1659124.77,1674314.54,0
819725.14,12,2469875.04,816726.88,0
47980.22,48,183709.66,107625.77,0
872089.2,24,2929859.13,1652917.18,0
517622.4,60,875483.62,676288.4,0
404267.73,24,1954478.06,298489.92,0
502195.61,48,2146323.92,28365.15,0
670741.38,6,1356133.52,349690.7,1
22637.77,12,111734.85,13380.71,1
872836.34,6,3560434.55,3871329.05,1
452272.13,36,1426070.91,1025378.13,0
349536.85,24,1272242.55,700473.17,0
146863.11,60,275159.55,29893.08,0
445070.72,36,1540585.72,143077.31,0
501359.54,24,881296.69,642606.16,1
409610.23,36,1395539.35,544382.65,1
681873.49,48,2341850.12,1730482.97,1
426687.56,24,1945923.87,1146098.9,0
961803.4,60,3883474.79,3086114.96,1
603284.74,24,1431856.14,997978.23,1
809403.16,36,3730936.98,1236319.67,0
118262.34,12,414669.08,251530.91,0
403318.38,36,1460951.53,550753.21,0
343479.22,24,718364.39,133944.67,0
573787.56,24,2583310.71,498122.77,0
862502.38,12,4104112.27,4654340.58,1
87554.84,6,368821.9,32888.95,1
81849.05,12,392272.51,55786.26,0
851814.53,6,2178983.87,872654.6,0
220721.59,60,996318.96,760328.84,0
672065.72,24,2158087.71,997358.24,0
547449.35,48,1135251.31,370997.18,1
834564.66,48,3205397.7,622360.84,0
133838.02,36,521221.59,81686.39,0
138485.14,12,346799.45,182668.16,0
561250.18,12,895882.5,607999.84,1
946914.87,48,2082706.5,664559.86,0
420847.78,6,1220130.9,537500.89,1
333672.68,12,696198.1,393617.46,0
610622.43,6,1330610.28,62054.95,0
931144.11,6,2672260.06,750150.53,0
838558.55,6,4080638.19,2382286.01,0
995528.77,6,4156185.58,2276322.98,1
32342.9,36,84709.92,3615.27,0
121729.56,36,588028.55,564962.22,0
613373.09,48,2306137.92,1254460.09,0
822370.67,36,507164.12,110121.98,1
292391.9,60,917833.0,597994.11,0
246818.98,12,725056.83,17114.16,1
789106.04,60,1827153.09,278234.53,0
65818.04,36,187792.87,42262.86,0
375688.82,12,1257669.92,930967.35,1
510751.13,12,1710043.68,1089392.16,0
564745.19,6,2352773.17,1664154.27,1
731329.01,48,2015391.0,710190.17,0
361297.27,6,1448366.0,953096.77,1
616557.5,6,2172330.26,1483255.93,0
589521.67,60,2868882.99,917943.46,0
552139.94,36,1572769.1,1251247.09,1
644078.46,60,2997707.08,2041411.25,1
266854.68,36,1166755.09,909226.08,0
93802.27,60,350053.66,242656.39,0
128078.96,12,485521.8,301491.03,0
232336.56,36,118661.76,89598.54,1
505195.96,36,2437967.65,818804.59,0
842038.32,60,1578212.4,989013.23,1
704280.41,24,2444780.26,416377.77,0
791150.2,12,2100699.83,1231503.94,0
357465.87,12,1073999.74,674775.38,0
410607.2,24,178914.22,102557.12,1
399745.07,60,1871198.61,1272135.22,1
199954.45,60,620155.71,205065.87,0
70604.49,12,349990.23,152530.82,0
595006.93,60,2127055.9,18152.14,0
989324.52,48,2039926.61,238350.19,0
175161.41,48,379230.15,195438.21,0
56217.97,24,225231.04,101321.03,1
781736.37,36,1310496.82,206882.91,1
260060.15,48,827302.18,161135.16,0
831347.37,60,1678296.54,1511487.73,1
706897.3,24,2132189.74,1222025.68,0
946216.8,48,3902870.82,1903716.11,0
414837.96,6,1288422.51,71709.75,0
665350.14,24,1378657.97,838156.93,0
470206.23,12,1119908.42,235323.72,1
634282.81,48,1767358.37,949792.07,0
455102.92,12,793455.62,78306.35,1
196745.92,24,697500.04,556840.1,0
512818.44,48,1859668.52,119517.43,0
533298.36,12,54323.25,32234.72,1
812497.81,36,2362816.45,1023251.42,0
738165.5,36,2176851.82,149661.51,0
667153.71,6,1780211.94,38182.64,0
122253.22,60,422029.01,122444.36,0
723410.13,24,1961057.23,1258565.63,0
505302.1,60,1494396.84,49197.03,0
895158.54,60,3841422.86,2164714.5,0
920672.22,12,1903381.86,997945.05,1
64605.02,6,236900.24,50324.75,0
822435.14,24,2689017.82,166701.97,0
47320.42,36,24537.38,28948.79,1
373497.93,60,1511311.3,1726275.52,1
546876.98,12,1875328.26,167104.1,0
156619.79,60,496604.6,270755.61,0
748850.67,48,2873222.15,498058.64,0
18271.16,36,78712.45,29950.45,0
176913.06,60,867641.93,34987.17,0
584988.86,48,2166053.63,1720685.19,0
717243.69,48,3271018.5,1171341.59,0
917476.67,12,1379720.13,1102793.72,1
708441.69,12,2377406.28,733524.7,1
675061.48,48,1519743.24,422917.26,0
400397.73,6,732597.16,536010.47,1
11271.58,60,37893.91,9987.8,0
128957.67,48,530518.03,183349.39,0
539209.0,48,1586867.19,99160.71,0
678378.59,12,2608620.8,1993951.25,1
423273.8,60,1360409.35,92672.44,0
733372.22,24,2221971.54,1370840.78,1
526643.67,36,1324981.88,1537877.51,0
83434.43,12,236876.8,11636.36,0
200096.09,60,545118.72,743.03,0
841598.24,60,3165802.35,2369422.33,0
727663.62,6,1386974.0,823500.17,0
895814.37,36,1634169.02,897402.27,1
126381.68,12,481519.95,168938.97,1
990320.31,12,3379015.72,645023.79,0
217312.65,24,653176.71,678571.44,0
21662.08,6,44050.92,21436.98,0
997448.71,6,2931097.68,1703183.94,1
288263.15,60,1229171.71,359697.45,0
671339.26,60,3097340.71,2445471.31,0
184915.49,12,732083.75,39244.76,1
584426.25,24,999189.24,63709.6,1
904994.64,12,3481002.35,2553317.58,0
326979.36,48,766259.64,397049.04,1
673551.44,60,1753509.91,457784.02,0
196024.55,48,428422.68,261150.27,1
628547.44,24,2649418.77,959669.05,0
343085.85,12,1293470.51,21856.04,0
219096.18,60,797821.8,415571.76,0
320050.23,24,229191.89,44575.43,0
187052.66,12,435590.07,40191.07,0
902896.95,12,2759483.72,497310.14,0
403215.02,48,1498503.47,570819.39,0
252826.51,36,942557.23,37594.03,0
453923.76,6,1938926.95,1369894.37,1
327330.81,60,819919.12,367269.99,0
746975.06,6,3134439.14,734702.96,0
971507.71,24,2954010.72,1623535.75,0
443653.32,6,1706115.17,1097696.07,1
862423.07,48,2669214.78,1310957.35,0
570204.44,36,2748462.72,445239.27,0
165663.31,60,352458.29,31097.65,0
693716.51,12,2679492.37,1843275.74,0
518300.15,12,1823313.85,1960291.63,1
654100.46,48,1376592.78,22116.26,0
890790.54,60,1541978.18,793072.82,0
446030.22,6,1916594.25,234415.32,0
902165.85,12,1850414.03,1466963.57,1
753162.32,6,1621387.8,1128136.77,0
493718.88,48,2431328.39,1183465.09,0
607189.91,12,2435082.3,1624425.17,0
332325.32,24,789838.9,297317.92,0
983761.33,36,3510376.57,2214306.91,0
670677.65,6,2259775.53,1168816.56,0
53408.38,60,237969.39,5453.24,0
333355.69,6,1350964.81,1025390.58,1
627081.29,6,2766070.58,1905091.45,1
65769.95,6,26874.39,20497.79,0
33645.35,48,125859.42,111187.11,1
455524.0,48,747443.37,246393.76,0
339363.28,60,590930.61,97851.12,0
443915.62,48,1774483.71,255520.47,0
270066.38,60,428182.24,49640.45,0
173070.57,60,610796.77,827314.19,1
692251.92,48,3074580.03,1354379.59,0
519425.41,12,1469868.12,804012.06,0
208152.67,48,344896.8,423132.61,1
326393.53,12,1305073.46,572924.08,0
595889.83,24,2832802.2,773361.03,0
81507.05,48,326851.41,182124.21,0
155978.48,24,549756.35,434741.26,0
82513.15,48,190201.14,275020.91,1
814194.16,24,1265106.84,59743.99,1
754885.14,36,2967719.49,1133039.59,0
755779.8,24,1744786.91,1075329.61,1
719162.09,12,3238796.36,3379293.8,0
672691.57,6,2107054.59,1603153.38,1
482222.0,60,1618927.53,70937.1,0
645855.38,24,2673051.98,622619.12,0
47977.94,6,202851.07,35818.32,1
625249.78,36,2344235.19,1439589.58,1
780098.93,36,503747.91,211087.73,1
505354.78,12,2495464.41,276186.44,1
363938.2,12,1752034.54,400295.41,0
284652.47,24,1248094.95,1717522.0,1
646374.03,48,2565903.41,2044776.6,1
695873.19,36,2659377.17,775032.62,0
872257.92,6,1625126.08,203889.74,1
348910.74,48,854899.43,339953.51,0
772074.58,36,1173482.93,291198.74,1
565742.27,24,1120698.41,507422.5,1
884008.13,36,2685000.7,1002493.99,1
532533.99,12,1071925.91,591265.69,1
522453.53,6,2432450.61,1779173.59,1
582098.31,6,2514633.93,403376.15,0
751822.2,12,1316171.29,864650.91,0
965043.57,48,2288309.39,1737770.92,0
82827.72,12,361688.08,108104.13,1
62900.26,6,271141.73,24654.96,0
938174.83,24,4511754.93,2966609.42,0
534576.87,48,2668296.17,1496585.01,1
618753.98,60,3042379.43,3485607.63,1
487599.37,36,1431339.64,509812.94,0
102720.88,60,244080.17,352837.34,1
770408.48,24,3200612.47,434909.69,0
749752.4,60,1909960.59,2596427.47,1
318586.29,48,1377057.78,760006.72,0
313176.85,6,1055043.19,748765.51,0
839462.97,6,3591848.37,1630046.78,1
81633.69,24,201274.36,92475.59,0
882294.1,60,2892244.41,1433135.69,0
264095.07,48,917488.27,200954.34,0
597054.9,36,2866387.88,1739566.89,0
936634.24,60,2278916.83,1207824.57,0
681341.28,60,3255727.19,2185623.38,1
420285.51,36,1814375.15,1115602.68,1
692638.87,12,2810818.02,1435928.27,1
350539.84,24,1491212.58,191939.52,0
284485.83,48,1029550.71,1356819.01,1
996716.45,24,2346549.64,689345.29,0
753282.33,36,1629524.74,1257078.7,0
648272.78,48,2938098.67,944588.86,0
361736.75,6,1460688.62,170536.32,1
58669.22,6,131783.68,93285.95,1
40746.31,48,148839.21,94668.73,1
558639.44,24,1713019.07,1077552.11,1
764412.39,24,1571091.51,112377.98,1
542005.4,6,1821951.09,1281603.88,0
842377.22,6,2093574.28,998887.23,1
43092.27,36,79154.23,29784.52,0
373084.56,48,1169379.1,1629910.02,1
244699.69,24,872447.36,464868.82,0
452800.24,36,753537.68,80194.99,1
81652.63,24,237390.7,98666.64,1
954590.33,6,2292751.01,1167682.66,1
231022.85,48,371317.73,266918.24,0
923084.7,12,1790617.17,400946.55,1
431634.22,48,857492.98,544839.99,0
985668.89,60,2109390.44,1349694.15,1
558517.8,12,2408229.06,246697.99,0
931524.54,36,2830177.92,39018.38,1
15295.5,12,30817.39,14334.02,0
750756.42,12,1389679.7,877698.23,1
904020.15,36,2298734.85,1019591.57,0
148323.36,48,636760.24,775345.82,1
105164.59,36,291895.83,393350.22,1
430326.88,60,886318.78,463220.23,0
934342.12,6,2723052.87,61332.79,0
546962.69,6,1883515.5,133500.87,0
532181.9,12,853377.43,494979.13,0
149714.86,36,553457.86,337761.29,0
10781.62,36,31081.82,13481.5,1
812038.69,36,595331.88,281075.29,1
96698.82,60,373123.31,183387.37,0
637511.32,60,2545810.12,213830.37,0
915470.29,48,3388099.94,4966334.53,1
216565.39,24,584023.96,223550.34,0
668620.11,24,2242295.76,1080827.77,0
87911.59,24,250992.16,273567.21,1
607717.59,48,2401806.91,1466063.42,0
172292.4,36,610351.11,155550.79,0
738594.02,24,1319348.21,394248.95,0
308218.98,36,1156076.21,362181.39,0
468757.1,12,1830653.25,1116634.19,1
603436.24,24,1688087.32,582204.6,0
179560.68,12,819739.44,116124.14,0
744221.44,48,3312194.91,2604818.64,0
309613.94,6,654239.9,258232.08,0
665748.14,60,3105669.86,271430.78,0
166700.22,48,507277.65,272012.4,1
691236.48,48,261391.27,154568.47,1
136906.19,48,100013.76,40023.33,0
431102.93,24,1408798.45,728582.34,1
254734.01,12,737927.95,101937.29,1
750891.5,60,3532253.53,1039676.12,0
269414.65,24,621805.63,80500.75,0
882900.13,6,2118426.4,656263.51,1
892902.01,60,2469473.28,1111856.68,0
204476.9,48,921808.49,326349.27,0
617707.49,36,2956199.13,1402928.96,0
96840.47,6,219850.82,88249.73,0
397621.73,12,1798659.99,2471781.21,1
716188.51,6,1721509.74,197513.63,0
662829.01,24,3246035.63,656148.09,0
628453.66,36,2256731.61,362364.75,0
289715.46,24,441758.9,250008.08,0
384244.7,60,622266.87,408190.56,0
111916.68,48,225645.95,130042.22,1
721832.59,48,1556636.35,801647.98,0
508849.91,6,2130385.09,524673.55,1
711677.98,48,1622398.46,922801.5,0
256454.09,48,1254572.3,607296.76,0
331193.85,60,1234158.18,46299.07,0
340873.18,12,1337522.03,971160.96,0
35484.99,12,80279.74,5134.94,1
347637.39,24,1607639.41,646538.43,0
805271.53,24,3090109.51,1268351.89,0
898325.51,12,4065299.95,2722148.23,1
523036.13,6,2535513.8,1852076.2,0
460946.68,12,894118.29,672145.05,0
40516.37,24,74471.33,33939.39,1
880412.29,36,3796273.87,2062264.22,0
22880.11,48,103679.87,125164.27,1
945302.58,60,3349362.99,1307366.26,0
494324.09,36,1374716.24,987438.55,0
348515.15,36,1318852.33,480797.8,1
924976.25,48,2377026.4,132341.3,0
34147.08,12,79711.23,12794.68,1
585610.65,6,1878936.59,645613.02,0
553443.2,36,1248865.83,237312.79,1
227127.2,6,725208.66,227595.18,0
434598.56,60,2106987.17,561237.12,0
655741.37,60,2910996.02,742720.96,0
729859.88,60,3500195.02,255275.13,0
10709.69,24,46288.9,32687.91,0
937484.9,36,2570235.11,1424334.35,0
172880.12,60,750672.85,374364.7,0
241244.63,24,104504.3,50702.93,0
270838.71,60,1303986.89,413626.96,0
47441.94,12,184605.72,121590.97,0
131821.6,36,295251.81,219676.79,0
986486.42,24,1616902.58,1308999.87,0
322064.57,60,649024.78,41121.42,1
124148.08,24,605769.91,327103.94,1
115921.35,60,361366.13,68245.21,0
722265.37,12,3244741.82,2366597.87,0
856022.98,6,2677344.16,1429515.58,0
264382.78,60,1008054.93,297006.25,0
30700.42,6,48644.59,16160.99,0
230859.12,36,548181.28,302983.08,0
65950.53,12,199628.46,170579.09,1
112360.99,36,416545.64,480999.28,0
437193.04,6,918247.1,3505.28,0
237619.19,12,992281.13,777112.47,1
520786.42,48,1445399.21,193851.72,0
260958.82,12,1138047.53,675646.4,1
941131.93,12,1734404.33,55396.47,1
906884.53,48,3517939.36,1214192.56,0
571138.04,24,1443065.45,727667.12,0
360879.75,24,1545951.51,86854.6,0
387335.41,24,1126215.08,399395.09,0
417733.76,6,1599387.15,387865.97,1
730303.53,12,3483597.82,1388544.29,1
457122.61,60,718685.06,290105.29,0
858162.65,48,1320634.0,829602.85,0
944653.84,60,3963746.15,391632.48,0
342586.69,6,1288939.83,85296.47,1
565087.54,48,1427088.47,1977732.95,1
104105.97,60,336302.72,292203.25,1
208464.36,6,343293.86,234887.02,0
419331.11,6,71967.39,32240.98,0
214140.69,6,639367.85,454602.72,1
877794.89,48,3879112.08,2499214.46,0
166703.39,60,529922.59,117829.12,0
461104.21,60,1637966.08,222902.65,0
609642.25,36,2778833.67,669491.06,0
694945.27,6,1793560.76,325879.77,1
389238.68,24,1538445.5,766415.14,0
870408.08,12,3930619.62,1839212.74,0
572635.96,36,1265041.57,605638.53,1
445112.7,36,1223024.41,185218.28,0
76568.23,48,377430.5,239098.52,0
470042.57,36,2322604.89,805713.65,0
822528.48,60,1876438.13,1994835.46,1
618395.61,48,1071407.77,854522.13,0
833840.83,48,2041430.5,460990.59,0
499071.55,24,1443345.79,455101.94,0
127277.09,6,387370.32,209633.42,1
23503.45,36,86159.47,60684.74,0
310187.35,6,1441831.35,146237.46,1
701010.57,6,1862036.92,1824561.01,1
792357.3,6,3545756.03,2604798.97,0
302795.31,48,553260.39,187189.95,0
500697.38,6,824429.0,189108.79,1
426907.72,36,1393494.31,755538.29,0
416417.56,48,711581.73,140081.21,0
239035.23,36,686918.96,211180.73,0
145007.39,48,672649.17,482646.43,0
204721.67,12,480111.34,226740.28,0
64779.06,12,257232.15,19544.97,0
206149.43,12,527387.73,139102.75,1
19108.89,12,31667.64,15891.21,1
630985.82,48,2175902.25,838153.43,0
323211.65,6,1429237.78,755025.52,0
973413.26,24,2855156.95,1739227.8,0
201779.88,60,738620.98,283993.93,0
352370.28,24,1638550.9,1293736.46,0
364262.75,12,1553191.16,1136530.7,0
18366.98,6,40013.7,50523.45,1
840815.87,36,3419466.86,728841.96,0
41674.52,6,135718.31,32631.41,1
940778.04,36,202303.81,282015.19,1
893153.61,24,2885604.64,720285.02,0
540166.7,6,1052165.64,357585.34,0
548159.62,6,1915644.14,79002.66,0
657240.14,60,2117935.96,215691.0,0
393179.51,24,1302496.01,100287.9,0
650750.06,6,2977935.48,110343.09,1
54320.7,36,251609.66,291921.29,0
63507.15,6,196070.7,52359.2,1
462658.12,36,1431955.63,1805386.76,1
554126.08,12,1830363.97,150471.35,0
888939.46,6,2950001.13,2185444.23,1
113614.03,36,548341.64,37965.25,0
824421.45,24,3110461.04,1540841.15,1
217946.86,12,538568.37,106735.78,0
400142.81,6,1344631.41,889399.07,1
323436.41,60,1195188.92,58779.23,0
406153.72,36,1518690.41,1157252.0,1
158990.54,60,564160.41,581418.8,1
508534.37,6,1079148.86,208157.69,1
803626.16,36,1299926.52,482724.83,0
447118.67,6,1199373.78,725436.8,1
495707.44,12,1485301.85,1130151.58,0
850279.91,12,1459348.03,499730.3,1
708997.53,6,212842.95,128950.49,0
495549.86,6,1340101.13,779577.09,1
265118.69,48,1245451.94,569090.73,0
886077.48,6,1807983.84,999336.56,1
581250.2,6,987702.39,30078.84,0
228936.13,60,729872.73,257836.24,0
276428.56,60,597625.47,375720.29,1
805101.76,12,3849108.96,1460263.09,1
53704.11,60,82492.84,57646.3,0
992171.27,6,2921119.76,1948124.86,1
139048.16,24,659591.24,455617.15,0
798107.84,6,2270986.91,3003306.96,1
400827.56,48,731864.02,142942.48,0
497294.02,36,1273138.48,30145.14,0
881844.07,12,2859852.4,2248532.01,0
418782.08,60,899556.85,169935.74,0
542118.82,24,1698439.81,498788.75,1
58806.67,36,260348.96,57261.45,0
12324.0,24,56125.5,1786.75,0
252351.87,12,422036.44,88208.32,1
683777.26,60,1410743.09,110823.09,0
130052.24,48,320385.71,101058.13,0
122624.34,12,439244.12,339737.45,0
416851.0,24,1151960.09,1358958.64,1
651358.67,24,2901244.79,1640713.79,0
714951.27,12,2865776.02,1038960.58,0
186666.17,6,345630.35,224329.03,0
88792.27,12,327283.98,403239.0,1
940993.06,60,1783693.93,1372088.73,0
268059.72,60,641366.35,50791.2,0
854813.03,48,1814381.02,1276807.51,0
864856.54,12,1821142.97,327926.49,0
774797.37,36,2833731.77,900598.27,0
177145.27,60,615157.72,170018.37,0
823583.44,60,1742783.71,941284.51,1
771558.05,60,3831252.37,1832639.85,0
600755.76,6,1788106.6,2448345.09,1
343830.01,36,632558.73,396145.03,0
269883.52,12,518713.85,182440.13,0
130670.32,6,463047.0,823.05,1
514659.5,60,2535595.04,840809.94,0
589408.27,36,2064006.89,852569.54,0
365745.6,36,1763495.51,97168.16,0
480605.48,6,1467992.61,177492.36,0
369879.31,60,1119049.09,889484.83,0
644596.0,6,2094953.6,1460091.16,1
902246.62,24,3555744.1,379262.55,0
172281.06,60,480088.03,222879.68,0
387594.72,6,1753323.91,531949.07,0
149459.92,12,239507.26,104183.82,0
628694.33,60,1910711.89,719245.75,0
731581.8,48,2405785.88,92668.8,0
932593.61,60,3380290.77,852969.89,0
286083.21,24,705553.2,70849.16,1
950709.09,6,2848495.46,1114258.71,0
72630.05,48,232117.08,168482.97,0
606983.72,24,2369776.69,1887352.29,0
66561.39,12,280050.7,211550.99,0
894836.45,60,3653076.43,2880661.55,1
534510.97,48,1440796.07,17573.47,0
672654.87,6,3361980.72,1961909.34,1
833258.19,6,127672.72,27878.49,1
158807.52,12,382739.11,265044.68,1
48205.65,24,105226.68,149385.07,1
880092.33,48,2287425.42,775299.2,0
321783.9,12,992126.37,375627.52,0
137689.12,24,616544.04,130752.55,0
473776.62,36,2001359.38,462400.53,0
602323.01,36,2698022.46,2117784.51,0
40660.9,24,99694.42,70890.94,0
282146.7,6,1009270.99,154918.23,1
42471.88,6,105813.24,23323.33,1
426132.04,36,801801.98,69691.34,0
896149.03,6,3490224.55,2761104.87,1
982825.89,6,1966134.77,1426957.46,0
640677.08,24,2458240.9,1085751.88,0
170021.32,60,640619.09,355104.44,0
906790.9,24,3931727.06,2352578.58,0
521085.34,6,1036147.51,168942.8,0
162211.82,24,688131.82,514538.92,1
922509.4,48,4610211.06,1942716.07,0
759894.36,36,3403299.79,251712.24,0
734388.22,60,3034009.09,4098946.48,1
712088.9,48,2718455.45,1308439.49,0
208336.42,48,620058.19,175016.73,0
218896.62,6,888008.99,1151279.92,1
691410.07,6,2789579.06,1968438.52,0
227525.52,48,844175.19,521289.74,0
444284.98,48,1904638.3,979224.86,0
784181.81,12,2407966.39,986606.4,0
786112.99,12,1512783.65,307958.56,0
458729.15,36,1585706.05,577128.71,0
794268.04,48,1928206.67,451899.0,0
840235.58,24,2390903.65,1786527.93,1
658227.99,60,1027462.41,745782.49,1
236141.59,12,670587.11,83596.13,0
281271.66,6,1218132.39,801648.27,0
321692.74,48,1093603.57,614968.02,0
125636.07,24,192763.65,150388.3,1
280428.02,60,881792.83,326832.33,0
217424.03,24,547926.12,685857.65,1
460775.46,24,1461315.87,605433.59,1
909353.17,6,2652059.89,147243.42,1
113435.51,12,540171.65,20208.79,0
723065.24,24,1188806.42,1590973.79,1
690410.17,60,2687461.66,636801.7,0
104796.66,12,469341.6,97290.05,1
923346.68,36,4485004.19,2613238.53,0
572787.48,6,1215298.54,696047.88,0
370088.27,12,1243336.27,1392242.11,0
758973.2,12,1254251.42,311446.51,1
264791.8,24,859816.66,645517.39,1
696574.74,60,1350730.39,662236.75,1
49314.1,24,218591.57,86616.25,0
841013.96,60,1596702.86,853075.39,1
453689.14,6,179945.97,101166.41,1
640325.99,12,2128338.73,292738.57,0
229025.44,48,1122402.55,1136200.06,1
680302.98,60,2580003.08,1496758.37,0
774517.87,60,1942057.88,1549812.35,0
478481.06,24,1120984.27,917594.85,0
621549.65,24,1211318.67,663473.38,1
461762.66,36,1915299.87,1091512.1,0
895150.46,60,3506884.67,2653970.01,1
502890.49,6,1827790.66,1414239.53,1
843390.62,12,1385641.49,916701.83,0
803338.54,12,3349842.21,2056517.83,0
416399.77,12,1560086.09,138992.22,1
237783.65,60,1158865.02,769785.07,0
412021.31,24,1464821.23,296709.12,0
827955.2,6,2122737.77,957412.98,1
235356.21,12,667310.62,216407.48,0
529191.98,60,1119475.19,309519.04,0
808035.78,48,3256545.51,808274.6,0
359942.7,36,1431501.41,979636.06,0
645787.54,36,1422201.79,875093.41,0
253175.26,12,520202.4,217839.44,0
118186.65,24,209133.32,111172.01,0
796440.38,36,3736830.65,2943211.38,0
107978.94,36,250051.63,79523.45,1
278667.58,36,73544.26,32424.23,0
856558.33,36,2125777.15,907322.01,0
353004.59,12,1040546.73,779138.4,0
973314.9,60,3892452.53,1094752.02,0
979936.99,6,4455856.51,3515687.72,0
275593.26,6,589520.34,535685.22,0
50568.44,24,197340.46,17193.41,0
708012.65,60,1935683.57,296350.9,0
456476.64,48,2251272.08,767632.17,0
109745.32,6,279435.41,145251.86,0
710447.59,48,1083557.15,448007.73,0
40863.16,6,135042.12,153918.58,1
871494.72,6,1767006.78,794493.27,0
147266.0,24,243832.81,163622.79,0
136038.76,36,536529.02,360088.67,0
183915.57,24,747231.95,434128.54,1
960663.69,6,2990014.38,2278267.67,1
696237.67,60,2693812.69,1271920.66,0
803357.82,36,2718432.77,16653.42,0
403658.64,60,1495274.27,348015.68,0
342949.6,60,1230662.26,323145.04,0
242139.17,60,927484.96,406109.36,0
485841.55,36,1068223.35,773299.25,0
556310.45,60,1357660.73,910300.62,0
635457.1,36,133711.89,24835.43,0
264547.32,48,809897.87,336522.44,0
949167.54,6,3996413.92,2107384.63,1
178060.91,12,496055.94,391888.77,0
965996.64,60,1998422.98,50045.02,0
24707.56,24,58807.23,61258.77,1
486314.43,48,1094969.65,865559.19,1
340034.16,24,1380814.14,1516937.75,0
454632.18,12,1430358.61,378446.02,0
574957.93,36,2288451.83,2619118.05,1
441233.27,12,1304624.8,612374.79,1
420698.38,24,1941133.71,1346275.38,0
735396.18,12,3634564.04,4942124.96,1
689017.51,6,2648892.53,2181106.08,1
834938.57,12,3776714.33,1005217.65,1
257459.39,60,843891.75,411955.09,0
613433.22,6,2926795.98,1690625.24,0
589342.84,60,2599327.65,718279.0,0
376040.43,12,1869381.59,526726.55,1
491196.97,6,1808011.6,679804.88,0
320644.32,6,1355435.23,905673.01,1
150425.95,12,511454.02,41264.42,0
221663.2,48,533525.67,269528.37,1
114458.51,36,313804.38,170043.8,0
686238.88,36,3176612.78,1417716.59,0
664120.12,36,1126226.73,843172.97,0
951100.31,6,3395598.93,1635295.23,0
732381.63,36,2053374.07,1042418.76,1
61525.38,6,175557.99,84234.13,0
885402.72,48,4069310.21,2350494.7,0
864048.41,12,3878176.14,420113.25,0
448887.12,12,1614174.88,1154814.7,1
590004.42,6,1448588.27,49243.1,1
976317.55,6,3089163.64,1583490.36,1
536981.32,48,1572832.72,774438.84,0
906268.61,36,2481058.13,413088.49,0
92208.37,48,171484.47,5585.04,0
199141.35,12,677259.54,75222.08,1
446347.39,12,1141046.73,247992.41,1
588909.24,60,2245409.52,1841980.45,0
818065.57,36,2141052.48,1465737.81,0
988379.49,12,2974105.27,151930.56,0
394962.98,60,664825.9,153850.29,0
56941.48,6,283220.27,201497.91,0
803159.79,12,2631662.56,498245.36,0
608336.91,24,964111.55,768177.32,1
206557.43,36,701119.39,144060.51,0
499880.17,60,2272574.72,1343752.08,0
744887.14,36,3131455.23,1044801.7,0
772707.67,36,261937.67,28550.06,1
504622.23,24,1003252.72,204787.65,0
312162.38,48,1186866.27,641019.9,1
974005.16,6,4073332.75,1098354.3,0
666728.98,36,2335862.8,1128928.51,1
414155.14,12,1915310.77,314924.66,1
287658.59,6,710362.6,254924.12,1
733791.95,12,1722581.33,705908.01,0
249761.61,6,188881.63,62373.94,0
179992.89,6,663974.67,105130.05,0
534535.55,60,804510.89,297059.87,1
297087.52,12,812819.55,450562.5,1
632616.09,12,2848351.38,2198712.3,0
126759.29,6,202259.44,127750.56,0
658391.69,36,995071.97,128539.8,0
290463.56,12,721629.85,157431.84,0
10240.51,24,48120.16,3034.41,0
135666.7,24,28191.99,3059.38,1
934279.22,6,3097758.6,4237432.43,1
868681.09,48,127141.63,20294.59,1
241272.94,6,642275.33,109777.31,0
780588.19,6,1836785.14,339100.26,0
612485.88,36,2666320.38,641364.59,0
971195.66,36,1818109.37,182663.37,1
379869.6,60,1217763.28,270669.79,0
684646.01,48,311008.01,171281.27,0
72900.37,48,135804.72,25683.5,0
402284.87,48,1335032.56,1840646.38,1
964179.48,48,3395188.83,183871.64,0
543591.07,48,2228036.4,3123195.47,1
295000.71,6,684969.87,461386.24,0
129068.25,6,326109.81,15396.73,0
706493.06,60,2468009.17,1070772.49,0
648407.48,24,3203744.03,1667533.17,0
380199.33,24,859716.66,407479.33,0
951431.94,60,4710219.28,3307038.19,0
31980.78,60,127929.48,88670.03,0
310686.61,12,1364314.15,62548.45,0
921858.79,6,1672016.25,482803.35,0
327726.08,48,836183.48,448749.46,1
259730.31,12,442080.98,336846.13,0
538878.21,36,1509082.34,1729672.0,1
825563.73,6,4073755.63,575505.36,1
112115.29,60,209482.45,46791.48,0
943590.5,24,3272659.4,1999186.11,1
797122.15,6,1212619.82,457375.8,0
189437.75,60,756688.23,331309.85,0
714887.88,6,1565729.15,762797.96,0
391109.14,6,764049.65,63135.88,1
408271.73,6,1093989.55,749130.82,0
785457.19,36,3297863.79,2277199.85,1
963156.96,24,1804133.42,675813.14,0
135389.31,6,43275.63,21701.7,0
426423.93,60,652268.91,344347.95,0
486132.19,36,2376920.02,360764.33,0
382548.7,12,1366658.9,1313430.49,0
369557.23,6,1485490.25,24567.57,0
61745.98,36,233389.99,170445.98,1
688683.23,48,349425.03,96640.7,1
441852.27,12,1582842.87,108685.51,1
202845.86,24,397568.67,485066.93,1
817873.17,6,2375371.61,143710.2,1
804535.14,6,2808930.64,191570.76,1
491527.71,36,1698761.0,664399.49,0
305466.15,24,585504.38,238340.87,1
641711.8,48,1039910.59,482637.55,1
295270.61,12,1267838.88,665677.77,0
243647.85,60,984514.82,526335.3,0
733209.51,24,1309780.66,453704.55,1
49921.99,6,97145.91,50013.28,0
103820.79,36,480071.82,117037.58,0
16720.29,48,70090.64,24745.26,0
161413.75,36,804899.52,253271.0,0
78300.11,12,187055.52,49249.47,1
995844.34,24,3193981.97,609592.73,0
295921.87,36,688790.26,43233.44,0
157775.33,60,580581.74,234977.91,0
248586.3,60,473295.85,203437.02,1
936764.32,36,1822335.5,490069.82,1
524958.62,6,919521.52,717847.55,0
371169.92,36,1457788.9,649545.5,0
874657.54,48,2824491.38,2008802.04,1
401040.37,24,1468633.6,669797.15,1
341658.48,12,1563960.03,237616.64,0
215209.7,60,880455.1,686489.11,0
384018.86,36,1196614.37,847523.68,0
323517.51,48,1599873.66,603182.68,1
680530.92,60,2107533.72,409802.16,0
296686.88,60,561799.56,100076.55,0
581427.75,12,2892191.18,1864932.14,0
75233.24,60,118858.93,6572.29,0
199376.27,48,682782.47,865264.16,1
413331.22,60,1067152.68,546497.36,0
937579.76,60,3058790.71,446472.22,0
383479.47,36,1325111.52,747270.0,0
667433.38,36,1562018.12,881485.92,1
262536.35,24,905489.35,253559.38,0
135763.24,6,562903.43,217675.17,0
67951.23,48,165310.69,216990.7,1
312359.36,6,887722.64,371532.0,0
166084.42,6,405054.89,200310.05,0
182270.34,60,796878.46,263141.79,0
763151.72,12,3081177.68,368753.1,0
25679.69,12,116821.73,93276.7,1
562232.02,60,1177974.26,500909.07,1
385666.77,48,677820.43,182440.23,0
511484.5,6,980946.59,560149.79,0
567201.93,24,1170457.58,581316.43,0
320234.02,6,1077840.24,200830.33,1
302157.77,12,1480026.85,1038298.63,0
736067.83,6,2024424.99,114830.14,1
872564.22,36,4236106.4,2052641.79,0
200655.82,36,327811.97,125326.05,0
106642.57,24,76002.85,19347.19,0
898817.85,48,1918107.96,1268069.04,0
356396.51,6,1672804.92,878258.82,0
555804.22,36,943086.38,997476.06,1
365947.71,48,1763417.14,584973.07,0
134544.31,36,296373.39,223441.43,0
593438.33,48,1518904.94,1594569.49,1
529889.44,48,1705342.23,724490.67,0
210963.62,36,597559.32,446329.06,0
457350.35,60,1754555.05,116767.68,0
798978.03,12,3924442.01,341616.2,0
594521.84,48,2153651.04,1712906.81,1
105948.15,60,426462.38,331409.43,1
552541.28,6,999004.79,921635.05,1
705710.92,60,2609255.68,1010696.81,0
794776.37,36,2454646.33,993760.32,0
632826.4,60,2911152.21,599028.66,0
161131.58,12,460633.11,396734.6,0
713071.53,36,2765355.22,954267.4,0
680568.43,24,131799.55,3805.32,1
34182.61,6,82305.02,29837.76,0
417630.19,24,1176225.57,451477.16,0
339620.74,60,870863.1,463844.8,0
672717.94,48,1606837.88,663884.88,1
223974.45,60,374897.5,258434.22,0
594963.2,48,2634861.26,774779.53,0
914073.9,24,1576828.08,516843.36,1
799824.35,24,3683814.44,1684188.43,0
922243.16,48,1788348.33,290031.08,1
978720.91,12,1691636.96,532524.72,0
20563.43,6,71365.73,39175.07,1
626513.86,36,2041524.4,672574.07,0
418711.0,24,128785.49,93407.24,1
861255.95,6,3023667.37,4336915.03,1
259296.55,36,649459.58,79892.75,0
981219.19,60,3748573.71,1461776.83,0
617570.89,36,70992.38,43434.77,0
795602.03,24,2125532.08,1093960.63,1
94743.56,12,416184.99,294746.73,0
191623.31,12,775504.1,465291.85,1
760819.64,6,2189362.14,107915.89,1
31766.66,60,141890.94,12771.62,0
818709.21,6,3865047.48,2009047.66,0
23809.53,48,80453.16,15344.54,0
660547.65,12,1487773.65,699652.22,0
371442.98,6,1747740.46,1107672.59,0
615379.9,48,1331176.67,614398.3,1
699071.09,60,1167086.11,387928.75,1
349050.47,36,923658.94,477546.68,1
116882.82,6,472718.8,54313.29,0
78949.41,48,373545.92,216121.12,0
593046.66,12,2212360.43,1233656.62,1
525448.8,36,343131.42,141206.37,1
744779.0,6,1357954.01,302892.72,0
514638.15,12,881388.88,562371.08,1
428221.33,36,1547879.58,632216.31,0
404106.31,24,313084.04,14821.88,0
36182.43,12,117937.52,86671.11,1
342201.63,24,575002.53,353151.11,0
976259.96,60,2220274.15,1038742.2,1
874820.02,6,2061754.1,720501.44,0
336084.29,48,257933.83,198072.48,0
591917.45,6,978209.79,606506.17,0
848823.78,12,3961566.22,1695528.37,1
446861.59,24,1476642.42,771579.8,0
27778.29,24,106898.02,157175.31,1
83765.36,36,145341.69,189574.62,1
515288.79,6,870531.01,190346.51,0
969744.98,6,3445152.09,807918.76,0
696277.45,12,3206730.89,1897713.71,0
80207.03,24,24357.85,2729.27,0
197467.27,12,902892.85,561662.34,0
773609.91,12,3356282.97,1405330.22,0
843025.36,60,1488351.37,457903.93,0
621517.64,24,1371596.93,329617.91,0
647978.94,12,2463607.73,1011459.98,0
38054.08,24,116150.75,29504.01,1
830244.96,12,237784.42,81693.59,1
790392.46,48,2343686.34,1385616.03,0
266444.79,12,814841.13,408071.46,0
711589.95,12,3335174.33,1995721.3,1
222706.06,48,414701.84,236537.2,1
49926.86,6,123771.56,80706.24,1
209125.18,24,707151.96,114100.36,0
186842.59,36,736907.97,586651.26,1
344370.52,48,1276660.9,485918.02,0
424265.0,6,2034668.7,1169092.86,0
513453.5,12,2199958.9,1192818.0,0
481986.34,60,1662741.51,753089.0,0
277967.86,6,625813.9,498556.51,1
38878.96,48,119671.76,20805.26,0
609050.61,60,2391642.99,806899.91,1
401787.38,12,1781070.26,181997.68,0
305685.44,6,1485349.03,216071.31,1
868271.63,36,3142348.56,1792305.28,1
749275.87,24,2505741.69,9707.6,0
859187.89,24,288502.48,205372.37,1
500032.97,48,876231.15,443852.77,0
139621.94,12,103371.35,36461.56,0
699259.22,12,1182908.68,1086359.82,1
214013.04,24,621284.42,62761.68,0
446817.37,6,1197057.2,882530.5,1
74350.78,12,277383.4,158069.11,0
827055.32,36,2791169.35,751143.86,0
134681.23,36,482953.11,27407.08,0
904066.53,12,2849545.57,742438.46,1
865588.3,12,292436.67,43195.07,1
469936.94,24,2272092.76,1429188.72,1
746924.52,48,1346280.7,775025.46,1
623250.62,24,2982951.32,1188791.12,1
805044.89,48,2084529.43,1799664.34,0
437487.05,36,1441220.18,208320.52,0
787950.4,48,1482093.83,535884.32,1
467832.25,24,817891.82,464968.43,0
941556.13,12,2827878.22,153389.43,1
491508.38,48,2013189.24,600216.04,0
467993.08,24,1143202.6,522822.95,0
787221.14,36,2730254.22,801173.53,0
823361.91,60,2038048.13,782934.92,0
558944.22,48,1598661.91,777740.51,0
187999.84,36,878440.93,258887.51,0
473080.65,36,2126705.06,180369.01,0
968391.78,6,3201562.69,357152.24,0
755456.33,60,1762758.91,1949843.08,0
813050.98,48,1769315.76,247336.23,0
42497.24,24,24818.86,17667.73,0
473180.87,48,1045496.96,1261359.05,1
650154.92,48,2814253.49,785811.77,0
831732.36,60,2321694.16,1543438.45,0
58780.92,36,290954.35,124106.65,0
853914.5,36,2381179.09,302983.0,0
552916.93,36,1509633.62,741787.89,0
205340.83,36,766151.83,416450.17,1
324082.66,60,1576762.23,105821.66,0
289110.26,24,1421478.14,1803678.24,1
535550.44,12,2128931.63,9169.71,1
61168.82,6,253307.56,64123.05,1
166950.8,36,579637.75,155549.42,0
814566.11,36,3376551.73,1702345.62,0
141277.95,6,637054.6,101441.15,0
241062.31,36,771720.86,18577.47,0
458836.9,12,1683710.23,425149.67,1
521949.68,48,1764507.49,1165449.5,0
765974.37,6,2656894.81,848389.46,1
452859.1,24,2090020.68,694043.65,1
791965.97,6,2173676.45,815611.33,1
622162.84,12,1386579.54,833932.01,0
121968.74,60,377734.8,145057.69,0
164768.12,24,367152.5,26811.75,0
442663.39,48,1436177.76,237141.44,0
402920.5,36,1878527.53,282376.3,0
746108.83,6,2731517.35,1109789.97,0
584929.77,24,2628683.15,62940.06,0
394251.75,6,820701.34,186211.62,1
179052.68,48,833142.43,404703.89,0
234568.73,6,845914.67,240003.37,0
579746.01,24,934063.15,528838.28,0
429204.42,12,1594887.72,499163.28,0
519778.23,60,2510471.34,1966718.37,0
178970.66,24,318045.99,245622.16,1
666277.19,6,2357686.1,1508618.67,0
854013.35,48,4017428.34,3067356.44,1
265360.11,36,407044.65,66683.11,1
496599.08,36,1841486.35,1106251.81,0
975772.06,48,3085545.45,793993.87,0
339909.32,6,922671.14,535366.51,0
599095.88,60,2214484.66,2343195.44,1
99293.74,48,167256.07,38725.89,0
609954.85,6,2522602.88,1934927.41,1
98735.46,24,149651.18,25127.68,0
959643.08,60,2470385.29,1499165.36,0
718506.03,12,2345099.67,1265738.77,0
790278.19,6,2228250.9,540979.46,0
707063.32,36,1821512.32,667901.96,1
593831.75,36,2617564.63,299330.23,0
455413.65,60,2173194.78,1601572.58,0
859789.65,12,3918916.41,3035184.46,1
957267.31,6,3186273.43,1867062.0,0
504045.81,12,2315876.08,1573721.8,0
932219.7,24,4402888.07,291004.24,0
587499.58,12,1722745.22,1514230.62,1
543000.35,24,1353189.73,358120.16,1
459937.91,36,848092.49,383304.94,0
217194.88,24,689989.41,101210.57,0
13682.46,6,65840.53,29674.66,0
249091.16,60,862646.61,451588.85,0
514625.94,60,1974345.62,209048.6,0
386160.35,6,731809.92,77115.62,1
454000.38,6,909053.51,25761.41,0
980841.74,6,3065774.28,1866179.6,0
356769.65,48,1722992.91,456260.29,0
457661.11,24,1264401.51,1877937.19,1
142180.4,6,649934.21,404568.13,1
57478.16,60,110416.12,12654.19,0
777655.42,12,2845876.84,972569.14,0
574976.34,12,438584.0,261321.22,0
763097.76,48,3441236.37,1579754.11,0
158364.17,24,239384.62,243606.99,0
576110.48,24,1247141.4,157103.31,1
261106.05,24,592425.26,85751.29,1
235781.2,60,1137616.3,530182.7,0
21410.75,60,43633.56,37447.57,1
139037.32,48,226542.99,157514.07,1
316175.43,24,1065705.72,298798.99,0
125709.97,24,421122.69,140357.23,0
985999.86,6,4391805.45,6253512.28,1
315546.32,24,1521251.58,1066909.84,1
139020.71,60,470572.46,241875.78,0
207091.49,6,984715.82,354425.59,1
591826.2,6,2389827.95,1119029.86,1
73403.09,24,178072.74,54186.76,0
863809.79,12,4102640.83,1528094.15,0
961884.68,36,3689838.8,3231268.19,1
254279.95,60,749956.95,246390.73,0
455594.32,12,1768091.98,445526.0,0
31913.11,24,92694.66,5757.53,1
644303.12,24,1223946.03,36567.86,1
419786.8,12,1686042.46,234840.36,1
277357.88,24,1216022.0,244797.63,0
214768.74,60,869989.87,619761.2,0
657482.85,6,1513460.65,740080.63,1
422054.86,48,2046215.89,1568706.32,1
187862.7,24,298399.42,268271.7,0
692217.99,24,1844344.6,592754.65,1
569421.56,12,1372490.18,790283.39,1
860085.33,6,1435002.31,663432.65,1
126301.14,12,368806.14,155748.33,1
787809.94,60,2899851.14,1335240.03,0
676781.62,12,3105706.88,1451322.45,0
123860.83,24,614834.51,376642.91,1
697872.52,6,3020611.09,1614412.78,0
447131.82,60,255770.48,195882.18,0
945534.94,24,3813309.78,2891901.32,1
150195.24,60,668771.83,225736.09,0
646405.06,24,2022326.83,57794.23,0
388160.25,24,1648784.61,14607.94,0
957246.52,24,3052930.5,300880.72,0
336675.15,48,960445.31,57547.88,0
962564.05,36,3216232.52,960665.62,0
902470.99,6,3488494.01,147562.18,0
277679.4,48,1122959.71,561402.63,1
805506.36,36,2213996.21,336836.01,0
995648.16,60,3484391.09,5112223.27,1
260136.37,36,1218621.33,100491.2,0
442409.4,36,2175369.12,1440493.0,0
524978.93,48,1205020.0,751892.79,0
301981.82,6,656783.0,203070.59,0
25112.19,12,97143.99,70766.94,1
227927.95,36,672705.09,99937.42,0
289117.52,12,458187.14,298348.26,0
449163.7,12,1219037.71,532334.69,1
179391.45,24,775618.06,204502.6,0
874521.81,12,3752568.06,253256.12,0
707862.02,60,407547.84,55853.98,0
94348.47,60,297577.22,427025.18,1
653591.53,24,2306051.34,1119608.36,1
657119.91,6,142299.71,26990.9,0
956658.96,6,3196343.65,1267932.96,0
12990.66,60,19988.24,1724.37,1
255453.13,24,808370.81,1139723.3,1
928513.56,6,2484868.18,1804540.4,0
932812.58,36,3602562.87,1319564.85,0
723380.56,6,154690.07,44744.68,0
768105.69,24,2175986.26,1652133.8,0
100568.13,60,153412.2,48969.26,0
518737.08,36,1236128.52,332510.79,0
239267.16,12,889288.43,194210.75,0
189405.86,12,332086.56,150119.81,0
812200.27,12,1524295.62,680946.26,0
143687.76,60,540930.19,7007.93,0
473965.12,24,114621.89,59975.89,1
939192.46,12,2465778.4,1555032.5,1
193973.74,6,623403.62,307195.62,1
978213.49,12,4705196.89,3274395.97,0
994345.11,48,4782205.83,1057503.95,0
560060.98,60,320231.82,49182.33,1
178441.31,48,773535.51,748431.21,1
322943.84,12,1155752.77,174342.16,0
430247.9,12,2114322.39,154100.07,0
316230.98,48,1002973.2,77521.86,0
287829.22,60,1212185.29,745148.23,0
972507.41,60,4073327.79,93645.16,0
161831.18,12,524497.29,121455.41,1
735994.63,60,3153520.17,325913.56,0
10406.19,36,25116.81,15168.75,0
600220.84,60,1157157.13,1275250.96,1
916783.57,48,2739416.33,450343.42,1
295054.75,24,1417061.6,850702.77,0
193670.72,48,629934.57,378145.44,0
655163.0,6,2439438.49,1020705.26,0
715475.39,36,2636218.15,581760.17,0
691150.21,24,1357422.49,636660.58,0
326123.71,12,934683.3,1094944.52,0
259680.38,6,1032044.2,42632.83,1
956359.61,6,4688041.67,1001177.6,1
924066.51,36,1929508.24,439880.33,1
462743.44,24,1358867.68,686838.76,1
847731.93,6,1553747.07,809395.82,0
457800.24,24,1075060.36,177441.2,0
430145.13,24,1212431.88,1573265.63,1
165195.32,60,560384.05,416124.47,1
432142.0,6,996944.72,603190.49,0
542042.77,24,64527.95,48229.21,0
32279.28,36,12867.96,8540.86,0
449671.88,6,2189562.92,704370.1,1
783542.66,36,2062789.97,201175.88,0
683245.6,36,2670104.72,2635686.7,1
638805.42,24,1535229.32,432309.6,1
910459.87,24,4322711.32,1471146.58,0
27851.69,60,107372.67,36582.28,0
561477.11,60,2419612.05,1812811.33,1
789475.36,6,1320586.34,1436053.8,0
545922.03,60,1962464.62,303167.44,0
330656.6,12,129639.33,63050.65,0
144888.06,6,365913.23,258703.01,1
888687.44,36,2149294.97,1578343.62,0
476054.77,60,1680514.66,751113.32,0
879334.05,60,3493330.14,96587.0,0
589993.6,60,953491.4,276803.16,0
677450.2,24,2361527.4,1735880.0,0
806218.54,36,1690324.52,676054.2,0
662563.99,60,1319343.5,766922.01,0
404074.29,48,1487364.41,320310.97,0
518497.05,48,1341893.91,26845.36,0
805015.07,36,2449725.92,1133459.15,1
379913.79,60,1048560.48,700422.47,1
394240.24,12,1485961.29,1177200.76,1
104733.21,12,329429.85,370365.33,0
915438.59,6,4460113.22,1976702.06,0
100125.95,6,273678.23,133276.39,1
651727.09,60,2666212.39,1757917.1,1
419062.53,6,1005969.66,15943.17,0
411563.2,24,1350188.98,1027919.77,0
682756.32,12,2344581.2,996393.08,0
76422.8,36,202664.28,154357.59,0
597768.73,60,1883707.86,1152103.1,0
774311.47,60,1918337.49,233757.37,0
829930.63,48,1262326.76,1826042.21,1
178825.09,12,403209.28,114074.67,0
898444.86,12,3549058.99,749527.25,1
659584.63,12,2769180.71,973198.12,1
883036.25,6,2190556.89,3256414.4,1
490427.91,24,1436046.73,501558.85,0
546613.01,36,891405.46,40234.89,0
919847.89,6,2142988.17,1672613.61,1
900910.45,24,3808389.46,1295224.52,0
453679.26,12,1642750.8,2177015.29,1
281668.51,24,625359.53,36998.42,0
399238.73,6,958590.95,621216.69,0
393886.69,12,1716876.09,238171.42,0
293998.21,6,656143.65,356629.79,1
275893.81,36,736512.88,389943.32,0
862452.31,12,3299100.37,2401234.94,1
79163.3,24,274213.23,70347.03,0
680835.07,6,2119470.7,184749.61,0
181091.85,48,841913.0,582311.36,0
351060.83,24,796552.33,211295.08,0
70927.6,24,290446.37,54030.88,0
277273.9,12,570275.73,221818.38,1
770736.86,60,2817095.95,329342.61,0
886165.17,24,4029554.73,957304.07,0
229311.88,6,711475.94,219294.32,1
468912.36,48,1892075.8,419670.42,0
475620.81,36,2079117.74,748914.01,0
874839.55,48,1728763.86,531976.14,1
765171.06,6,3038030.69,1882585.06,1
517946.45,12,2444419.05,1795980.53,0
674039.73,6,2370798.01,191414.85,1
848881.5,60,1826307.31,1202882.76,0
19443.56,60,37804.09,28179.81,1
408861.13,60,984976.58,541038.29,1
908170.74,24,1691283.14,1348182.24,0
742909.9,12,2449284.23,656492.43,0
547412.96,60,954669.8,634137.46,1
534348.08,36,1219337.53,657176.6,0
354292.4,36,1076937.84,278650.16,0
525315.33,6,1659314.39,935423.86,0
658829.37,60,2291998.0,934441.79,0
424179.41,24,53294.09,8056.95,0
717011.61,36,1194039.61,166095.38,0
862619.9,48,1537338.18,877388.23,1
163138.0,12,279456.54,159162.9,1
457031.55,48,1362422.98,578510.7,0
413939.89,36,227694.18,91335.54,0
690590.16,36,2839212.58,408933.94,0
257368.79,6,586929.69,201568.62,0
643848.41,6,3082259.26,2148698.46,1
878714.35,60,2814006.38,1924166.47,0
423950.28,12,1298195.17,686401.38,0
911905.54,60,3859079.76,5505312.31,0
993232.1,6,3968994.15,2836015.71,0
115031.13,24,417054.75,48455.23,0
240722.66,12,1148972.5,366877.4,1
950875.95,24,675747.57,71325.15,0
958744.41,60,4151229.9,1547876.12,0
106730.2,6,302081.19,187624.52,0
24848.52,12,9190.13,1145.37,1
169489.02,60,36093.94,36157.5,0
996052.66,36,2502517.32,1139261.1,0
188199.62,60,728811.19,436671.28,0
507522.13,48,1139131.66,41150.73,0
849933.55,36,1956580.74,146881.54,0
30197.59,24,77560.05,38523.22,0
608444.09,36,2358481.83,1581488.32,1
284255.19,60,1311228.92,916669.74,0
863711.57,36,3334778.95,1836447.63,0
290626.54,48,1277986.57,205437.59,0
689888.16,60,2347318.29,3304917.38,1
677477.44,48,1179644.91,831756.06,0
229278.61,36,424539.55,38458.32,0
44451.21,48,21768.19,11947.62,0
415157.08,36,1099046.75,469079.17,0
296301.22,12,673192.89,226957.61,1
810887.97,36,2539619.42,894625.77,0
802360.55,6,3075238.25,2325390.27,1
462453.71,48,1316823.91,907495.2,0
610447.1,48,2630354.23,1820171.17,0
608216.92,24,2484463.55,808182.69,0
828886.57,24,3375393.62,288882.95,0
430752.39,6,2131433.43,1701462.66,0
282692.21,48,716145.57,83269.45,0
272384.57,48,1023223.41,422044.73,0
540830.36,24,2430585.85,514543.72,0
454656.72,24,1604181.45,655459.38,0
445719.56,36,1900217.31,463551.47,0
100225.97,60,295725.01,212185.45,0
721417.7,48,2573094.73,1993307.73,0
221599.32,48,375573.7,123207.49,0
204984.09,36,136536.73,7666.77,1
418630.74,48,1800139.26,955277.88,0
235500.56,6,1069368.42,322201.19,1
588019.68,24,2310934.97,1822807.56,0
377748.71,24,812603.62,1053115.34,1
454422.61,60,730984.01,69663.62,0
541797.63,24,2452337.6,1372177.28,1
211500.17,12,610634.26,831436.3,1
164194.11,6,397928.87,149970.29,0
881617.68,6,3055559.36,677758.76,0
439386.47,36,1306359.61,323778.67,1
417972.67,12,1580284.02,427274.62,0
45256.03,48,144515.01,26045.3,0
502996.54,60,1981965.31,1348755.22,0
558628.02,6,2506553.56,130495.61,0
563252.46,12,1230396.58,400890.59,1
709960.86,12,1883536.87,1126510.47,0
185707.02,6,562479.55,1721.4,1
259700.9,36,1264017.41,1680201.35,1
812623.16,12,2258009.68,1275853.53,0
947698.91,24,2685636.06,157644.6,0
144573.42,12,547521.78,476037.93,1
502673.06,48,1491530.99,2076123.33,1
222034.49,6,1072267.41,559499.99,1
69472.44,48,321701.91,227001.46,0
332248.3,36,1095399.63,772179.93,0
152250.75,60,571962.42,187029.02,0
712833.74,24,1214032.11,230850.13,0
538388.16,6,2118588.02,436296.16,0
152396.13,12,605805.56,371209.34,0
19149.17,24,52798.04,39257.68,1
810075.48,12,1837972.23,106206.38,0
184432.46,36,36526.47,438.89,0
610154.48,60,1826477.39,1202457.83,0
343552.69,6,1301367.75,402489.73,0
589631.08,36,953227.55,210815.23,1
322497.09,36,951119.73,143332.87,0
96070.17,60,418904.93,116113.95,0
230720.51,36,659056.83,654502.42,1
196177.98,36,708411.25,553739.44,0
433739.16,12,969188.12,257039.18,1
661700.95,48,1957205.39,1508911.6,1
271168.01,12,1287161.87,308778.24,0
21949.24,60,76440.01,52253.23,0
523747.99,24,2438968.75,413657.31,0
609701.89,60,2839422.89,1877398.22,0
963241.79,60,4627911.85,1309626.48,0
593576.1,60,2750554.96,3047752.91,1
476460.83,60,720162.9,538555.05,0
577667.61,36,2754926.94,3139048.69,0
928621.62,60,624068.57,495178.55,0
830094.36,24,285612.51,24808.05,0
329748.95,60,558548.51,4477.67,0
244881.82,12,666374.05,464219.38,0
270007.28,36,991686.6,465382.18,0
509376.83,12,1481313.25,1905427.15,1
746608.96,36,1186690.14,77812.63,1
508187.02,12,1609778.54,740359.73,1
77118.43,6,235015.15,74025.18,0
726344.89,48,3013584.92,4470497.68,1
807910.43,48,2002523.26,1009899.49,1
296602.89,36,670725.65,343375.91,1
667484.48,6,1599150.21,1228913.98,1
432325.98,24,1108090.13,580686.58,1
890228.16,6,3202219.29,869477.19,1
846773.3,36,2667623.12,703468.92,0
530177.68,6,1420415.45,542213.43,0
694590.49,24,1951868.43,404938.84,1
884516.2,36,2475082.25,745373.95,0
500759.84,48,2455437.53,1654204.24,0
320118.23,60,741230.39,509825.14,0
756129.48,6,3299155.84,1656948.18,0
227865.59,48,29995.61,13986.14,0
394645.84,48,599662.39,204892.56,0
867069.96,12,4314641.36,4374882.19,1
727178.12,24,3015998.74,1944844.7,0
409772.9,60,1593432.06,940567.33,0
222597.06,6,649679.9,18429.87,1
362408.71,48,1247849.59,729872.22,0
291263.11,48,695084.31,400339.46,1
184328.4,24,299384.7,23709.0,0
745899.58,60,3301408.08,396822.29,0
259549.19,60,1203710.17,758730.79,0
459625.8,48,950803.64,928757.38,1
392000.85,48,1667844.58,1096279.57,0
982256.6,48,4021392.27,594342.91,0
397181.32,48,843737.25,831570.4,1
89182.66,12,265443.34,34389.09,0
98927.5,12,294769.59,106723.11,0
594846.18,60,2474485.7,1035904.35,0
603369.92,36,2674022.76,1834809.86,1
424571.4,6,777692.92,445587.27,0
437525.26,24,1518384.3,1203034.88,1
63393.26,36,264103.91,16632.12,0
521381.05,12,2216738.65,230932.87,0
509692.08,12,1028547.07,69410.96,1
158053.83,12,527784.1,227351.68,1
112800.99,36,507768.63,108402.82,0
132336.77,12,346036.17,189249.38,1
110017.96,36,328723.67,34894.91,0
613611.11,12,2647888.28,218591.44,0
204517.83,48,370712.77,136471.37,0
258915.85,48,1167251.3,351014.27,0
181836.42,6,470783.31,312285.6,0
958256.95,12,1442249.64,966369.65,0
856071.29,6,1985706.16,2773217.56,1
238189.89,36,431898.35,280672.69,1
334290.63,6,609527.88,275099.43,0
217793.91,12,854824.78,344363.27,1
496957.2,36,1117615.58,84727.22,0
29414.43,36,140353.84,83048.01,0
674654.33,48,2231456.92,106456.17,1
527926.57,36,1642033.19,364783.28,0
899652.54,36,2716943.76,207425.69,0
172748.76,6,677875.94,287835.67,0
806068.15,60,2485043.35,1282739.73,0
794041.4,36,1548461.12,1103563.65,0
135909.38,24,622546.86,365495.73,0
404573.63,60,1213471.56,933018.28,0
178451.11,48,313898.36,423070.72,1
262173.3,48,879009.65,209607.31,1
270613.71,36,1019053.84,446414.72,0
560674.03,6,1381802.8,506225.82,0
417296.82,60,1794873.5,812673.81,0
948255.48,48,3645298.38,1668349.07,0
135106.44,48,510188.14,286562.92,0
973955.21,24,2895459.11,192359.98,0
238332.25,36,1159892.41,692915.21,1
775145.2,60,1906595.26,219248.71,0
345580.23,48,1217122.94,25518.01,0
151650.58,48,391515.25,162527.55,1
859310.29,48,3529029.79,1641639.61,0
315772.29,48,526477.73,14678.65,0
662266.85,6,1099779.23,453435.56,0
570779.25,12,2476048.03,1058897.21,0
477038.75,24,1440627.72,60500.49,0
500861.28,6,1349385.5,768162.29,0
734915.53,24,2665056.54,448347.16,0
96895.18,48,383380.09,243663.88,0
671498.86,24,1480120.95,368043.48,1
896853.98,36,1927347.58,736852.01,0
67210.32,36,326207.14,232742.5,1
149246.81,12,531889.52,343038.73,0
719465.62,12,2061562.31,1289488.39,0
442908.83,24,1906742.86,244725.41,0
409513.13,6,1366977.91,52647.66,0
145596.97,6,90366.68,43792.34,1
511702.34,48,1137807.8,373830.52,0
135279.86,6,390824.52,284231.75,0
481854.25,12,2172987.04,1829406.53,0
765979.15,6,1313706.1,431471.9,0
265681.71,48,601726.83,253206.91,0
485978.31,36,2248150.91,1432343.1,0
992095.81,6,1910846.96,410142.75,1
689783.92,6,265623.25,200135.57,0
842943.2,12,1894337.65,818234.31,1
420699.13,24,1523155.49,1024751.31,0
770182.31,36,2187983.65,920035.72,1
50104.08,24,92986.62,57428.03,0
131682.07,48,465978.43,535214.89,0
211039.89,48,821082.27,524975.36,0
407932.41,24,1583166.99,663612.22,0
847287.43,12,85470.2,30729.31,0
352803.39,60,1146888.58,102403.08,0
658074.98,12,2183594.23,1295417.34,0
712221.15,60,2652838.88,278364.83,0
590320.53,60,2311640.75,355655.75,0
363669.55,12,1379059.88,139476.19,0
581282.81,60,2066059.0,10868.47,0
348842.94,60,713536.06,377839.48,1
93035.0,60,208133.98,183037.11,0
992875.94,36,2393609.5,286219.13,1
135910.63,48,641337.23,164168.21,0
81624.9,60,339386.77,135506.19,0
879745.44,48,313710.48,126340.63,1
308816.31,48,735661.98,216105.71,0
653794.0,36,1234441.74,488772.04,0
335715.67,48,1559619.95,533192.21,0
397539.73,24,185616.58,122160.25,1
269491.84,6,508648.22,12050.47,0
349613.57,36,171501.64,119094.87,1
416593.4,6,1276132.96,249014.64,0
723211.91,24,1904856.47,1099913.22,0
516420.83,12,2110542.67,683882.71,0
944129.56,12,593398.12,139725.3,0
51461.59,60,217687.95,107162.97,0
508037.64,12,894222.97,550043.29,1
588382.54,36,1538652.45,553836.66,0
920995.02,12,2410804.83,899816.21,1
58666.94,36,155710.03,7331.64,0
577764.59,36,1882749.66,1391722.49,1
855093.63,6,2129652.0,1442876.19,0
249508.45,12,762333.81,242722.69,1
877529.43,48,2445868.96,1496775.17,1
28852.98,12,117533.66,29456.68,1
735130.08,12,242885.66,141927.18,1
933782.09,12,3536889.24,1461985.1,1
660625.69,60,1477848.49,544754.72,0
444638.95,48,1173516.72,53064.55,0
54432.21,48,85680.6,66174.34,0
920912.68,36,1730681.77,1159430.75,1
475593.26,48,217319.78,137935.14,0
38706.78,36,66928.78,16326.14,0
692922.86,6,2500906.47,579390.37,1
487018.88,36,2431907.06,3617153.05,1
133101.86,12,246618.21,166955.24,0
222129.09,24,971660.55,726513.24,0
73845.77,24,141477.93,30438.02,1
578550.6,60,2224352.95,1080883.92,0
625809.18,12,2347442.53,1359456.18,1
510684.88,36,2379540.93,430967.5,0
818931.11,12,1554994.29,1954583.51,1
862398.73,60,2245734.27,336813.92,0
619468.15,48,1126025.32,629587.85,1
22628.91,36,66208.61,45752.01,0
698277.36,12,3275323.1,2299366.83,0
423819.22,48,1795014.69,962255.49,0
569901.91,60,2296790.38,637868.96,0
652589.8,48,2196353.79,1161502.83,0
356734.25,36,1638195.06,1644849.92,1
917927.52,60,2820833.76,3326575.19,1
142635.12,60,288679.2,302843.28,0
674796.69,60,2990394.11,2200458.18,0
14315.98,6,35485.51,23710.47,0
925404.59,60,1561821.42,1102565.01,0
121379.09,6,235612.97,170243.0,1
103935.39,48,377462.8,118919.6,0
339677.56,6,1231258.76,846750.45,0
379830.62,48,915635.3,417785.83,0
222157.07,6,898654.34,27433.38,1
589270.44,48,2479497.12,1261243.53,1
448484.96,48,2117637.98,797280.41,0
43833.83,60,155490.92,34227.24,0
326455.54,60,1380248.07,1071495.56,0
812328.58,48,3359668.25,148015.85,0
692804.52,60,1664346.24,1259413.98,1
727622.15,48,1881478.62,239726.06,0
701135.75,60,2225887.52,671306.63,0
317863.29,24,497976.2,166218.55,0
108667.28,6,16106.44,9419.31,0
279742.51,48,883591.91,152408.44,0
833467.45,12,1565454.01,1234957.67,0
980666.09,60,1904419.82,1141146.41,1
498908.54,60,1557257.48,984127.72,1
19603.35,36,79557.8,80099.01,1
148644.36,12,656728.81,250246.26,0
328859.77,12,1122101.97,848856.09,0
582799.5,24,1842591.4,398097.14,0
84342.71,6,239953.49,242776.15,1
943923.73,24,2053337.56,797342.94,0
371432.84,6,747682.05,556510.56,1
913458.38,48,3901963.14,1519551.26,0
782716.58,24,2447964.27,792815.93,1
757882.9,36,3233220.05,1681979.1,0
610652.38,6,2420803.51,1814409.66,1
630515.98,24,1373664.62,1522846.93,1
641623.2,36,2108422.23,2113706.05,0
632434.17,12,1931490.77,205130.98,0
558190.95,60,1665394.67,113690.48,0
986549.88,48,218523.0,52813.7,0
734967.66,48,3628746.02,665683.39,0
779176.92,12,3385642.22,1486137.85,1
873738.19,24,4074235.51,1066763.35,0
223483.37,60,358408.89,116184.08,0
92966.12,12,185112.03,139480.39,1
488065.49,36,876894.0,109194.8,0
518939.89,60,1256513.58,390481.53,0
830889.96,6,2531409.06,520623.44,1
449345.74,24,1683782.23,739740.74,0
575144.5,60,275088.97,162046.38,1
531800.23,6,2478797.29,1620117.86,0
47820.76,12,229037.33,94417.74,0
619062.75,48,1282898.18,877416.75,0
829762.85,60,3721648.37,2337419.99,0
165925.54,60,528643.37,66399.32,0
598388.42,6,1847017.5,362648.97,1
597674.44,6,2538495.31,1364127.53,1
172543.11,48,315062.3,245696.68,1
132228.94,6,606762.37,182577.08,0
980251.42,6,3772028.78,693473.43,0
399781.98,60,1824371.33,1268491.86,0
235147.51,48,1171192.51,187027.23,0
179611.3,48,595055.04,331997.05,0
670925.7,60,1225390.57,33574.79,0
613350.84,12,1277507.69,19398.2,1
647116.6,12,1703640.48,615445.87,1
97125.97,60,180890.83,95009.67,0
894599.24,6,3894813.48,443804.51,0
395373.73,24,1003868.72,613470.16,1
320235.71,12,230990.31,213888.55,1
467737.83,12,1851806.82,790659.01,1
396165.41,60,834723.01,205875.54,0
864941.23,60,2738533.04,1648056.36,0
929968.37,24,2914609.01,1874948.75,0
310418.68,24,1000724.89,52911.32,0
865296.45,48,2920305.51,2791817.52,1
783707.9,60,1261068.92,900548.59,1
931499.6,12,3634761.68,5383618.8,0
253292.81,36,185650.13,70804.86,0
581189.56,36,2480737.25,333458.4,0
281799.14,6,1226875.54,976489.67,1
825853.55,12,1905139.2,1406827.46,1
15270.95,36,25494.55,41.29,0
569170.97,12,2254667.49,993378.87,0
345811.4,60,1702142.42,1187778.65,0
329456.87,12,1009226.2,347604.64,1
648457.26,36,1561903.23,1874729.87,1
852969.6,12,1747181.67,530230.72,1
613103.44,24,1536473.76,35435.18,0
854641.25,6,2262849.39,1430633.73,1
271951.14,48,811382.98,296502.19,0
524306.84,36,1989180.79,845108.45,1
456031.17,60,1120044.79,229103.03,0
21528.45,48,9549.68,5990.46,0
561244.02,6,1575117.39,1000197.71,1
664909.08,24,2988569.27,1321953.73,0
595995.26,24,1933545.87,1399311.67,1
738917.1,24,3603508.91,334071.89,0
575626.13,24,1878081.19,1181878.99,0
76082.75,36,31007.08,13856.05,0
125281.07,36,272686.65,50395.37,0
600509.83,12,2360505.5,249843.05,1
282229.4,60,953183.09,229531.86,0
88848.68,12,45440.6,31129.21,0
435306.72,60,1803451.26,1136346.49,0
558779.37,6,2257838.64,2845270.05,1
335458.53,12,554100.86,40040.22,0
723229.37,6,3116396.56,3844975.07,0
647332.9,6,2177926.67,532180.97,0
339490.18,6,974669.47,473299.48,0
757323.8,24,2560752.59,1645236.16,1
652208.09,48,2376372.4,252571.95,0
641070.92,48,1297060.9,676751.11,0
557893.42,36,1651896.69,42679.72,0
21275.77,6,56903.15,4633.71,0
699542.11,24,1907253.51,1873668.53,1
382281.37,12,695626.81,86303.44,1
943183.61,12,1942441.57,689188.72,0
819804.92,36,1694054.92,336551.18,1
591817.52,36,1660809.58,559665.6,0
259660.16,6,1202413.6,74280.53,0
211680.22,6,470162.05,283940.47,0
346980.99,12,1025909.59,64871.28,1
481802.26,12,1248172.81,836689.67,1
303104.85,12,1289966.23,683794.45,0
519780.2,12,870861.84,290230.78,1
173716.72,48,380075.14,263464.0,1
977935.68,6,2187882.1,325786.63,0
116845.31,6,581348.63,123043.24,1
932624.7,12,3262053.13,357843.74,1
914442.23,24,1816405.91,554466.9,1
530106.88,12,1300191.55,1026353.72,0
727661.17,60,1518903.43,195668.03,0
441687.81,36,855158.83,568493.5,0
633734.23,60,2718806.73,1417868.74,0
347170.18,24,1123142.12,14209.21,0
308147.43,36,1142991.38,1573552.99,1
582447.49,24,1548948.84,1203336.55,0
503148.38,36,1729790.32,1279907.42,0
583741.01,12,1401849.14,562690.65,1
293793.98,12,757438.18,133536.46,0
373288.25,24,1412087.04,1191681.74,1
93058.98,36,188558.47,92648.81,0
61753.61,48,226035.29,68504.31,0
260922.56,24,1169669.36,662661.35,0
83504.39,24,160452.12,102121.43,0
112736.96,60,523225.14,87647.7,0
814799.12,6,1448761.63,469331.44,0
48484.96,24,131936.41,101089.08,0
662353.37,48,2408835.21,3421926.53,0
279832.17,12,967646.12,268190.85,0
872830.22,36,1603710.97,45751.31,0
490142.36,6,2105747.69,559903.22,1
312520.69,36,1533237.92,454980.87,0
522462.55,12,1115091.3,89060.61,1
388138.44,24,1798229.24,2074.8,0
568658.05,60,1961206.68,902791.26,0
123387.54,48,589270.29,726237.44,1
997020.6,6,2109995.55,30086.57,0
431300.32,48,1842547.26,1267590.42,0
354748.33,48,606348.44,283484.72,1
713107.75,48,3274011.43,448325.71,0
370260.41,48,1429041.52,989178.68,0
834941.56,12,2334406.21,473578.13,1
459728.02,48,996062.3,181240.09,0
722362.83,60,3147960.3,2253018.0,0
116378.68,48,420283.52,60338.55,0
847657.99,12,2340769.81,1646002.73,0
738360.81,36,2254529.64,1448261.69,1
219599.61,12,964678.97,1078644.35,1
153833.15,60,413233.56,11371.22,0
323129.43,60,586064.49,38714.53,0
976309.88,24,300386.2,26320.62,1
264263.26,12,754657.41,537798.35,0
461565.94,36,1255162.24,405704.56,0
39720.02,24,87995.68,2289.98,1
403255.25,24,1871499.15,2712193.23,1
575606.82,6,1301601.67,216578.45,0
953593.37,48,3555334.65,668761.41,0
521568.68,24,2390181.08,307552.7,0
820916.25,24,1331688.41,811820.12,1
551656.37,60,2427713.34,1190.34,0
50377.16,36,147962.65,51962.61,1
321858.19,24,1223998.06,85064.11,0
579794.01,36,1625403.79,718265.42,0
951088.03,48,3741872.2,1035727.31,0
860539.06,60,2056716.06,46648.92,0
236072.06,6,372228.25,137270.11,1
227908.73,6,1097894.77,501154.27,1
209161.24,48,325724.12,362727.72,1
923273.91,48,4047953.67,2479005.35,0
854139.49,60,1786844.08,530405.03,0
777134.6,60,2232529.59,1338350.61,1
398807.76,12,1746268.84,808893.7,1
509336.9,24,1131116.3,786581.05,1
469688.43,24,2127677.61,930943.71,0
260864.13,24,845762.28,125597.18,0
509977.77,36,1418522.1,933491.03,0
40191.58,12,153472.84,96139.71,0
140492.27,24,378607.56,294513.01,1
887723.7,36,2410621.92,180472.5,0
754162.97,36,3067439.0,1450852.42,0
428639.72,6,1107781.97,435729.63,0
521978.86,36,1149765.06,617076.25,0
376298.9,48,1628155.57,1276708.22,1
743372.07,60,3210474.27,1367076.65,0
786345.31,36,2548977.61,1398345.94,0
765652.34,48,2559801.38,711037.96,0
725385.61,48,2855312.3,682923.29,0
212459.3,6,697389.16,187065.75,0
344590.28,6,1019863.13,31499.81,0
475146.98,36,167247.2,38097.66,1
337485.06,6,680620.13,94168.64,0
757390.8,6,2707329.71,990726.69,1
336059.99,60,1546050.9,569966.83,0
146849.77,24,573485.45,351078.54,0
405050.05,36,1856438.17,745978.71,0
980115.29,36,2623936.74,972077.43,0
233622.6,36,572836.87,106147.27,1
616037.07,6,2759509.32,1881941.23,1
438643.32,60,1263030.02,91949.5,0
80314.32,6,319963.27,251438.9,0
492997.84,48,994435.82,1491306.15,1
705142.69,12,2923122.09,434930.17,0
518087.78,12,1772605.88,502467.2,0
873385.0,12,2131182.32,26205.33,0
296047.65,24,956460.05,127417.83,1
95386.68,6,68282.35,18318.23,0
937199.96,48,1444789.74,1457540.09,1
384414.39,48,1434301.87,148571.69,0
580641.5,12,1971607.54,1066187.47,0
794083.09,60,1803363.96,1218030.24,1
331070.53,24,1369120.25,626881.4,1
719002.89,24,1842166.97,1904764.58,0
144064.66,12,355697.56,34543.16,1
298380.81,12,57445.9,713.94,0
153263.53,6,592597.1,346931.15,0
813118.25,60,3863093.03,1942299.41,0
230422.74,24,459635.84,175133.54,0
720229.52,48,2079762.44,169701.21,0
943865.41,12,1637100.17,271136.77,0
532494.49,6,2212476.06,1442839.37,0
544628.9,48,1670412.3,641239.84,0
466423.23,24,1853683.44,1427829.86,1
332631.24,12,874048.62,699219.42,0
480898.48,60,2142455.79,1372383.7,0
606779.46,12,2045998.61,422594.65,0
986131.66,60,4736022.91,875652.6,0
938386.91,6,1666435.55,338132.2,0
863531.43,6,2849626.85,2249575.4,0
890239.23,24,3723508.69,998914.55,0
473170.69,60,1703667.28,1680941.9,1
660869.88,12,1044953.9,801703.44,1
896116.06,6,4393823.16,2880928.43,0
399021.26,12,1015079.33,485292.22,1
962144.85,24,2282662.23,308552.98,1
421628.2,60,1349129.95,188811.54,0
605071.84,12,2055763.87,809844.47,0
712706.67,48,2980545.34,2269850.98,1
951086.09,12,2735759.0,1979581.41,1
252170.11,36,766562.16,101917.23,0
748669.67,36,2524783.43,581144.04,0
525607.43,24,1513935.91,713138.08,1
275871.57,24,1296849.71,495324.48,0
778840.77,24,3488725.24,333139.24,0
556700.06,48,1721543.68,508622.76,0
664364.08,60,996999.23,761479.59,0
329672.06,48,1534053.35,1167650.51,1
486461.21,12,941389.03,421309.91,1
621180.71,6,1463373.45,743699.62,0
410861.71,60,835390.53,148302.72,0
206388.81,36,439474.94,260855.7,1
962024.09,36,4146392.5,174135.84,0
516352.86,36,1821824.58,321635.39,0
736581.17,12,3569717.68,3883568.17,0
416936.72,12,70943.94,21890.53,0
361580.45,24,1156956.99,786972.51,0
413092.66,6,2032828.69,1597813.88,1
415104.68,24,1823369.02,974052.45,1
548738.31,12,2222475.14,1324358.15,1
548035.17,48,1184530.45,248987.9,0
502182.28,24,225601.92,93910.44,0
143437.93,60,389645.97,229603.69,0
501114.72,12,263042.63,104643.79,0
177412.86,12,644374.91,45645.66,0
134874.43,48,489968.19,402253.21,0
933319.26,48,3773253.11,662777.62,0
608900.51,48,2323538.36,181603.43,0
662895.16,6,1152972.28,440950.05,0
407775.73,60,1264396.16,75468.35,0
909891.08,12,3479492.3,1752115.51,0
641551.18,48,1626958.03,2326219.55,1
771478.17,6,2002524.66,411241.63,1
374876.84,36,725756.47,560013.68,0
960411.76,60,2847767.28,3846513.82,1
822256.68,36,4073382.73,357111.7,0
855408.98,36,2137340.07,1279859.97,1
180472.32,12,606392.25,171281.4,1
278253.58,6,1141209.86,684989.33,0
292770.33,6,452986.1,290199.13,0
278200.13,36,1294058.6,156713.66,0
856854.08,60,2444540.98,1294319.88,0
41565.95,24,188788.64,130298.89,0
85338.99,36,139641.62,36125.13,1
281175.72,12,565113.27,36315.67,0
207874.24,36,546470.84,11920.71,1
239541.02,60,648944.46,57107.61,0
799963.76,60,3573661.93,12024.43,0
567495.33,36,873491.03,228467.48,0
15712.95,6,58827.58,14087.02,0
435029.54,36,852481.07,75251.07,0
413806.08,48,1812989.86,944376.09,0
122805.82,48,518855.38,411724.76,0
679380.37,24,2207798.42,1591251.13,1
705076.22,12,1582476.8,320104.17,1
723684.29,12,2692636.65,1658624.61,0
731186.24,6,1496668.12,1121738.7,0
10052.3,12,21764.07,15780.94,1
954381.6,24,3524926.99,2494377.99,1
816066.68,48,4055279.79,2551421.49,0
904941.88,6,450201.37,105524.13,0
25486.86,60,91137.84,6092.61,0
934520.21,48,3163237.54,2964846.37,0
811690.64,24,4053864.78,177692.68,0
838846.95,6,2865408.92,2288828.32,1
102354.51,36,304034.64,87150.84,0
741390.25,12,3472260.0,2662084.29,1
960317.52,24,2227595.77,1377760.84,0
681761.87,6,1255356.06,413053.27,1
574855.79,48,2138069.83,202366.45,0
946173.38,6,1736676.37,329542.11,1
448507.75,36,1258521.66,677632.94,0
603300.63,24,1799356.71,1194679.58,0
481574.91,6,1645244.45,1289135.23,0
933517.76,60,4640337.93,490621.76,0
85323.88,24,193978.38,24200.33,1
506108.5,24,1424769.99,48373.19,0
690082.92,48,1354522.66,282135.72,0
793987.47,12,2879512.55,1891419.2,0
587188.46,60,2376267.22,376889.02,0
909828.57,36,2899868.29,2358589.49,1
942571.53,6,2224854.74,794552.94,0
73676.03,12,270620.08,70540.1,0
408346.83,48,1383091.96,684183.96,1
33224.43,12,69743.06,28026.99,0
336122.49,24,981439.57,262839.86,1
541499.54,24,1637055.9,902149.92,1
911686.98,36,4502969.81,1008550.65,0
848088.78,60,3793077.42,1951715.36,0
136224.73,6,554475.21,424615.28,1
102100.07,6,470754.79,274526.11,0
593374.67,48,2417524.36,809192.9,0
536796.79,36,2502496.44,1496611.63,0
273713.87,6,462832.61,299634.8,0
900458.55,60,2788028.34,726761.97,0
928092.75,24,3818307.38,2153929.23,1
408585.32,36,1447019.33,502863.75,1
891399.53,12,273070.8,178811.67,0
390109.41,36,1050066.2,248132.82,0
739448.66,36,1931595.42,1449097.83,0
481182.8,60,1161918.94,534284.66,0
131357.32,60,44712.0,12637.52,0
928654.86,6,3066405.82,1028770.0,0
459555.63,48,2064343.0,574380.51,0
737142.17,48,3020155.74,3595573.28,0
373502.08,60,1652139.38,90527.19,0
28692.07,6,131771.58,33921.03,1
109525.06,6,323813.75,118824.22,1
501257.28,6,1358954.6,393354.24,1
693064.71,60,1179375.63,13133.06,0
341387.97,48,1623887.22,752192.67,0
698533.57,6,1208728.91,140035.09,0
701649.23,60,379586.4,64075.79,1
706896.55,12,1995836.92,192795.51,1
497596.64,12,2398780.4,998723.07,0
915737.29,24,2718464.2,206949.7,1
494304.55,12,2154243.11,441804.67,0
455762.54,36,1134526.0,409980.23,1
207387.01,24,528175.42,70863.77,1
314578.54,12,152491.01,54438.24,1
51911.15,36,259189.22,71066.6,0
637199.94,12,2110089.81,1452749.87,0
256050.39,60,1223173.26,777843.48,0
311113.7,36,1322816.38,1791646.0,1
773106.38,6,3313166.8,1401898.24,1
333948.97,60,1010482.82,465143.1,0
249773.93,36,712579.51,539648.35,1
177367.17,60,385192.95,123136.08,0
777109.82,6,3787473.52,1683706.76,0
138409.2,36,672374.96,203910.08,0
459216.22,36,1889554.0,825146.62,0
511860.81,60,1298531.28,83902.19,0
690516.01,12,1628325.41,1021017.47,0
636950.65,36,3159361.75,2490284.62,0
812613.47,12,1408177.76,74059.34,0
54303.92,36,241786.85,154944.7,1
303476.32,48,832770.28,1139413.92,1
287332.78,24,852241.67,134686.26,1
154556.74,12,681892.25,378243.12,0
296286.47,12,538385.27,19008.12,0
316667.66,6,214968.88,79665.63,0
526665.62,48,2544893.03,2940.81,0
667067.43,6,2632735.5,1167658.27,0
387289.51,48,1604264.33,593040.91,0
722275.53,48,2998359.69,2195956.92,1
342803.69,60,586878.3,338169.56,0
297380.84,60,45064.87,4542.76,0
545776.18,60,1757083.51,498365.05,0
33479.2,36,93357.61,69576.05,0
88991.23,6,261473.41,328221.11,1
423789.85,24,1794777.91,853273.48,0
943483.58,48,1463699.03,654650.04,1
724296.66,48,2760817.33,879261.72,0
97245.3,12,145905.47,68307.28,0
847854.83,36,383261.48,236599.4,0
734977.76,24,2152750.9,219645.48,0
614837.06,60,2731917.69,2119597.98,1
822090.03,48,1650333.55,316025.5,0
410068.75,12,1411118.3,505454.31,1
229286.04,6,888430.28,16145.0,1
516903.16,48,1190616.7,524200.84,0
553353.34,12,1822278.81,556694.29,1
542943.11,6,2546362.73,508775.24,0
569423.05,36,1874996.13,1478283.33,0
949217.87,60,1946495.32,666699.78,0
903223.17,6,3339532.22,1106844.84,0
876959.87,48,3133115.08,1160764.66,0
803402.64,24,1280898.3,1902066.88,1
943993.83,6,1715312.71,539426.2,0
107509.7,24,220258.86,59276.81,0
272472.03,24,538680.41,200442.75,0
500105.39,6,1204318.89,825316.04,0
848069.15,36,170616.77,26313.94,1
510114.05,6,1428833.05,694686.43,1
750554.39,12,3465515.74,104345.54,0
147570.31,60,537507.58,136222.7,0
259889.67,24,1186787.54,448755.34,0
734458.33,60,2456496.97,145973.21,0
173086.67,48,314073.84,136676.88,1
357842.38,24,1117007.16,277308.75,1
272217.6,48,1191527.44,946368.3,0
356363.08,12,776644.58,392031.24,1
711240.81,12,1293924.83,252755.48,0
374168.71,60,992677.66,81537.15,0
559710.69,12,1601411.99,2085262.62,1
108932.56,6,280163.85,296677.58,1
806967.52,24,1592423.5,866354.22,0
376189.74,48,894556.45,611871.08,0
652048.82,60,2535158.26,317874.6,0
728135.71,60,2075732.73,2468833.95,1
217564.31,12,808017.11,228982.57,0
885828.24,12,2991497.98,1542459.65,0
620062.01,48,2121657.06,310063.85,0
434437.89,24,1029584.54,785218.26,0
190511.83,24,633528.16,369248.79,0
942877.93,60,1492181.17,1140112.22,1
757517.52,48,2280963.35,3395381.03,0
215944.32,60,756707.74,355783.18,0
344333.67,36,182962.94,107182.32,0
811577.52,24,1946126.19,1106888.42,0
698720.89,48,1584949.52,27065.99,0
768126.45,48,1341880.69,1071667.96,0
446789.09,60,1214149.63,901442.94,1
719311.5,12,3543601.92,339482.96,0
392628.79,48,1075245.91,467574.36,0
219150.29,60,681969.0,171614.2,1
636350.26,6,2409098.24,1693873.62,0
976253.79,12,3680225.04,2053623.37,1
317494.96,12,1531796.48,273906.24,1
466359.9,24,2099307.19,56867.96,0
677261.36,36,2897884.47,4183264.92,1
546091.22,24,2638000.28,80484.91,0
844993.52,6,1949973.67,220441.74,1
764125.28,60,2796461.4,1423148.38,0
67714.23,12,311836.81,294767.19,1
998437.02,12,3678724.78,4254829.35,1
754878.43,48,3714735.36,1783928.46,0
865264.28,36,1601807.09,199758.21,0
654685.73,36,1988710.53,504011.11,0
857722.28,48,4220654.22,2407068.97,0
121259.15,6,342980.06,100120.3,1
354260.46,36,237620.78,66307.84,0
877656.73,12,1409876.68,218804.56,1
209638.66,6,824284.52,392243.95,0
87459.68,24,417287.06,270247.99,0
790237.75,24,2243857.96,842694.37,0
837131.29,6,1318104.6,121834.26,0
171025.7,12,273245.08,395883.38,0
855802.52,24,3955589.06,225934.08,0
689900.12,60,2779474.0,1048923.18,0
524881.86,12,983314.91,205376.99,1
831947.69,48,1406878.43,1053828.65,0
425056.76,36,1834922.75,1082667.83,0
202054.02,6,875805.62,396851.34,0
292004.15,36,561181.3,299785.49,1
510112.38,48,1303501.09,555528.45,0
536017.48,24,2267402.84,267736.64,0
807525.02,60,2696279.41,1529542.54,0
793439.2,12,3846630.54,1516107.74,1
585552.89,12,1864236.01,946001.75,1
782977.63,48,3029616.67,3486501.69,1
199855.72,6,656374.51,74582.41,1
59563.88,36,285929.21,134814.59,0
874897.48,60,2533096.64,931022.25,0
84798.95,24,195401.17,35465.1,0
254221.55,6,671963.11,129425.97,0
698365.76,60,216503.07,109404.77,0
415353.46,60,1346901.96,63538.24,0
877550.83,48,2404386.66,835299.98,0
305000.0,48,1038497.57,434593.37,0
21752.63,12,42772.28,10543.97,0
307649.08,24,467244.37,306717.83,1
582294.3,6,1445281.47,65638.42,0
382178.99,12,1382540.15,957583.57,1
539524.03,24,2153177.11,1245850.66,0
877832.14,36,3856438.07,1376761.9,0
913360.2,36,4332361.95,3204101.88,1
273314.32,12,804198.2,451791.02,1
467519.07,6,261078.77,262201.63,1
553652.58,24,975178.88,1018128.17,1
949621.33,36,1615642.99,585474.25,0
998631.15,36,1934141.79,821225.2,1
243053.18,6,746171.28,39055.62,0
729710.07,12,1634174.78,1187710.71,1
384250.75,48,962255.06,514011.29,0
18027.11,60,6908.39,3413.22,1
19160.0,24,52782.5,39120.85,0
465960.35,36,1607936.19,1278164.14,0
493451.56,60,1452431.81,189854.21,0
32344.0,60,67644.0,40532.12,0
690058.14,48,1213860.55,563178.05,0
301063.35,60,700517.28,258349.2,0
564294.17,6,960401.39,751120.4,0
307909.88,12,1128533.39,1087222.8,0
175462.97,24,751860.86,419087.23,0
413102.0,6,1110869.57,340082.65,0
239950.63,12,685032.34,365007.59,1
539452.97,6,2350217.88,999677.63,1
206840.24,36,471418.94,94045.61,0
513321.92,36,984069.4,354565.18,0
165804.73,48,539514.23,91593.1,0
674264.96,6,2536359.3,1015396.53,1
756398.31,60,2722119.04,1568459.02,0
119290.29,36,476988.86,13983.87,1
473124.39,12,803662.87,492085.8,0
80162.98,48,240385.18,3845.01,0
602200.62,60,1406136.54,1936651.17,1
271760.25,24,1129686.82,518279.26,0
532348.21,6,2424610.1,1476574.86,1
522286.4,36,1297712.01,1578957.38,1
925110.8,60,1695971.66,2450950.12,1
553592.39,12,1321423.85,70164.98,0
587168.49,6,1094499.51,607228.46,1
407636.59,12,1071463.64,438002.34,0
949588.81,48,416110.78,597597.33,1
779414.05,36,3825273.23,718765.11,0
292551.24,36,847753.78,81220.38,0
845767.49,48,1920010.38,453341.33,0
438072.4,12,912857.94,334828.72,0
830380.47,6,182437.51,69707.06,1
824659.19,12,1792884.86,835827.05,0
196981.48,6,821005.92,238071.07,1
704129.72,60,1206594.57,1646216.8,0
297736.54,48,49997.47,19833.78,1
304517.74,24,1013862.08,343679.0,1
303384.6,6,1033009.89,39806.39,1
728312.57,36,2003932.79,960308.77,0
237527.78,60,80562.73,38855.01,0
10896.78,36,34325.92,16017.56,0
718084.48,60,1904155.03,1352097.71,0
179472.9,36,435757.4,579403.82,0
113437.57,12,537669.04,373101.72,1
245140.96,12,617378.51,29348.97,1
386101.52,12,1168874.63,297479.93,0
481147.26,60,1311701.21,334443.87,0
54124.34,60,97511.81,51255.72,1
970867.6,36,2088113.28,749407.23,0
718902.42,6,1555170.63,967282.05,0
329962.12,60,1296016.41,398582.66,0
325510.28,36,951482.48,168684.58,0
454057.12,6,1923788.47,447782.65,0
629982.37,12,2508166.6,2269960.88,1
154909.34,60,336490.07,53271.14,0
197040.52,24,683771.83,118614.67,0
860840.24,12,3529600.76,45446.32,0
263692.37,48,979788.62,561291.93,0
386393.05,6,1391037.31,444689.41,1
872559.13,24,3567578.51,64705.41,0
666516.35,12,274055.84,81122.18,0
348294.76,60,1414068.65,1024202.15,0
686862.55,24,1685762.24,689469.09,0
29486.38,36,103248.12,81504.23,0
738286.23,6,1733545.89,748835.56,1
492145.88,48,2183090.96,1681502.23,1
815050.33,36,2593455.71,2582944.75,1
955091.28,24,3581873.33,830807.82,0
926530.66,12,229432.5,128476.71,0
910172.39,6,4217377.87,3329439.72,1
517048.26,60,2100362.41,1386738.93,1
366540.69,48,740665.11,328088.14,1
470384.97,12,2112434.6,143903.46,1
692997.04,48,2539849.89,740374.59,0
885157.8,60,3215843.93,222345.25,0
214916.44,6,1015413.98,252863.56,0
919011.23,24,2178893.32,451104.3,0
817028.43,48,1910667.28,593919.91,0
979067.46,6,3227180.08,2161633.87,0
881449.26,48,3638640.82,4528859.78,1
287137.96,12,164218.42,40209.07,1
114896.35,48,427255.85,89251.1,0
121118.66,12,373510.15,88489.53,1
298311.09,12,1084765.06,312953.4,0
618041.89,6,2705736.75,528834.62,0
806277.12,36,1718715.49,1296023.23,1
900257.8,60,3541456.52,1190217.56,0
627515.85,48,2670701.24,243809.95,0
15575.0,24,47735.66,17859.19,0
194453.61,12,511669.19,75494.5,1
108728.94,36,168247.72,29090.79,0
369691.23,12,1585926.42,361643.77,1
506337.48,36,1340672.94,133809.73,0
52963.21,36,145679.71,84041.92,0
354993.2,24,949969.46,601859.97,0
187387.88,36,608183.79,191838.16,0
650599.46,24,2575559.64,1419633.1,1
469629.65,6,1973158.82,613974.87,0
500364.47,12,1438046.25,188760.62,1
433414.87,24,1656016.29,526173.42,1
956459.51,60,3847257.83,1714299.29,0
222587.77,12,565197.24,18535.9,0
521497.62,60,958603.96,1006868.55,1
738657.19,48,3420965.22,2032348.83,1
561275.97,60,2172085.19,1494342.93,1
929730.68,6,3503584.48,288052.27,0
384188.67,48,655486.88,49.08,0
469039.05,48,2046208.98,119934.64,0
97637.09,36,24700.66,18261.04,1
612909.12,60,2738230.0,1677014.11,0
295329.85,36,1450354.3,969342.15,1
168705.95,60,818198.74,1011332.91,1
549085.98,48,2468862.27,1040319.06,0
536987.16,36,826055.84,197265.83,1
85112.92,12,391523.28,263965.95,0
701233.3,60,1236076.63,820527.03,0
627534.47,60,2810839.15,881864.46,0
197127.11,36,488995.33,128808.05,0
474740.51,60,1725795.3,1019424.9,0
723119.69,48,1181027.14,24724.23,0
534141.38,36,2242932.26,2433459.31,1
401534.19,36,49173.4,17554.82,1
329115.07,24,966745.44,341334.03,0
614289.93,24,2678955.86,1433944.02,1
939717.61,48,3696587.35,1909655.13,0
675027.39,12,1026817.54,1162651.69,1
83998.44,60,244486.97,184495.46,0
466078.12,6,767512.42,978214.56,0
891915.89,60,3440342.13,1447665.73,0
103517.8,6,506338.66,227399.04,1
988986.96,48,3751637.39,1663680.0,0
949578.7,12,2170075.54,843356.3,1
87491.74,12,240017.46,345603.15,1
934079.19,12,4594060.14,899525.98,0
369501.26,24,844008.66,744541.59,1
846262.08,48,2932595.78,2180789.15,0
424199.5,6,1230852.32,209774.96,0
446446.56,12,1870210.87,1120862.79,0
637900.66,48,2893429.65,471914.46,0
776732.65,60,268765.65,206452.01,0
43451.26,6,165609.58,104813.88,0
597224.44,24,2043503.12,2052171.93,1
194865.66,36,482205.93,366856.42,0
352490.02,6,864232.5,58369.84,1
354488.98,60,1200019.91,416060.2,0
474369.74,6,967244.67,501497.28,1
340795.05,6,1478312.57,949024.76,0
116287.51,36,202516.67,39121.64,1
154172.45,12,282291.41,206548.08,1
43103.61,60,116284.58,20556.91,0
475546.59,36,909873.35,630488.66,1
954903.22,6,319086.88,384375.24,1
124518.47,60,360962.31,148838.38,0
946801.85,24,3812140.75,1140609.64,0
736027.9,6,3559073.61,294706.19,1
641123.81,24,2652620.94,736558.7,0
648824.98,48,1380745.18,471371.73,1
828460.37,24,3955338.64,1515752.4,0
115850.67,6,332777.23,196763.27,1
509706.78,36,1610501.53,1943771.29,1
700120.23,6,2083219.53,677617.75,1
590952.24,6,1466692.98,1063174.77,0
834451.28,48,3865724.9,2327374.5,0
81548.99,12,217151.59,3970.53,1
693794.03,6,2445684.76,1588890.48,1
538687.45,48,1260591.95,998332.27,0
385369.26,36,1653547.74,1243160.66,1
346872.23,48,1460226.4,976547.9,0
624624.31,48,1584729.64,797656.23,0
892085.42,24,3466143.71,771403.1,0
501214.17,12,1986591.12,1040068.83,0
826475.93,12,424435.45,236187.28,0
408134.82,60,1470140.12,331143.96,0
111370.52,36,390976.37,79862.28,0
70890.68,60,126648.0,40215.69,0
60821.03,48,233913.35,119978.27,0
386348.64,36,1214762.24,284800.78,0
343865.37,36,1043494.02,463867.75,0
720757.65,12,3250615.03,2751709.89,1
745393.29,12,1178685.56,278264.39,0
60345.43,12,143598.12,110969.61,1
228912.03,6,440635.57,444524.52,0
281519.23,48,457100.99,36900.24,0
552135.86,36,1360942.84,59924.38,0
153070.07,48,759176.57,205691.0,0
142601.81,36,348775.81,72199.09,1
944351.0,36,252700.31,170565.3,0
806160.88,60,1543029.1,910558.04,0
188848.35,36,681075.29,481954.1,1
412502.13,36,2040105.68,961711.53,0
362065.78,24,912924.0,318031.5,0
793094.03,24,3543754.02,767060.95,0
515110.79,60,2571175.42,1199420.08,0
136571.24,6,486185.33,240379.66,0
741602.14,12,1915487.02,602148.77,1
402919.1,36,1554203.78,2016047.24,1
270295.01,48,1204696.41,616760.8,0
381743.64,24,801556.99,537031.13,1
502779.0,12,1550472.48,769519.02,1
349684.36,6,915178.87,231750.22,1
249486.71,12,621660.13,366341.41,1
404517.01,36,1825534.46,336270.06,0
28981.18,12,86241.88,41162.17,1
774772.87,36,2081634.33,670063.67,0
179235.44,60,647449.83,77634.35,0
53465.57,24,22545.94,7453.52,0
657161.71,24,1514512.76,375939.42,0
776196.77,36,2577757.67,231425.07,0
815690.84,48,2391976.32,1576462.09,0
498574.09,24,1262608.14,503611.52,0
213314.5,48,360251.71,99820.35,1
739855.4,36,2458324.81,2650861.6,1
702715.95,60,3062529.02,1848746.16,0
253808.03,36,1137014.34,16641.7,0
904373.68,60,2101800.54,919330.52,0
113327.74,24,407837.55,156332.55,0
982861.36,48,4418536.38,3156850.5,0
861645.33,36,2525086.75,1123101.34,0
691019.66,24,3290966.52,361539.9,0
939362.39,60,4377827.83,3702170.09,1
725088.06,36,1615836.0,802837.0,0
198552.43,60,477791.98,17557.44,0
447734.58,12,954367.3,675424.14,0
80787.99,60,176617.91,9577.26,0
395760.85,12,1851178.22,45303.7,1
744186.99,24,3541573.0,5710.64,0
392578.92,36,660176.55,361113.66,0
336991.23,24,1205623.78,439734.48,0
599402.17,6,432875.54,35605.81,0
873482.48,60,2504201.56,1715294.97,0
57107.36,24,211922.08,34368.72,0
391615.73,24,1885938.09,2386857.29,1
166658.33,12,43922.36,6244.76,0
698400.71,60,1341933.79,994916.47,0
114667.31,12,185401.79,112437.55,0
668159.68,36,1853085.13,1073237.82,0
293319.06,24,786593.63,27685.6,0
206927.65,60,622411.24,260268.33,0
936989.03,24,3056069.47,1406898.1,1
28339.33,36,117675.78,36010.75,0
443399.5,48,1273619.33,327835.98,0
31410.72,36,83462.87,56884.48,1
488757.12,12,2147635.87,39545.01,1
506036.9,12,2264155.0,1132720.25,0
328445.85,24,760247.33,239780.13,1
140840.16,12,76297.74,40648.43,1
382623.66,60,1678917.15,2176704.44,1
675540.31,36,1201062.61,229315.86,1
784571.85,24,2071633.51,972596.81,1
535443.1,36,1643395.55,2026500.14,1
593936.05,36,1279784.09,997907.63,1
208610.21,24,444277.1,88493.24,0
294457.03,48,879548.21,72018.13,0
170276.65,12,705085.99,332994.2,0
256802.4,6,1140412.06,383162.58,0
232637.91,6,1146282.08,698486.26,1
524254.3,6,922134.05,389497.42,0
567061.87,12,1280645.55,523104.58,1
945497.95,48,3922118.8,2028393.92,0
203614.94,36,690681.32,763915.57,0
645258.95,24,98011.34,53095.62,1
819086.68,48,1818015.16,710508.98,1
564639.05,6,1401248.6,919383.94,1
262453.62,60,788019.97,87443.0,0
269924.73,12,572248.33,137681.6,1
48860.52,12,238184.82,181067.41,0
312389.78,24,586218.03,601151.11,1
747157.64,60,3698072.44,2749297.93,1
57042.58,36,253647.05,139817.38,1
227102.33,48,676999.01,987995.5,0
709170.17,60,2900050.12,737369.72,0
784825.05,48,3021814.52,218860.98,0
460765.23,48,1035111.03,664327.44,0
701093.6,36,1883659.94,1212276.45,0
394072.65,36,1298835.46,643003.35,0
168314.11,36,628224.78,291280.29,0
404168.0,24,1374224.73,1005831.55,1
584168.14,12,1843316.93,260274.09,1
948572.75,6,2894126.72,2984362.38,1
78063.44,36,253232.0,10082.81,0
512320.15,12,1547324.85,174371.05,0
335630.58,36,1139350.12,398565.04,0
513228.58,6,2364930.89,1553678.94,1
33735.69,60,125324.8,73503.77,1
319895.1,36,1288912.72,1004387.19,0
821669.47,12,2950771.98,105870.51,0
558402.32,24,2094322.46,638939.61,1
456076.67,60,1607316.53,204181.66,0
292669.82,60,466525.3,13794.7,0
305062.1,60,1524881.69,322539.99,0
389270.42,6,629696.42,123154.44,0
837215.0,12,2413705.94,811058.72,0
967541.07,48,1807274.68,202532.18,0
444268.83,48,817121.26,319375.16,1
399419.31,48,1708453.92,1257556.48,0
848085.27,24,2536402.73,1518166.76,0
432636.27,36,1862060.22,1254547.92,0
556497.99,36,1366064.91,1841431.69,1
238632.25,36,572149.4,178339.58,1
746067.51,24,1775125.77,1006796.0,0
536668.44,48,1962333.35,1184081.74,0
810944.2,60,3529632.9,580689.86,0
782925.4,36,2413691.31,1661126.24,0
222854.72,60,630093.0,230738.75,0
718479.2,60,3525957.11,46146.99,0
802053.86,24,1530831.38,787930.07,1
352646.17,24,1129601.29,611577.97,1
180883.02,12,529934.27,233918.2,1
12605.83,36,23238.13,3948.91,0
456394.62,48,1113010.14,429424.27,0
358908.4,6,574089.87,183767.29,1
559360.74,24,2555909.41,2741118.66,1
196160.68,60,711567.64,934581.68,1
861068.89,12,3747858.09,2284393.28,0
265177.66,6,881832.55,127741.35,0
234165.31,24,842593.38,223145.7,0
485906.92,12,1920785.52,583476.0,0
503862.51,60,2357089.33,928933.68,0
222934.38,36,405992.85,9816.75,0
279142.12,12,742048.91,352033.48,1
178008.19,24,708755.93,202906.36,0
721275.58,36,3501235.37,1573251.11,0
772388.14,60,509156.32,3657.12,1
467705.21,48,1746112.17,2150878.77,1
716946.15,12,1561218.12,960044.3,0
738576.04,6,1416021.02,567633.61,1
146892.77,60,706723.56,1037286.81,1
966516.24,36,2917667.92,1631467.45,0
822821.63,60,1795278.41,1227856.36,1
212438.63,36,1013039.91,6032.52,0
194303.39,60,362538.06,75792.35,0
134404.53,48,544808.61,239193.52,0
146994.78,12,542178.57,408159.87,0
750680.18,6,1356532.63,737726.05,1
474957.71,48,1275556.3,465923.76,1
785104.83,12,1589646.82,165503.0,1
748792.35,6,2707442.25,1068281.67,0
608566.59,60,1929092.56,680718.08,0
689502.94,6,1044571.4,650511.67,0
28172.17,24,138465.85,45787.74,0
318659.87,6,231971.89,59169.18,1
641443.96,12,1541848.71,110667.34,1
19251.5,48,43865.51,1631.83,0
42647.17,48,8901.27,3127.08,1
853369.1,24,4264268.13,1183289.99,0
687184.61,12,1740558.31,2249022.96,1
272716.04,6,796139.18,453435.3,0
691083.21,24,3144252.87,100633.23,0
794532.1,60,240062.11,95298.34,0
313726.34,36,875431.53,603677.9,1
45677.0,60,212130.82,77243.89,0
933451.33,12,3849585.68,1605253.24,0
351728.04,24,808148.56,314720.1,1
115416.95,48,433169.79,135077.21,0
496938.3,24,2349720.45,207000.08,0
770783.12,36,2495497.51,252257.3,0
229430.84,12,933242.84,1241025.16,1
276795.15,24,1355981.55,859762.42,0
250287.84,60,980239.68,215913.32,0
991756.32,6,1843214.24,2620590.72,1
205429.7,60,483983.83,313687.41,1
579765.01,12,2077203.84,1137544.4,1
926012.0,24,2282105.97,1315211.68,0
155427.6,60,44397.84,1691.81,1
971145.66,24,2834514.03,1288886.11,1
948002.46,60,2939098.11,2212686.87,0
885726.27,12,3503585.32,4895679.43,1
222410.96,48,741712.54,172680.48,0
637714.51,60,1809521.86,74568.94,0
763282.56,6,1349661.08,615166.43,0
986167.65,60,3537935.18,328888.23,0
188619.58,12,855678.4,328067.21,1
768365.64,60,2996755.5,1726009.95,0
345413.16,6,979326.63,128831.23,1
183870.2,6,28524.27,33306.37,0
427163.17,12,209403.3,10085.61,1
795897.55,24,3817219.57,456919.6,0
470201.31,60,1344284.61,301238.44,0
542147.87,48,2195833.14,1398480.57,0
995207.82,6,2923594.19,1988364.22,1
405118.21,6,1319848.51,1245423.14,1
619246.75,60,2741818.61,210097.5,0
371591.76,24,665886.93,451713.07,0
398857.79,60,1338636.03,695413.32,1
698684.35,12,1572857.92,198627.34,1
938508.11,48,2523949.39,1126119.15,0
546935.36,60,2054016.23,1433492.07,0
770715.93,6,1229522.69,68376.16,0
98314.49,6,351807.38,23563.0,1
219046.46,12,545874.26,784072.85,1
507110.32,24,1948923.98,1016967.75,0
29811.61,60,59490.1,8471.8,0
260326.43,36,1060918.87,692879.5,0
522227.28,24,181641.51,109047.42,1
24811.59,6,121560.57,54556.86,0
271900.82,60,1275030.98,118391.94,0
518890.51,6,1292846.85,1022093.51,1
577417.76,48,921332.4,361187.09,0
926494.18,24,3514924.32,1271202.32,1
648892.17,36,2342569.43,1865751.75,1
420588.44,48,671259.44,463903.78,1
931047.67,36,1796336.7,655832.09,1
787034.15,48,2791181.96,935164.27,0
208008.83,24,975851.67,74874.66,0
139533.94,6,652007.35,483273.97,1
679053.52,36,1378612.89,930591.11,1
564284.33,24,1605958.18,398280.83,0
791776.88,36,535235.65,322563.53,0
741417.0,24,2329866.94,1421646.46,0
628959.42,48,2601245.41,474281.37,0
986518.35,24,4207406.54,2065518.43,1
538253.83,48,1747421.22,356514.19,0
121974.7,6,223889.91,141478.01,0
829990.83,48,2352836.35,289511.25,0
259334.83,12,1235045.01,660903.21,0
779529.13,6,1795757.56,468350.4,0
957536.03,60,2507921.47,72593.41,0
699827.56,60,2879017.18,284918.24,0
600069.86,24,2440803.81,1278784.25,0
465782.31,24,2185780.38,419519.98,0
370765.77,12,1059802.59,535018.34,0
359474.7,24,1186660.33,393802.41,1
640008.98,6,2006987.27,1112213.68,1
753760.39,6,3578200.52,1411095.21,1
681731.9,48,2858268.06,705528.25,0
206426.0,36,910348.2,106196.98,0
499047.31,24,981049.13,1135064.62,1
793723.67,12,3390361.63,1722016.42,0
480947.04,60,1450260.06,1582586.0,0
541257.05,6,856098.37,109813.23,0
773424.69,6,1322795.39,702957.18,1
664652.65,6,2573985.56,369170.3,0
415251.47,36,1163552.7,206478.8,0
896458.58,36,4068491.66,4354897.11,0
170941.4,24,695723.97,160963.98,0
995561.28,60,1568885.15,830373.81,0
127664.05,12,498414.38,381098.25,1
24800.47,36,53897.22,6419.9,0
891118.71,48,2654677.38,1211617.76,1
252503.97,36,930874.37,935227.28,0
732402.63,6,3335736.89,471083.38,0
812905.22,12,2517033.07,738700.68,1
860396.53,24,3725273.13,368405.18,0
991678.29,36,4205092.61,2159862.45,0
301099.31,6,888509.38,475631.81,1
713140.91,48,2320154.44,1232804.45,0
124245.86,48,490982.06,212939.72,0
412741.2,24,664108.65,396478.64,1
849491.98,24,3922818.0,112592.08,0
373981.47,36,1568611.63,1201573.43,0
595184.43,24,1412346.22,250941.39,0
508735.71,60,2510168.05,244112.78,0
649492.02,60,1382032.14,1040544.21,0
973165.45,6,4573199.67,3038203.07,0
65178.17,6,171787.31,105116.03,0
578221.9,6,2411771.34,202098.16,0
864398.49,60,2677317.07,1729609.4,0
486568.88,36,1984050.71,966666.84,0
87741.91,36,179453.32,105074.74,0
564933.96,24,1380287.67,1140111.14,1
338753.15,36,626524.76,97457.77,1
163392.37,6,739841.29,298530.08,1
850544.17,12,2157852.21,1300497.73,0
526383.52,6,2069038.23,717801.25,0
933943.65,60,4082056.8,178477.59,0
807956.34,12,3761007.54,335298.03,1
696042.08,24,1303018.55,627629.61,1
14975.25,48,69268.8,15793.52,0
433545.22,36,949630.83,104718.18,0
205511.42,36,838313.36,227948.8,0
911689.93,60,3693229.99,593815.04,0
182838.14,6,279698.66,5356.67,1
293199.45,6,666203.01,80911.15,1
521668.4,12,1680648.55,1187314.96,1
270729.98,36,804100.93,7743.35,0
217766.03,60,1026768.39,635652.02,0
603108.33,24,1664032.0,1003026.71,0
98040.23,6,468577.69,211511.35,0
67586.08,36,210057.71,35028.85,0
378522.84,48,1845387.85,1296287.86,0
723457.81,60,2952244.55,1122031.41,0
559258.69,12,2462232.06,341179.14,0
428647.7,6,800314.88,274682.53,0
570094.05,6,2024686.18,315716.97,0
371796.97,24,743389.92,223616.35,0
936784.87,6,2381001.29,946091.38,1
64355.84,60,236989.02,68234.05,0
676657.56,36,2734907.74,1437564.38,0
892369.84,36,1460937.25,1093853.75,0
805845.86,36,2706274.62,753750.19,0
192200.62,48,668588.88,190274.79,0
302967.09,48,538038.65,317788.21,0
719877.46,6,2341335.3,993833.02,0
93427.85,48,373566.4,128160.0,0
813743.08,48,1372211.29,893373.43,0
721717.88,24,3003022.79,2140641.29,1
732310.58,48,2575897.17,1217032.29,1
109238.96,12,482431.5,597786.76,1
720582.94,12,1630837.0,1737974.33,1
683019.94,12,3016528.81,1217158.91,0
832613.27,6,1524484.43,527114.71,1
51180.0,36,149108.01,31304.56,0
32879.56,24,72275.74,86320.13,0
379277.03,6,106806.05,38155.06,1
157300.4,36,624045.19,104586.74,0
562800.63,24,894158.63,646248.25,0
918175.41,24,1407867.5,997154.2,0
397564.93,24,1001614.11,1083794.5,0
846500.87,12,1694263.79,543447.41,1
10238.47,12,37944.44,11241.93,0
176829.5,12,676070.33,387504.79,0
40119.3,24,192445.39,93623.79,0
334865.71,60,1618117.9,777471.12,0
909107.7,24,3460189.79,343559.55,0
105982.6,12,161079.02,79674.04,1
610345.68,24,1682413.42,1213845.15,1
456980.98,12,1506207.16,103405.91,0
939083.53,12,3049325.5,827394.95,1
131293.95,12,474193.34,684663.1,1
219907.57,60,1069175.25,976160.57,1
39246.55,36,180462.48,12940.59,0
439595.9,24,826958.19,577419.38,1
285054.57,6,692948.1,22476.81,0
871206.87,12,3847147.57,2639726.97,1
608891.41,60,2670034.0,59064.9,0
617949.83,6,1522503.27,186991.79,1
536591.59,36,2176983.26,1393833.26,0
100931.83,24,388802.61,486560.49,1
450568.5,60,1422595.19,1117893.32,0
999510.14,12,2204012.15,204029.51,1
836877.0,12,3858213.14,1624928.49,1
894524.46,12,3464027.32,213815.91,0
824994.1,60,1725454.73,215899.42,0
112011.28,6,444327.26,62025.9,0
235173.77,36,963040.83,48836.38,0
13090.43,24,60269.4,43055.49,1
310475.02,36,707863.61,71553.98,0
117521.33,12,582980.94,293514.97,1
478065.41,36,973760.43,487462.18,1
680356.21,6,2450922.78,389491.25,1
875760.24,48,3327992.05,2658163.79,1
751724.99,48,2229868.25,619667.49,0
939199.74,24,2970343.13,2150752.68,0
63359.31,24,292605.04,221978.31,0
22058.04,36,82904.26,62940.17,1
664724.73,24,2153377.99,1296915.11,0
296458.89,60,577864.63,117331.95,0
260966.01,6,398151.06,38431.24,0
337578.22,12,654020.72,298173.27,1
277098.1,12,1342996.39,386825.0,1
516322.04,36,2155285.02,1865144.88,1
445746.96,12,2177432.51,1297732.45,0
517304.27,36,840609.34,185921.47,1
675986.48,24,2623349.01,35709.52,0
393259.2,24,650854.73,123566.47,0
258794.61,60,1096563.91,497502.79,0
174538.53,60,494524.49,31252.95,0
355979.38,6,653285.8,344032.11,0
744388.41,12,2596548.29,1395273.47,1
759137.86,60,1882981.25,255172.46,0
670236.33,6,416046.0,198476.65,0
241687.89,48,919286.88,446384.7,0
592205.38,60,2349590.34,2304297.04,0
574982.76,6,2859750.23,2180835.93,1
489423.54,36,1396541.68,120843.51,0
554479.2,36,1734745.93,564313.78,0
496872.73,6,2144572.74,1514790.26,1
569801.8,24,2008149.68,620621.1,1
718350.9,48,1171199.48,1068568.71,1
118531.91,6,527558.84,282043.03,0
752129.49,60,1263762.11,672891.2,1
144527.29,24,303199.53,5555.09,0
75961.72,6,141082.17,51432.63,1
976318.89,12,1730764.4,461784.34,0
957421.85,60,1522202.19,764383.26,0
69832.18,60,118197.74,52546.21,0
448820.91,36,1368247.22,712431.69,0
194382.49,12,463598.92,242468.68,0
490491.45,12,952965.58,194307.29,1
831875.47,60,3165676.65,624182.2,0
951105.66,48,2179355.6,645581.61,0
637910.13,24,999172.7,193406.63,1
360366.61,36,1068295.73,583552.76,0
607292.31,12,1570770.96,1705228.3,0
318881.29,36,833911.41,144358.08,0
910725.4,60,2785403.64,1970071.0,0
871696.46,24,3348359.35,1233971.18,0
562649.43,6,2057989.83,209179.39,0
331550.93,12,201808.16,34382.55,1
300455.78,24,995112.05,429769.44,0
43083.81,36,135886.11,36789.7,0
817662.64,60,1837247.5,1251124.3,0
455879.38,24,1889088.71,747679.26,0
331881.6,6,661345.51,484260.89,0
476399.25,24,1533512.57,124921.75,0
820550.61,60,2440832.57,1305539.12,0
133368.07,36,507339.22,359514.72,0
859079.43,12,4047703.2,4773457.77,1
898533.75,12,4324718.93,469448.57,0
947240.84,48,1977173.38,722292.66,1
403513.11,36,975033.04,749866.11,1
224969.0,48,976528.25,494874.77,0
